account_id,account_age_days,monthly_txn_count,avg_txn_amount,inward_txn_count,outward_txn_count,inward_amount,outward_amount,unique_senders,unique_receivers,cash_withdrawal_count,rapid_transfer_count,night_txn_ratio,new_beneficiary_count,geo_change_count,failed_login_count,device_change_count,balance_velocity,label
ACC00001,64,183,85684.94,144,39,12751155.46,3277578.15,108,39,13,75,0.522,23,7,4,2,0.6446,1
ACC00002,171,235,19679.4,127,108,2400441.56,2364183.73,101,100,10,79,0.2501,25,5,4,3,0.8495,1
ACC00003,344,19,1963.77,8,11,14793.41,28080.04,4,9,1,2,0.017,2,0,2,1,0.2936,0
ACC00004,18,134,18096.7,106,28,1754448.4,552185.19,82,13,16,42,0.4086,33,5,4,6,0.7032,1
ACC00005,672,89,2570.47,36,53,79407.53,159229.15,23,26,2,2,0.0578,3,1,0,0,0.3571,0
ACC00006,515,110,2530.84,60,50,116079.01,126658.95,20,26,5,3,0.0183,2,0,1,0,0.1194,0
ACC00007,931,61,747.51,22,39,16194.67,21203.57,13,28,2,2,0.0311,1,0,0,2,0.3625,0
ACC00008,39,154,12507.32,119,35,1439644.59,393159.87,80,28,19,61,0.4326,23,3,5,4,0.9919,1
ACC00009,148,51,4231.9,28,23,117624.46,103173.63,3,6,5,4,0.03,3,1,0,0,0.4367,0
ACC00010,436,42,5074.51,25,17,139065.0,66407.76,11,2,3,4,0.0498,1,0,0,0,0.262,0
ACC00011,72,176,27453.0,122,54,4099772.09,1346283.14,68,41,12,64,0.4823,28,5,2,3,0.6901,1
ACC00012,1094,49,4667.33,26,23,122133.82,107958.78,13,5,2,2,0.0289,2,1,2,0,0.2627,0
ACC00013,614,20,7038.65,11,9,76496.42,72412.17,7,6,2,5,0.0698,4,0,1,0,0.3273,0
ACC00014,117,523,13849.43,414,109,6459357.86,1314679.11,325,109,22,196,0.4786,22,8,6,3,0.7146,1
ACC00015,2197,67,2102.25,26,41,60303.17,96608.02,11,24,2,4,0.04,0,1,2,1,0.6124,0
ACC00016,333,44,2395.18,16,28,42535.3,51253.87,5,15,1,4,0.0358,3,0,2,0,0.2346,0
ACC00017,1272,42,744.12,21,21,12879.72,17016.23,11,12,2,2,0.071,3,0,1,1,0.2294,0
ACC00018,2352,30,1562.58,12,18,21025.14,33676.47,4,2,2,4,0.0745,3,0,1,1,0.2928,0
ACC00019,100,399,19713.82,225,174,4875356.71,3145759.54,194,132,13,171,0.2323,28,4,6,2,0.8832,1
ACC00020,435,146,2166.9,70,76,150015.7,203831.37,29,34,4,3,0.0187,1,1,1,0,0.4,0
ACC00021,72,55,20002.81,39,16,874307.92,318306.7,33,16,17,18,0.3567,21,8,5,7,0.8179,1
ACC00022,273,136,7896.67,91,45,698368.71,402913.87,76,38,11,43,0.2659,25,3,5,4,0.9746,1
ACC00023,782,138,1775.81,83,55,117393.77,99368.86,33,33,1,3,0.0488,1,2,2,0,0.1252,0
ACC00024,481,186,5688.05,116,70,745196.92,435397.04,87,56,18,69,0.542,21,6,8,3,0.8716,1
ACC00025,1380,107,2295.51,68,39,181695.0,94481.61,33,16,4,2,0.0383,2,1,0,2,0.4468,0
ACC00026,27,264,9046.37,155,109,1399731.03,995031.56,106,99,23,103,0.4268,30,6,7,4,0.9447,1
ACC00027,1727,55,4435.85,25,30,86652.26,124664.36,11,13,2,3,0.0966,3,1,1,2,0.2536,0
ACC00028,472,88,1149.09,41,47,49586.49,41230.42,21,28,2,3,0.0144,0,0,1,0,0.5907,0
ACC00029,272,65,8895.56,49,16,425623.77,122749.68,29,16,14,31,0.3819,20,5,5,4,0.7919,1
ACC00030,1201,63,3226.05,38,25,151343.86,66115.21,18,8,1,2,0.0351,1,1,0,0,0.1996,0
ACC00031,1233,22,1604.53,10,12,16105.98,19216.17,5,2,1,3,0.0652,1,0,4,0,0.1166,0
ACC00032,715,24,2626.27,13,11,39653.66,28891.76,5,9,0,4,0.0727,1,1,2,0,0.2415,0
ACC00033,742,35,2906.79,14,21,49179.28,54002.91,2,13,1,2,0.0165,1,0,4,1,0.1012,0
ACC00034,921,51,5962.94,24,27,176186.76,152934.63,13,17,2,2,0.0694,2,1,0,1,0.2648,0
ACC00035,1334,27,2384.37,9,18,26106.95,34213.07,9,6,2,3,0.0453,1,0,0,1,0.3326,0
ACC00036,1395,32,3560.31,17,15,46774.59,43692.11,11,2,1,1,0.0437,2,1,2,2,0.2311,0
ACC00037,550,12,604.39,7,5,3800.1,2868.74,2,2,5,3,0.0517,1,0,2,0,0.1548,0
ACC00038,2490,57,5925.96,33,24,224126.17,154975.2,9,15,1,3,0.0933,0,1,0,0,0.2059,0
ACC00039,496,64,2052.75,26,38,61789.5,70660.19,13,22,4,0,0.0416,1,0,0,1,0.1426,0
ACC00040,349,559,16185.54,333,226,6626788.58,4542672.23,293,187,10,212,0.4041,34,8,6,4,0.8238,1
ACC00041,950,90,2315.94,32,58,90827.28,133494.72,15,42,1,2,0.1284,0,0,1,0,0.2267,0
ACC00042,419,36,2029.26,13,23,32489.75,46475.9,2,12,4,1,0.0243,1,0,2,1,0.4689,0
ACC00043,59,216,23579.43,154,62,3687755.42,1704034.7,154,56,11,72,0.5769,27,5,8,4,0.887,1
ACC00044,414,42,5554.9,18,24,119646.24,138076.24,2,9,1,1,0.0368,1,3,4,3,0.2789,0
ACC00045,934,45,4910.42,28,17,117854.91,106033.09,7,13,0,2,0.0591,0,0,0,1,0.1077,0
ACC00046,273,59,2015.81,23,36,51393.58,74620.28,9,19,2,1,0.0151,0,0,1,1,0.2149,0
ACC00047,123,377,14637.2,270,107,4841006.1,1728637.87,226,62,17,154,0.3563,21,6,5,4,0.9199,1
ACC00048,620,85,2652.21,38,47,102213.1,122394.95,24,32,1,2,0.0699,0,0,1,0,0.3107,0
ACC00049,225,567,10307.68,310,257,3093291.17,2782744.02,240,215,14,223,0.5581,28,7,3,3,0.8575,1
ACC00050,302,17,3735.84,10,7,28733.75,24371.18,4,6,1,5,0.0085,0,1,2,0,0.386,0
ACC00051,2654,29,2106.64,16,13,41786.23,24154.22,16,9,4,0,0.0103,2,1,1,0,0.1672,0
ACC00052,32,269,11150.91,214,55,2403462.56,543186.24,166,42,21,113,0.4767,26,8,3,3,0.8215,1
ACC00053,664,29,1806.56,14,15,20964.66,22588.57,14,10,2,3,0.0136,2,1,1,0,0.3688,0
ACC00054,650,16,4151.87,9,7,35843.87,35339.05,9,3,2,0,0.0587,2,0,0,0,0.4567,0
ACC00055,2569,80,860.49,36,44,25330.48,34353.57,3,23,4,1,0.0823,1,1,0,0,0.2512,0
ACC00056,852,19,8515.63,9,10,93044.73,61458.44,5,2,5,3,0.0905,1,0,1,1,0.02,0
ACC00057,1611,18,882.49,11,7,9498.59,4824.14,2,4,4,2,0.0168,3,1,1,0,0.3528,0
ACC00058,1163,65,2582.36,30,35,85704.84,88801.72,17,28,2,3,0.0314,1,1,0,1,0.1925,0
ACC00059,832,63,4464.36,33,30,114471.19,162541.16,11,21,4,1,0.0966,3,0,1,2,0.3075,0
ACC00060,1014,81,782.67,50,31,37393.45,26336.39,27,14,2,4,0.0131,2,0,0,1,0.3774,0
ACC00061,24,175,18132.5,117,58,2068078.79,916575.08,98,58,10,68,0.4625,25,7,10,5,0.9578,1
ACC00062,1879,74,1256.79,37,37,59615.22,55367.11,28,21,3,5,0.0705,2,0,2,0,0.1307,0
ACC00063,93,674,10830.63,343,331,4002606.38,3338696.48,242,292,9,265,0.3385,29,7,5,5,0.8222,1
ACC00064,773,41,5809.75,17,24,86004.08,149546.57,10,16,1,0,0.0877,2,1,3,1,0.1816,0
ACC00065,103,147,5533.48,80,67,389888.72,331146.64,75,38,16,59,0.5241,28,8,3,3,0.845,1
ACC00066,1015,33,1724.46,20,13,33210.21,27225.84,2,2,0,4,0.0588,0,1,1,0,0.2822,0
ACC00067,585,34,2261.06,12,22,30530.09,54316.36,2,20,1,1,0.0401,1,1,0,1,0.4093,0
ACC00068,1457,40,2110.66,15,25,37505.41,40022.96,3,12,2,3,0.0791,4,2,0,0,0.1119,0
ACC00069,1598,33,3824.38,20,13,91472.01,58210.08,2,13,5,2,0.0842,1,1,1,0,0.167,0
ACC00070,476,65,1502.83,40,25,59363.72,34436.86,19,13,1,8,0.0301,1,0,0,1,0.1869,0
ACC00071,2972,40,1002.3,16,24,19107.66,17676.27,2,14,2,1,0.0377,4,2,1,0,0.438,0
ACC00072,65,127,38214.43,73,54,3048732.12,2529849.14,59,48,7,51,0.4253,27,5,5,3,0.8182,1
ACC00073,626,77,4870.97,44,33,253539.79,165043.66,22,23,0,3,0.0651,1,0,0,1,0.1398,0
ACC00074,250,39,1835.3,14,25,25493.65,33455.03,14,11,3,0,0.0574,1,1,0,0,0.1367,0
ACC00075,662,17,2432.12,6,11,18907.94,26691.89,6,6,2,2,0.0119,1,0,1,1,0.2507,0
ACC00076,1652,10,2828.61,3,7,6848.34,21690.83,3,4,1,1,0.0279,1,1,2,0,0.1934,0
ACC00077,437,609,21007.66,345,264,8671074.32,6374194.83,286,247,20,232,0.396,30,9,5,3,0.7736,1
ACC00078,1346,169,1705.63,92,77,120848.71,154516.51,41,50,2,2,0.066,1,0,1,1,0.2439,0
ACC00079,527,14,4233.39,6,8,30397.89,26436.56,6,2,2,1,0.027,2,1,1,2,0.2764,0
ACC00080,214,356,7119.85,266,90,2226629.87,631688.05,256,87,12,121,0.5029,25,3,4,2,0.6487,1
ACC00081,1047,50,4797.92,20,30,88363.28,127686.02,2,7,0,2,0.0683,0,3,1,0,0.1563,0
ACC00082,971,61,3329.04,34,27,84977.07,64174.37,9,12,2,4,0.0296,2,0,2,1,0.1099,0
ACC00083,2117,40,1285.49,15,25,25536.6,35141.63,3,16,1,2,0.0735,0,1,0,4,0.2788,0
ACC00084,52,80,8546.18,47,33,479701.82,240905.65,30,27,14,27,0.2633,22,5,6,1,0.9151,1
ACC00085,571,51,3334.89,24,27,92489.48,88750.8,12,12,1,2,0.0858,1,0,4,1,0.2011,0
ACC00086,380,25,3005.54,13,12,49770.8,38438.44,11,4,0,0,0.1232,1,0,1,1,0.4079,0
ACC00087,761,37,4905.85,20,17,107051.15,83976.84,2,8,1,1,0.0152,0,0,3,2,0.2381,0
ACC00088,863,47,5193.33,20,27,126599.7,119131.05,3,19,2,0,0.1456,0,0,0,4,0.1441,0
ACC00089,894,33,5628.59,21,12,93365.6,57141.64,5,9,2,2,0.0216,2,2,2,0,0.3409,0
ACC00090,1728,45,1457.39,20,25,22931.67,40057.55,10,9,3,4,0.0714,4,0,3,0,0.0859,0
ACC00091,493,22,2294.83,10,12,28848.56,28456.8,4,11,4,2,0.0079,1,1,1,1,0.1798,0
ACC00092,709,28,4205.26,10,18,37064.0,88963.47,7,16,2,0,0.0154,1,0,2,2,0.2238,0
ACC00093,568,78,4097.87,40,38,186536.61,150167.28,24,22,3,2,0.0207,0,0,1,1,0.0714,0
ACC00094,37,189,13233.61,129,60,1782721.95,710311.33,102,60,15,75,0.596,33,5,2,4,0.7062,1
ACC00095,81,252,5096.69,176,76,768276.16,438479.95,149,57,13,95,0.2247,23,5,5,8,0.8914,1
ACC00096,1515,29,1006.24,16,13,19378.31,13737.96,9,5,3,2,0.0765,2,0,3,0,0.2436,0
ACC00097,87,340,21983.48,240,100,6121343.36,2324543.93,212,85,14,139,0.5646,25,5,6,4,0.8396,1
ACC00098,104,394,18846.23,288,106,5527765.45,1906954.12,236,86,13,149,0.457,26,7,7,6,0.8766,1
ACC00099,40,178,46613.68,112,66,6333090.86,3326446.65,108,43,11,78,0.4868,27,12,5,5,0.6128,1
ACC00100,595,24,4877.18,9,15,53874.67,64064.21,4,11,3,4,0.0181,3,0,0,1,0.3453,0
ACC00101,148,219,12261.94,153,66,1730709.66,869600.78,145,66,16,93,0.5682,25,2,2,7,0.7917,1
ACC00102,363,199,17672.07,122,77,2644182.0,1586448.0,112,63,17,75,0.492,28,9,6,3,0.901,1
ACC00103,690,116,628.5,49,67,27713.38,54473.74,29,32,1,2,0.0437,0,0,2,0,0.109,0
ACC00104,728,27,4542.79,17,10,75939.45,47752.04,4,10,0,0,0.049,0,0,0,1,0.1778,0
ACC00105,968,61,4130.33,27,34,88894.09,127372.25,15,14,3,3,0.0242,2,1,2,0,0.3289,0
ACC00106,2149,37,3473.36,13,24,52694.7,107025.83,13,14,3,1,0.1037,3,0,2,0,0.3545,0
ACC00107,2033,28,2778.68,9,19,20318.32,42083.79,2,10,1,0,0.0299,3,2,2,1,0.5396,0
ACC00108,392,66,2125.4,30,36,57686.21,89772.36,18,19,1,4,0.0784,4,0,2,3,0.1055,0
ACC00109,224,31,3569.39,12,19,45314.64,85894.34,10,12,4,1,0.1107,1,0,1,0,0.6185,0
ACC00110,37,121,7245.98,88,33,680506.72,290197.67,84,25,17,53,0.2631,28,10,3,8,0.9765,1
ACC00111,15,200,38526.3,148,52,6868468.1,2062439.76,100,47,9,87,0.2072,35,5,6,3,0.8659,1
ACC00112,181,180,25068.1,106,74,3320114.42,2119766.97,82,53,15,62,0.291,19,7,4,4,0.8558,1
ACC00113,1949,138,1214.79,61,77,71328.63,77983.53,18,39,1,3,0.1417,1,1,0,1,0.204,0
ACC00114,986,152,2514.46,62,90,120231.48,281410.22,27,45,1,4,0.0681,0,1,2,0,0.129,0
ACC00115,726,26,7927.1,9,17,70526.49,170341.32,4,10,1,4,0.0224,0,1,0,0,0.4418,0
ACC00116,236,219,26705.43,114,105,2777662.26,2486154.51,97,95,14,80,0.1506,22,4,8,5,0.9382,1
ACC00117,2824,19,3379.79,6,13,17999.52,40080.64,6,5,3,0,0.0578,0,0,2,0,0.4403,0
ACC00118,1879,85,5154.53,42,43,172382.5,269885.06,23,21,2,2,0.0867,3,4,0,1,0.5278,0
ACC00119,137,463,28584.74,279,184,6823702.22,5927466.61,215,170,12,192,0.3246,37,2,5,4,0.6635,1
ACC00120,86,203,13508.48,129,74,1590997.83,1057108.43,112,74,13,72,0.3884,30,4,5,4,0.7522,1
ACC00121,306,19,1905.14,11,8,24265.03,18336.51,2,2,3,1,0.0379,0,0,0,1,0.3003,0
ACC00122,411,35,10523.1,13,22,156035.98,178784.43,2,17,1,0,0.0579,3,0,2,0,0.2021,0
ACC00123,753,42,3578.16,21,21,94112.94,95897.48,2,8,1,1,0.0323,1,2,1,1,0.0868,0
ACC00124,1093,63,10345.56,37,26,481293.49,288964.82,25,23,2,4,0.0584,1,1,1,1,0.0878,0
ACC00125,937,38,1852.67,24,14,48938.63,20070.96,11,3,2,2,0.0078,0,1,2,0,0.2018,0
ACC00126,85,362,22926.94,272,90,5424353.0,2107064.21,252,90,16,132,0.4238,18,8,5,5,0.7352,1
ACC00127,596,49,1047.85,22,27,29262.74,36307.88,8,26,0,1,0.1168,1,0,1,1,0.307,0
ACC00128,101,291,8630.61,145,146,1103348.51,1334531.25,128,135,19,105,0.4335,25,8,8,4,0.865,1
ACC00129,1205,21,1354.84,8,13,12027.46,15865.31,2,7,3,3,0.0442,3,0,0,1,0.1083,0
ACC00130,48,433,4749.47,242,191,1100490.58,987358.76,214,161,17,155,0.3223,30,5,4,4,0.45,1
ACC00131,537,25,5506.34,9,16,38717.1,85649.69,6,4,2,1,0.0245,3,0,1,0,0.1479,0
ACC00132,445,55,1494.31,30,25,59429.16,33917.66,15,18,2,2,0.0902,1,0,1,0,0.2056,0
ACC00133,1445,53,5855.71,29,24,192442.06,99062.33,13,8,2,2,0.0198,0,0,2,2,0.585,0
ACC00134,2367,122,4818.47,79,43,396539.12,235085.19,37,26,0,2,0.0363,1,0,0,0,0.1483,0
ACC00135,417,37,3621.51,19,18,52258.26,81359.08,12,9,2,2,0.0332,1,0,0,1,0.0573,0
ACC00136,1765,60,1441.12,24,36,30436.47,37520.59,4,24,0,3,0.0301,2,0,1,1,0.4275,0
ACC00137,34,261,13311.46,205,56,2429991.59,759838.1,158,46,11,103,0.3253,34,12,11,4,0.869,1
ACC00138,93,219,21913.5,138,81,2670649.68,2213203.85,113,71,17,91,0.4812,21,7,2,4,0.8536,1
ACC00139,322,28,1625.06,15,13,31753.46,18043.65,2,13,1,0,0.0375,1,1,0,0,0.3275,0
ACC00140,611,39,1701.22,18,21,23958.77,46421.33,11,16,1,2,0.056,1,0,2,0,0.3305,0
ACC00141,801,82,4696.92,51,31,187314.35,112515.78,19,10,3,1,0.0322,2,0,3,0,0.2061,0
ACC00142,512,32,826.34,11,21,9852.91,22506.25,8,17,0,3,0.0258,0,0,2,0,0.2822,0
ACC00143,473,104,1176.89,40,64,47279.15,71557.09,10,41,2,1,0.1144,1,0,1,0,0.1808,0
ACC00144,528,99,4626.24,54,45,199825.97,254556.96,25,21,3,4,0.0499,0,0,1,1,0.2472,0
ACC00145,602,404,32680.24,216,188,8769138.48,5277671.47,184,166,17,132,0.5718,31,8,4,2,0.9684,1
ACC00146,234,37,2928.9,15,22,47101.6,74414.25,2,12,4,1,0.0398,2,0,2,1,0.3989,0
ACC00147,844,46,2481.44,24,22,62539.69,68544.18,13,8,4,2,0.0646,2,0,0,0,0.2537,0
ACC00148,288,257,8933.57,187,70,1699043.82,648812.12,132,70,17,98,0.472,21,9,8,4,0.7458,1
ACC00149,869,24,2911.87,11,13,30166.28,45445.58,7,11,2,2,0.0682,1,0,1,0,0.2986,0
ACC00150,867,40,3449.54,17,23,47056.46,78837.4,2,13,4,3,0.0453,2,0,2,2,0.2981,0
ACC00151,439,204,9748.08,157,47,1417902.54,417651.12,129,47,10,89,0.4282,22,8,2,3,0.8456,1
ACC00152,30,206,20831.97,143,63,3237213.39,1474276.75,127,63,22,69,0.4138,24,6,6,5,0.9345,1
ACC00153,905,51,1500.29,19,32,35200.38,43763.08,8,12,3,1,0.0054,3,1,2,1,0.2627,0
ACC00154,35,249,14339.6,160,89,2703900.5,1413184.04,155,77,13,86,0.3004,25,2,6,4,0.7294,1
ACC00155,129,335,10084.81,223,112,2249282.0,1173008.9,186,112,11,141,0.3801,24,5,5,3,0.871,1
ACC00156,614,27,5872.71,13,14,88375.02,102630.5,6,14,2,2,0.0221,1,0,1,1,0.383,0
ACC00157,465,127,15496.53,88,39,1373329.76,692076.82,80,39,9,54,0.2713,20,10,6,5,0.9668,1
ACC00158,754,22,3052.24,10,12,39280.64,28613.72,6,9,1,1,0.065,2,1,2,0,0.3063,0
ACC00159,787,31,2787.97,16,15,41694.02,33834.93,13,10,1,2,0.0432,1,1,2,1,0.3375,0
ACC00160,799,86,1582.1,47,39,72817.97,73864.84,12,19,1,2,0.0477,2,0,0,0,0.3153,0
ACC00161,145,183,10249.18,104,79,1272830.64,941061.58,104,79,22,75,0.4849,23,7,6,2,0.8817,1
ACC00162,106,397,10586.54,254,143,2341848.06,1486932.41,220,114,17,160,0.4316,29,4,3,5,0.8051,1
ACC00163,37,223,21879.01,155,68,2930856.18,1422647.03,142,42,22,79,0.3449,19,3,2,7,0.9121,1
ACC00164,183,763,21985.25,603,160,12041498.36,3336471.78,510,145,4,305,0.6073,27,5,3,4,0.6966,1
ACC00165,2150,37,4328.41,20,17,107889.71,63767.82,2,8,3,3,0.0653,0,0,0,0,0.2528,0
ACC00166,572,50,1985.75,31,19,52791.17,31041.5,5,19,1,0,0.0734,2,0,1,0,0.2878,0
ACC00167,100,176,11706.26,115,61,1285592.67,847920.79,99,54,11,81,0.4432,19,6,4,1,0.8562,1
ACC00168,1752,17,1189.38,7,10,9704.65,14829.48,5,5,1,2,0.0234,2,1,1,1,0.3112,0
ACC00169,3451,49,13466.92,19,30,297749.14,391667.99,7,28,3,0,0.0377,1,0,0,0,0.2764,0
ACC00170,341,17,5058.7,8,9,32971.46,51558.24,8,3,3,1,0.0444,0,0,1,0,0.2665,0
ACC00171,124,286,9358.28,148,138,1523732.33,1439192.71,130,129,11,122,0.2532,24,8,4,3,0.9686,1
ACC00172,5000,101,5973.96,59,42,291180.04,238152.63,19,20,0,0,0.0176,1,0,3,1,0.3339,0
ACC00173,272,38,7288.72,23,15,136748.13,90200.73,6,11,1,2,0.0357,1,1,3,0,0.2453,0
ACC00174,1438,35,1647.84,18,17,25524.8,24704.11,2,2,3,0,0.0081,3,0,1,0,0.4377,0
ACC00175,513,31,1572.02,14,17,23110.71,32667.34,14,9,2,2,0.0344,3,0,1,2,0.2704,0
ACC00176,193,36,5338.42,19,17,109412.63,73311.13,2,4,4,0,0.0771,2,0,2,1,0.297,0
ACC00177,1915,53,952.66,29,24,21494.54,28315.48,9,15,1,1,0.0458,1,1,4,1,0.3862,0
ACC00178,161,205,8493.05,137,68,1454291.62,668160.12,119,57,10,71,0.3704,32,4,2,3,0.8116,1
ACC00179,140,294,6738.41,205,89,1500248.71,727594.15,174,71,14,110,0.303,31,2,1,9,0.9429,1
ACC00180,540,102,2133.67,36,66,71444.68,180533.65,16,30,1,2,0.0448,1,1,1,0,0.345,0
ACC00181,2069,32,6202.16,20,12,152078.91,90913.32,9,12,0,1,0.0709,1,1,1,1,0.2829,0
ACC00182,83,133,10235.95,101,32,1042997.39,310355.45,82,29,14,50,0.4739,28,4,5,3,0.771,1
ACC00183,352,58,2714.04,34,24,101530.29,64430.77,18,11,1,2,0.1007,0,0,1,1,0.3601,0
ACC00184,1028,47,1497.66,21,26,26396.58,39468.05,17,19,4,1,0.0411,1,0,1,1,0.2799,0
ACC00185,872,30,1125.46,13,17,11875.43,18168.47,2,2,2,1,0.1293,1,0,2,2,0.1495,0
ACC00186,719,92,1659.56,59,33,90882.36,49035.18,25,19,1,2,0.0444,0,0,1,1,0.2949,0
ACC00187,1624,24,1606.19,13,11,22436.41,21156.96,9,2,2,2,0.0497,2,1,0,1,0.4462,0
ACC00188,1802,69,1755.59,28,41,42753.41,78671.42,12,26,1,5,0.0937,4,1,1,0,0.1857,0
ACC00189,118,131,13421.06,75,56,1199806.77,681286.99,62,34,13,44,0.6716,30,5,7,7,0.9687,1
ACC00190,481,39,1139.52,15,24,13105.91,30994.83,2,14,2,1,0.1222,1,0,0,0,0.2156,0
ACC00191,216,55,1565.78,26,29,53586.64,36116.29,19,20,3,2,0.0052,4,0,2,0,0.195,0
ACC00192,270,29,2346.19,14,15,36426.66,37935.07,14,5,3,4,0.0655,0,0,1,0,0.2078,0
ACC00193,913,84,10741.04,53,31,561958.42,354175.83,25,17,2,1,0.0362,3,0,1,1,0.2295,0
ACC00194,768,54,5716.96,24,30,166421.12,131848.53,6,13,0,0,0.047,3,1,1,3,0.3809,0
ACC00195,141,273,12975.93,155,118,1743679.44,1563173.73,113,114,17,100,0.617,27,5,4,7,0.9433,1
ACC00196,988,54,863.22,25,29,27766.96,30985.69,13,13,1,3,0.1452,3,3,0,1,0.5226,0
ACC00197,38,193,13189.88,99,94,1599102.99,1258048.1,70,91,12,77,0.5739,25,10,9,3,0.8971,1
ACC00198,1022,73,4344.59,39,34,150183.03,137927.96,17,20,3,4,0.0252,1,1,4,3,0.2412,0
ACC00199,3003,47,4849.04,20,27,99192.11,111139.78,17,9,2,0,0.1638,3,2,1,0,0.3802,0
ACC00200,31,235,38616.21,169,66,7513369.36,2565021.23,147,47,14,84,0.2282,31,5,6,1,0.8586,1
ACC00201,339,13,5640.82,7,6,44912.15,38796.39,2,6,2,1,0.1124,0,0,1,0,0.1771,0
ACC00202,71,57,2869.58,26,31,91476.38,76177.29,15,15,0,4,0.041,2,0,1,1,0.2114,0
ACC00203,726,29,2979.73,18,11,50916.92,34445.84,9,8,6,3,0.0821,3,1,2,0,0.2196,0
ACC00204,598,101,531.48,56,45,24144.53,22007.88,20,24,3,2,0.0102,0,0,2,1,0.2741,0
ACC00205,161,214,17422.81,156,58,2517049.65,985814.23,141,58,14,93,0.361,14,5,3,6,0.8088,1
ACC00206,1710,63,1601.13,39,24,68768.08,41540.55,16,9,0,2,0.0082,2,1,2,0,0.2085,0
ACC00207,1515,33,1425.85,17,16,30284.79,27531.76,7,11,6,1,0.0953,2,0,0,0,0.135,0
ACC00208,991,42,5391.09,15,27,87865.9,185496.32,9,14,2,2,0.1248,2,1,2,2,0.5888,0
ACC00209,2067,51,994.4,27,24,21383.05,17193.55,6,8,2,2,0.0623,0,3,2,2,0.456,0
ACC00210,1049,76,4292.19,32,44,166995.53,231376.54,16,26,4,1,0.0555,2,0,0,1,0.1757,0
ACC00211,78,302,12157.09,217,85,2473938.56,1149983.24,185,70,16,108,0.5544,27,2,2,6,0.9585,1
ACC00212,33,438,8135.79,309,129,2946549.85,1260501.77,258,117,9,162,0.1534,27,9,5,4,0.9492,1
ACC00213,1101,40,3348.38,18,22,74030.21,71473.71,11,9,4,2,0.0246,3,2,2,1,0.2444,0
ACC00214,234,252,12438.69,198,54,3047368.07,744455.53,166,44,15,71,0.2331,32,3,11,2,0.9368,1
ACC00215,95,169,6226.73,118,51,633801.33,376570.09,96,43,17,68,0.5646,21,4,6,8,0.8311,1
ACC00216,281,120,6461.23,62,58,523100.75,461968.33,20,38,3,1,0.0609,2,1,3,1,0.0651,0
ACC00217,547,22,1787.99,11,11,23456.66,20347.86,2,5,4,4,0.0188,0,0,2,0,0.2123,0
ACC00218,99,608,13060.17,454,154,5309486.11,1884117.36,380,147,14,266,0.2968,31,9,6,4,0.9563,1
ACC00219,1166,78,4095.37,41,37,218314.26,122890.39,20,17,2,2,0.0101,1,1,1,0,0.1249,0
ACC00220,848,84,1445.11,44,40,67041.31,67276.41,16,16,3,2,0.135,2,0,1,1,0.3904,0
ACC00221,295,270,10192.11,171,99,1690176.98,1193206.58,155,91,15,113,0.421,26,9,4,1,0.897,1
ACC00222,510,237,7866.75,150,87,1361077.48,839784.82,131,58,13,89,0.4541,24,7,3,1,0.7571,1
ACC00223,233,108,4703.13,46,62,273170.55,311158.26,32,29,1,2,0.0631,0,0,0,2,0.462,0
ACC00224,672,142,12812.02,71,71,1051427.94,804103.38,71,69,16,51,0.3204,31,5,6,4,0.7597,1
ACC00225,198,344,8565.92,255,89,2256545.11,774507.24,223,64,18,148,0.3919,26,4,8,3,0.8226,1
ACC00226,1055,78,3102.34,35,43,133484.29,170337.77,10,18,2,4,0.0325,3,0,2,0,0.4123,0
ACC00227,1382,98,7869.92,43,55,417601.56,431151.99,14,31,3,3,0.0296,3,1,1,0,0.2854,0
ACC00228,54,150,32329.15,75,75,2903930.48,2114896.63,65,62,13,45,0.4016,25,9,5,1,0.7208,1
ACC00229,29,525,14123.04,276,249,3885123.49,3758009.42,242,226,12,182,0.2382,20,9,6,3,0.9235,1
ACC00230,675,47,5326.49,18,29,117868.32,153653.51,5,19,1,2,0.0698,0,0,2,1,0.4771,0
ACC00231,581,29,4730.13,10,19,63314.63,107987.2,10,18,2,1,0.0272,0,1,1,1,0.1237,0
ACC00232,179,175,6071.32,111,64,789105.56,453306.24,100,64,14,75,0.4088,22,5,7,5,0.8661,1
ACC00233,891,70,2897.89,38,32,115700.33,95071.06,15,22,1,3,0.0389,2,0,1,4,0.3498,0
ACC00234,1533,71,758.33,28,43,18443.1,26145.68,7,25,1,1,0.0108,2,1,1,4,0.2217,0
ACC00235,1116,32,1855.94,15,17,32969.42,23824.52,15,8,2,1,0.0323,1,1,2,2,0.1192,0
ACC00236,1234,24,1137.78,13,11,16487.38,11215.89,2,9,1,0,0.0667,0,0,0,0,0.4748,0
ACC00237,348,29,1866.01,11,18,21764.75,42845.37,2,12,1,1,0.0508,0,0,1,1,0.1336,0
ACC00238,193,384,10275.78,226,158,2787099.49,1415031.45,177,134,17,174,0.3882,18,4,6,4,0.7718,1
ACC00239,542,15,1673.96,9,6,17784.51,11828.69,9,6,1,2,0.0664,1,2,5,0,0.2097,0
ACC00240,1497,84,4952.59,36,48,230694.86,215503.56,15,19,2,2,0.126,1,1,1,1,0.2722,0
ACC00241,412,50,1743.94,30,20,55703.27,35558.72,14,13,0,1,0.0231,1,1,2,1,0.5216,0
ACC00242,314,64,6202.62,40,24,248098.42,193182.81,15,15,2,1,0.1309,1,0,1,0,0.2018,0
ACC00243,134,304,19639.75,238,66,4151904.91,1592323.0,206,54,14,118,0.5622,30,11,2,8,0.8319,1
ACC00244,944,56,3756.46,20,36,82585.47,132110.13,2,27,1,2,0.0639,0,0,2,0,0.4367,0
ACC00245,356,28,3071.94,14,14,43199.0,36274.54,7,2,1,2,0.1513,0,0,2,1,0.431,0
ACC00246,1057,47,2693.78,27,20,94769.49,61000.36,18,7,1,2,0.064,1,1,1,0,0.3626,0
ACC00247,756,31,1702.95,19,12,36728.45,16533.16,6,12,2,1,0.046,1,1,1,0,0.2944,0
ACC00248,420,42,1607.11,15,27,20404.18,41785.99,5,15,2,1,0.0364,1,0,1,0,0.3586,0
ACC00249,3132,29,683.8,17,12,12089.94,9054.79,17,4,4,5,0.0335,1,0,1,1,0.2104,0
ACC00250,87,218,21979.95,141,77,3302217.84,1756064.46,117,63,7,76,0.5009,22,4,4,3,0.6651,1
ACC00251,1005,20,3742.51,11,9,48481.71,41535.17,2,2,2,1,0.079,4,0,0,1,0.145,0
ACC00252,2531,53,2060.44,30,23,74976.18,42242.43,12,16,2,2,0.0204,0,1,4,0,0.0752,0
ACC00253,1196,15,1139.91,6,9,6196.56,12138.87,2,9,2,4,0.0158,0,0,1,1,0.2178,0
ACC00254,437,38,3517.4,13,25,46018.16,76763.58,9,19,2,1,0.1135,2,0,0,0,0.3436,0
ACC00255,548,45,1670.27,17,28,27697.43,44744.9,15,16,3,2,0.0679,4,0,0,1,0.1171,0
ACC00256,651,64,5073.51,25,39,125919.87,215088.56,11,14,1,0,0.0535,0,0,0,0,0.2697,0
ACC00257,3041,18,5761.53,8,10,56714.16,59653.42,8,3,2,3,0.0143,0,0,1,0,0.2576,0
ACC00258,322,157,9555.46,83,74,863865.13,737324.58,83,54,12,58,0.5994,30,7,0,12,0.9506,1
ACC00259,847,142,3760.78,62,80,247455.44,224344.68,23,37,1,3,0.0493,5,1,1,1,0.1308,0
ACC00260,644,29,3197.06,13,16,42504.29,45636.18,2,3,0,1,0.0921,3,0,1,0,0.0947,0
ACC00261,1393,45,2170.07,28,17,70873.48,36311.82,18,17,2,7,0.0401,3,0,3,0,0.2089,0
ACC00262,1378,56,6832.36,34,22,204244.36,120785.8,18,9,1,3,0.0177,0,0,1,1,0.3815,0
ACC00263,365,11,1999.07,4,7,6350.79,14884.73,2,2,2,1,0.0868,3,0,0,0,0.3608,0
ACC00264,182,161,10045.55,128,33,1494606.22,345521.12,93,33,11,56,0.2228,25,2,3,6,0.9566,1
ACC00265,211,397,14739.58,227,170,4062296.9,2268152.48,174,170,14,179,0.3967,22,5,2,4,0.9053,1
ACC00266,101,177,9910.18,131,46,1540698.9,565886.07,131,43,16,56,0.1937,30,5,5,3,0.7031,1
ACC00267,1410,44,2398.07,22,22,54401.13,67315.46,11,16,3,4,0.0736,0,0,2,0,0.28,0
ACC00268,1748,86,5865.03,53,33,326548.13,147154.29,22,23,1,1,0.0307,0,0,0,2,0.2773,0
ACC00269,492,139,16799.38,88,51,1444573.06,741035.46,71,45,13,50,0.3491,19,5,5,5,0.9562,1
ACC00270,685,52,1716.96,25,27,39904.31,40908.24,13,15,1,5,0.0916,2,1,1,0,0.2919,0
ACC00271,76,438,5649.71,279,159,1919242.35,937620.62,236,136,20,180,0.2395,22,8,3,5,0.8732,1
ACC00272,371,515,9597.38,313,202,3527786.86,2286780.37,278,196,14,194,0.4566,28,6,4,2,0.9774,1
ACC00273,173,66,10196.51,49,17,457068.07,203788.46,49,5,14,17,0.2698,33,6,6,6,0.8928,1
ACC00274,867,24,3489.83,12,12,55962.58,46364.06,3,7,1,3,0.072,1,2,2,3,0.3136,0
ACC00275,951,12,1729.35,4,8,8696.36,15536.61,2,8,0,0,0.0402,0,1,1,1,0.4213,0
ACC00276,668,56,1074.47,31,25,38243.76,18911.2,21,12,1,0,0.0415,2,1,1,0,0.5768,0
ACC00277,417,76,10934.43,48,28,486455.39,358460.82,26,26,0,2,0.0516,1,1,2,2,0.3657,0
ACC00278,309,47,2287.77,21,26,43849.8,63404.07,2,10,2,1,0.0809,1,0,2,0,0.2038,0
ACC00279,456,91,3262.86,46,45,127359.35,146061.17,15,26,0,1,0.029,2,1,1,2,0.1505,0
ACC00280,50,214,32867.49,161,53,6227509.91,1986294.12,132,46,15,83,0.5057,25,9,3,6,0.9166,1
ACC00281,159,159,29345.64,120,39,2997190.67,1046038.62,107,39,12,66,0.3521,28,6,4,9,0.9017,1
ACC00282,527,35,2580.87,18,17,54702.46,31073.98,7,5,2,4,0.025,1,1,0,0,0.1506,0
ACC00283,1510,44,3207.87,20,24,57549.61,89180.94,7,8,2,0,0.1197,0,2,3,1,0.2833,0
ACC00284,986,263,11942.16,152,111,2041332.01,1601672.56,103,93,9,96,0.5626,35,1,6,6,0.8644,1
ACC00285,1069,33,1317.06,18,15,28067.85,25615.44,11,6,1,1,0.0045,3,1,0,4,0.0897,0
ACC00286,2761,54,2527.55,21,33,45058.9,82093.06,12,20,4,2,0.038,1,1,0,4,0.3717,0
ACC00287,547,64,1352.91,36,28,48632.44,33752.72,12,12,1,3,0.0758,1,1,1,0,0.1696,0
ACC00288,1119,39,539.94,21,18,10941.03,10423.77,8,11,1,0,0.051,1,0,1,2,0.4,0
ACC00289,869,34,2096.89,22,12,37222.55,30663.27,8,5,2,2,0.0575,1,1,1,0,0.539,0
ACC00290,447,331,17912.56,206,125,3945020.23,1964619.01,180,98,12,122,0.3699,34,7,6,4,0.7851,1
ACC00291,1439,52,3842.59,23,29,80603.52,117383.17,2,18,3,0,0.0314,2,0,1,1,0.2612,0
ACC00292,1856,117,5584.1,45,72,320180.1,301004.68,20,33,6,2,0.0143,1,1,1,0,0.1402,0
ACC00293,199,105,29481.48,69,36,2175538.49,1040748.33,63,36,9,40,0.4941,21,5,9,3,0.9295,1
ACC00294,103,68,13259.58,42,26,594920.54,422767.18,31,26,17,26,0.6176,27,3,8,4,0.6706,1
ACC00295,1199,58,2191.8,28,30,62130.89,71761.93,9,23,1,0,0.0229,0,0,1,1,0.2643,0
ACC00296,1786,61,3355.3,26,35,66780.52,100846.75,12,18,3,4,0.0875,1,0,1,2,0.174,0
ACC00297,1557,46,2522.07,20,26,44479.57,78955.92,10,13,3,2,0.057,1,0,0,1,0.1556,0
ACC00298,1184,188,2582.34,119,69,238039.13,146642.41,50,40,0,1,0.0185,2,2,3,2,0.258,0
ACC00299,2086,59,8669.68,30,29,199501.53,263377.86,14,15,2,3,0.04,4,0,1,0,0.2016,0
ACC00300,131,434,12533.0,332,102,5083362.87,1333073.82,277,102,12,151,0.608,24,6,4,1,0.8477,1
ACC00301,488,122,12562.02,64,58,943424.99,692198.45,49,41,15,38,0.439,27,7,3,7,0.9356,1
ACC00302,537,460,24539.18,362,98,7940405.34,2590466.96,321,89,16,187,0.2233,27,2,9,4,0.6807,1
ACC00303,92,220,6786.56,121,99,797960.83,664704.63,92,82,14,81,0.5553,17,6,8,5,0.6822,1
ACC00304,1924,54,5454.59,26,28,115757.7,157955.43,9,21,0,1,0.0288,0,0,2,1,0.2255,0
ACC00305,1419,32,3192.67,13,19,54533.22,49898.63,2,7,6,3,0.066,0,3,2,0,0.3369,0
ACC00306,169,210,7511.64,158,52,1104662.75,446843.08,154,44,11,76,0.6111,23,7,9,3,0.7134,1
ACC00307,2257,55,6022.62,27,28,197536.14,215760.83,16,13,3,6,0.0234,2,1,0,1,0.0972,0
ACC00308,482,52,3325.53,32,20,143062.16,51442.32,7,16,1,1,0.05,2,0,2,0,0.2219,0
ACC00309,85,258,14308.97,201,57,2931476.26,737505.14,152,46,15,99,0.3457,21,3,6,3,0.937,1
ACC00310,540,21,4140.33,12,9,54538.12,44583.71,8,2,2,3,0.0411,2,0,1,0,0.2988,0
ACC00311,178,26,2490.07,12,14,34682.63,27513.44,7,7,2,3,0.0336,2,0,1,1,0.1034,0
ACC00312,1111,15,837.16,9,6,9342.59,3542.77,5,2,2,5,0.1228,0,0,1,1,0.2766,0
ACC00313,1754,45,2597.73,21,24,72436.49,51659.25,2,9,2,2,0.0584,4,1,2,1,0.0358,0
ACC00314,1685,18,1265.96,8,10,9949.73,15826.35,3,4,1,2,0.0163,1,0,0,2,0.3157,0
ACC00315,121,139,21221.17,110,29,2198363.08,688148.84,77,29,15,66,0.3317,26,10,6,3,0.842,1
ACC00316,238,224,32865.3,169,55,5420572.86,1635305.18,128,55,12,83,0.3381,15,12,7,4,0.7952,1
ACC00317,1621,65,3285.92,34,31,118041.93,128082.66,16,8,0,0,0.0618,2,1,2,1,0.252,0
ACC00318,963,15,4216.52,7,8,30747.85,28112.06,5,5,4,2,0.0119,1,0,0,1,0.3127,0
ACC00319,940,76,2996.39,29,47,88519.6,148957.37,19,33,3,0,0.054,1,0,0,1,0.2961,0
ACC00320,519,42,4049.31,19,23,102294.47,74986.53,10,16,2,2,0.0284,3,0,1,0,0.1475,0
ACC00321,613,83,4213.78,48,35,186109.69,104589.0,29,13,6,0,0.0593,1,0,2,0,0.2908,0
ACC00322,3699,24,2690.83,10,14,26773.08,27290.57,2,13,0,2,0.079,1,0,0,1,0.0716,0
ACC00323,2842,25,1626.73,9,16,18868.41,25447.18,7,10,1,1,0.01,3,0,1,0,0.0701,0
ACC00324,577,61,3377.47,26,35,75525.69,121363.52,6,16,2,3,0.1286,1,0,1,1,0.3045,0
ACC00325,379,429,15161.38,227,202,3381693.74,3756267.23,193,175,13,177,0.608,35,5,6,3,0.8339,1
ACC00326,51,263,14711.88,178,85,3082113.42,1280534.03,122,73,13,93,0.1716,21,8,4,5,0.9919,1
ACC00327,2799,23,4024.06,12,11,40441.41,41003.95,12,8,0,2,0.0846,4,0,1,1,0.1062,0
ACC00328,3352,52,4746.21,23,29,136658.96,135824.62,4,15,3,0,0.0941,4,0,1,2,0.3497,0
ACC00329,706,82,2243.21,51,31,121455.71,69939.47,23,10,4,2,0.027,1,0,0,0,0.1189,0
ACC00330,296,48,3780.53,27,21,95354.53,95059.61,11,13,1,3,0.1311,3,0,3,1,0.1863,0
ACC00331,360,24,4103.41,9,15,34107.34,76153.99,3,6,2,3,0.1004,2,0,2,1,0.2111,0
ACC00332,759,56,3409.09,21,35,93371.21,92734.23,12,18,0,2,0.0709,1,0,2,2,0.3456,0
ACC00333,1416,63,3993.84,34,29,129211.03,92310.7,10,20,2,2,0.1087,2,1,2,1,0.1503,0
ACC00334,211,603,11939.85,343,260,5112280.93,3160851.25,304,224,5,221,0.1114,22,6,10,5,0.5698,1
ACC00335,370,30,877.37,12,18,12551.81,17795.4,6,10,5,0,0.1129,2,0,3,2,0.4498,0
ACC00336,3313,33,1830.18,15,18,28837.49,28843.1,2,14,3,2,0.0502,2,0,1,0,0.1555,0
ACC00337,46,200,7544.36,129,71,1141241.1,514955.77,105,39,13,70,0.2451,30,6,6,6,0.9393,1
ACC00338,2226,21,1434.99,7,14,12131.89,14407.52,7,3,3,0,0.0125,0,0,2,0,0.0942,0
ACC00339,1377,73,1772.99,30,43,68094.72,84568.23,23,18,1,3,0.0304,1,0,0,0,0.5128,0
ACC00340,476,153,14305.53,122,31,1677771.42,553790.36,110,16,21,51,0.4004,30,9,7,8,0.8029,1
ACC00341,775,62,3631.62,29,33,86747.09,105595.23,16,22,2,2,0.1216,2,1,3,0,0.2878,0
ACC00342,115,104,22938.15,54,50,1322186.63,999684.77,28,37,14,42,0.3038,19,6,8,2,0.7213,1
ACC00343,210,28,2926.04,10,18,28345.55,58375.44,5,11,1,2,0.0987,2,0,3,1,0.0309,0
ACC00344,600,49,3818.17,27,22,90520.87,85958.02,9,12,2,3,0.0194,1,0,3,0,0.0938,0
ACC00345,83,138,12573.46,104,34,1175313.43,484035.91,92,14,1,60,0.4617,26,8,7,4,0.5184,1
ACC00346,573,114,6036.33,55,59,380683.72,359325.04,19,31,0,1,0.097,3,0,2,0,0.1448,0
ACC00347,64,335,7632.6,224,111,1742477.32,774534.12,204,95,15,122,0.1897,23,9,4,4,0.6413,1
ACC00348,2279,74,1706.7,41,33,60141.13,55850.0,25,9,0,1,0.0227,0,1,1,0,0.776,0
ACC00349,509,31,1972.44,17,14,31082.05,24545.64,11,13,0,0,0.0162,3,0,0,3,0.1516,0
ACC00350,613,71,2563.8,39,32,126132.58,75129.32,20,23,1,5,0.0135,0,1,3,2,0.1275,0
ACC00351,139,257,6365.43,174,83,1191426.4,492090.34,113,75,17,99,0.2274,25,9,10,3,0.8065,1
ACC00352,586,15,1246.04,5,10,7344.83,14429.03,2,6,1,2,0.15,2,0,2,0,0.2413,0
ACC00353,915,30,2218.55,18,12,35400.81,26818.34,3,8,1,4,0.0742,0,0,0,0,0.4114,0
ACC00354,917,31,948.95,18,13,19874.93,12165.16,10,7,0,2,0.0365,4,2,0,0,0.174,0
ACC00355,621,44,3629.8,17,27,64998.89,77962.71,15,9,1,3,0.0784,3,1,5,0,0.1102,0
ACC00356,1621,68,4752.49,28,40,102809.96,214474.88,15,12,0,1,0.0202,1,0,1,2,0.2878,0
ACC00357,764,52,2926.89,30,22,67814.78,78007.47,15,5,0,3,0.0645,1,1,0,1,0.3203,0
ACC00358,73,460,5776.03,254,206,1614703.07,1423415.24,204,186,11,174,0.2938,25,7,6,3,0.8249,1
ACC00359,376,28,4005.76,15,13,51497.42,54237.74,6,6,3,2,0.1044,1,0,2,0,0.4631,0
ACC00360,353,336,8089.95,268,68,2588512.99,537566.34,248,67,16,145,0.2611,25,9,5,3,0.7731,1
ACC00361,1352,50,3694.01,29,21,130018.66,63108.98,4,2,3,4,0.0291,2,1,1,0,0.5035,0
ACC00362,1984,24,2270.64,14,10,39181.2,16320.72,2,2,0,1,0.041,4,1,0,0,0.1092,0
ACC00363,89,108,14720.15,61,47,877150.63,712344.73,47,47,12,42,0.4624,16,6,5,5,0.8091,1
ACC00364,734,68,11559.29,33,35,324102.1,468958.62,17,26,3,1,0.0421,1,0,1,2,0.1728,0
ACC00365,62,346,14747.35,222,124,3380187.54,1707484.67,199,120,12,103,0.2579,19,6,3,5,0.9451,1
ACC00366,1795,101,1185.55,56,45,75158.15,39382.95,26,28,2,0,0.0032,3,0,1,0,0.0688,0
ACC00367,666,19,6315.9,7,12,41505.07,96577.81,3,2,3,2,0.0141,1,1,1,1,0.2839,0
ACC00368,194,294,20008.13,197,97,4703528.18,1979364.01,162,59,12,92,0.3384,22,5,5,4,0.9629,1
ACC00369,736,14,4844.91,7,7,26840.42,38053.01,2,6,0,3,0.0898,4,0,1,2,0.2701,0
ACC00370,469,42,4128.48,20,22,86838.72,81225.61,7,8,5,4,0.1443,2,0,4,1,0.2241,0
ACC00371,767,23,1010.49,13,10,17359.44,10935.37,5,4,0,1,0.1319,1,0,3,2,0.3608,0
ACC00372,838,23,1227.11,11,12,18151.5,15774.93,10,12,1,1,0.0383,1,1,3,1,0.3218,0
ACC00373,759,67,2399.18,37,30,118878.28,69213.87,20,11,3,1,0.0849,3,3,0,0,0.2866,0
ACC00374,2159,86,3066.31,47,39,108434.73,133131.32,14,17,3,2,0.0874,3,1,1,1,0.2661,0
ACC00375,752,22,2069.54,8,14,19775.97,37592.81,5,2,3,1,0.0082,0,0,1,1,0.1907,0
ACC00376,3717,24,960.4,9,15,10076.75,12505.35,8,8,3,2,0.1331,0,0,2,0,0.2877,0
ACC00377,48,529,22744.65,407,122,11481058.42,3099454.6,381,120,5,206,0.2323,22,4,7,5,0.9303,1
ACC00378,268,62,5622.1,39,23,205887.79,162907.63,21,15,3,2,0.054,0,0,0,1,0.3319,0
ACC00379,334,156,16708.54,82,74,1365489.21,1388513.63,82,65,17,61,0.3371,16,6,7,2,0.8222,1
ACC00380,1226,40,1448.23,25,15,41488.78,20646.35,15,10,3,1,0.0366,0,0,2,1,0.1401,0
ACC00381,1844,33,1389.39,14,19,16231.26,32921.54,12,4,3,3,0.0279,3,1,5,0,0.487,0
ACC00382,320,95,5801.65,61,34,448689.57,200331.19,33,15,0,2,0.0178,2,0,0,0,0.1569,0
ACC00383,470,22,2060.26,13,9,31214.91,23499.2,8,3,0,3,0.0193,0,0,1,1,0.246,0
ACC00384,1397,57,4045.11,34,23,155136.76,86265.45,10,16,1,2,0.0434,2,0,1,0,0.2298,0
ACC00385,201,218,41167.93,143,75,5381191.26,2959190.11,97,65,13,92,0.377,21,4,5,5,0.9875,1
ACC00386,748,32,3515.94,20,12,64611.81,50217.19,9,12,2,1,0.0306,0,0,2,2,0.3078,0
ACC00387,84,1180,8114.59,928,252,6493312.83,2052631.97,791,220,18,456,0.2959,12,6,5,6,0.902,1
ACC00388,4036,42,3505.03,25,17,98681.72,73530.45,11,9,3,4,0.0586,2,0,1,2,0.1725,0
ACC00389,367,36,3307.59,20,16,78257.29,44148.81,12,10,5,4,0.0783,2,0,1,1,0.4183,0
ACC00390,1765,67,2300.53,42,25,76862.83,44299.71,12,13,1,2,0.0649,2,3,0,0,0.4527,0
ACC00391,861,52,5200.72,27,25,130269.5,121358.28,18,19,2,1,0.0874,0,0,1,2,0.3205,0
ACC00392,148,191,42839.59,133,58,5596072.8,3094926.89,91,57,9,75,0.4474,30,3,3,2,0.8029,1
ACC00393,1409,230,1725.96,149,81,259951.4,146182.55,63,56,4,3,0.0367,2,0,0,1,0.1991,0
ACC00394,46,127,19657.3,64,63,1107625.7,1535021.35,64,63,12,44,0.4139,19,9,7,3,0.832,1
ACC00395,954,396,7642.38,243,153,2097227.47,1001303.04,229,136,14,171,0.2952,25,5,6,10,0.6602,1
ACC00396,447,54,2171.15,20,34,43180.12,85771.51,20,17,1,1,0.0331,3,2,2,1,0.3749,0
ACC00397,661,20,2086.78,8,12,19480.02,28940.21,6,2,0,2,0.0807,0,1,1,2,0.5739,0
ACC00398,258,179,15125.02,137,42,2225372.42,738062.6,101,42,16,71,0.5759,28,5,6,4,0.8838,1
ACC00399,383,30,4851.34,18,12,92059.4,45088.05,12,3,1,4,0.109,5,0,0,1,0.258,0
ACC00400,77,242,11560.93,170,72,2177564.23,931319.89,144,70,10,73,0.5427,21,3,4,6,0.7083,1
ACC00401,46,81,19145.73,54,27,979731.55,448417.62,54,27,15,33,0.4141,29,5,6,3,0.8866,1
ACC00402,58,150,5612.73,80,70,524114.76,473071.81,72,67,14,59,0.6508,32,3,6,5,0.6276,1
ACC00403,538,56,2006.57,35,21,70225.25,42034.89,15,21,1,6,0.0833,1,0,1,1,0.2807,0
ACC00404,115,83,34934.83,60,23,2444084.83,920847.07,60,23,22,36,0.2982,22,8,8,3,0.747,1
ACC00405,1394,47,2041.29,22,25,48217.44,40424.48,4,16,2,0,0.0094,0,1,1,0,0.342,0
ACC00406,983,43,1002.62,26,17,32369.13,12714.86,13,2,0,3,0.028,1,1,4,0,0.1097,0
ACC00407,79,170,30134.51,93,77,3183750.05,2000166.43,71,77,14,51,0.2635,24,2,8,6,0.7291,1
ACC00408,598,35,3469.96,20,15,55787.44,39018.31,19,13,0,3,0.0358,2,0,1,0,0.3152,0
ACC00409,87,139,7513.35,76,63,688046.85,411631.95,74,54,18,60,0.4718,22,9,4,7,0.8354,1
ACC00410,886,13,682.68,7,6,5769.04,3874.34,2,2,2,0,0.0413,0,0,1,0,0.5345,0
ACC00411,1332,60,1149.1,24,36,26896.24,42520.99,10,21,1,2,0.0134,0,1,1,0,0.2741,0
ACC00412,546,71,4558.93,30,41,129762.61,237306.61,8,18,2,2,0.0751,1,1,0,1,0.0793,0
ACC00413,1670,36,1854.75,20,16,34591.03,22091.06,10,5,2,3,0.0786,2,0,3,1,0.1493,0
ACC00414,133,256,16233.23,203,53,4051131.85,1034281.07,171,46,14,91,0.3956,25,6,1,3,0.9209,1
ACC00415,110,143,3658.98,85,58,317286.84,264399.81,79,58,18,52,0.3694,28,6,3,2,0.8941,1
ACC00416,1315,88,2114.99,44,44,70756.99,67791.08,20,20,4,5,0.0665,2,0,2,2,0.1244,0
ACC00417,116,252,5006.2,128,124,706409.75,533940.82,103,124,19,99,0.3496,25,6,4,4,0.7236,1
ACC00418,334,45,3647.72,26,19,85811.27,59111.45,8,10,2,2,0.0229,1,1,0,0,0.2911,0
ACC00419,4098,46,2853.91,28,18,106052.93,52275.38,13,8,4,7,0.1002,1,0,1,0,0.2875,0
ACC00420,145,217,5147.26,121,96,541406.61,607026.85,113,82,14,71,0.375,27,9,6,5,0.9923,1
ACC00421,1098,31,2036.76,11,20,23778.28,40138.19,9,13,3,2,0.0725,2,0,1,0,0.1758,0
ACC00422,51,285,12174.36,150,135,2235097.27,2002919.55,134,128,19,94,0.5434,19,7,6,3,0.911,1
ACC00423,1196,56,4118.22,31,25,111428.89,101968.19,12,17,1,3,0.0702,0,2,2,1,0.2467,0
ACC00424,274,176,20637.04,96,80,2287333.62,1754741.1,80,80,11,77,0.4074,23,7,2,7,0.8946,1
ACC00425,1052,34,1611.75,19,15,22998.97,28428.9,2,6,3,3,0.0562,2,1,0,1,0.1243,0
ACC00426,388,18,1987.18,7,11,14024.6,16114.53,3,11,3,4,0.0283,3,0,2,0,0.3653,0
ACC00427,18,391,42117.05,253,138,11384424.42,5729282.29,227,122,17,149,0.5778,19,2,1,3,0.7657,1
ACC00428,1939,105,9595.26,59,46,760362.29,454821.95,25,16,1,0,0.0058,0,0,0,2,0.2469,0
ACC00429,18,314,18304.25,169,145,3668673.06,3057369.38,132,145,12,125,0.6503,23,7,7,4,0.6833,1
ACC00430,812,101,2731.44,39,62,83174.35,168925.9,19,35,2,3,0.029,1,1,0,1,0.2744,0
ACC00431,1124,54,2073.58,22,32,56829.41,85495.51,6,9,2,2,0.0924,1,1,0,1,0.3403,0
ACC00432,1163,40,1409.52,16,24,27957.23,38483.69,3,16,0,1,0.065,0,0,0,1,0.4959,0
ACC00433,1695,46,6876.99,22,24,160479.88,157126.78,4,2,1,4,0.0518,0,0,1,0,0.317,0
ACC00434,697,73,2127.27,29,44,59892.62,82674.89,15,20,3,2,0.0563,1,0,1,0,0.2753,0
ACC00435,605,100,513.7,62,38,26156.19,24814.03,24,31,2,1,0.1384,0,0,1,2,0.1152,0
ACC00436,56,134,63638.73,100,34,6187141.49,2201724.18,67,34,8,58,0.2565,26,7,6,1,0.6744,1
ACC00437,32,378,28674.99,289,89,9904904.77,2259398.98,255,67,8,147,0.3548,20,9,2,6,0.6005,1
ACC00438,1005,23,2526.49,12,11,27932.7,24601.44,5,2,5,0,0.0163,4,1,0,0,0.1288,0
ACC00439,993,21,2510.07,13,8,36644.52,15724.32,2,8,2,1,0.0624,1,1,1,2,0.115,0
ACC00440,629,29,3735.48,12,17,38381.68,71764.17,3,14,4,2,0.0504,0,0,1,0,0.0623,0
ACC00441,2546,50,1312.85,27,23,44966.48,32442.31,13,15,0,6,0.0465,0,0,0,0,0.3303,0
ACC00442,1874,40,2076.43,20,20,46957.3,38060.58,13,11,0,0,0.0621,3,0,1,0,0.2274,0
ACC00443,1073,55,3717.99,29,26,131870.93,94551.54,17,22,2,3,0.0154,2,0,1,0,0.0906,0
ACC00444,359,55,4271.04,34,21,184734.31,100513.42,16,14,3,3,0.062,1,0,0,2,0.2116,0
ACC00445,844,65,1544.31,31,34,53578.6,49289.83,13,22,2,2,0.0801,0,1,1,0,0.277,0
ACC00446,939,49,1271.62,21,28,27548.95,34168.93,3,21,3,1,0.0421,5,1,3,0,0.5699,0
ACC00447,622,42,3180.09,25,17,80825.87,45107.36,8,14,0,2,0.0452,0,0,0,2,0.2656,0
ACC00448,304,336,13352.86,223,113,2638458.83,1452963.77,196,99,16,132,0.3406,27,7,9,4,0.78,1
ACC00449,1732,36,4139.12,17,19,62698.9,84726.26,2,10,1,2,0.0315,0,0,3,1,0.2373,0
ACC00450,958,33,742.94,14,19,9637.9,16077.78,3,13,4,1,0.0983,3,0,1,0,0.5002,0
ACC00451,894,47,1546.02,27,20,46865.2,29759.39,17,11,1,3,0.0341,1,0,0,1,0.4109,0
ACC00452,102,295,13729.23,184,111,2781410.69,1449280.95,144,111,20,103,0.1392,28,3,0,1,0.8168,1
ACC00453,411,84,1967.84,49,35,89166.39,61129.26,21,10,2,3,0.0208,1,0,1,1,0.1152,0
ACC00454,787,84,1431.65,43,41,76029.5,56406.05,21,10,3,2,0.0716,2,1,1,1,0.1641,0
ACC00455,1912,62,1594.42,22,40,41926.92,63764.76,8,21,2,1,0.0484,1,0,2,0,0.3304,0
ACC00456,147,108,13293.98,76,32,928151.39,446022.41,36,32,11,32,0.3425,21,1,9,5,0.8319,1
ACC00457,247,189,4390.09,132,57,681916.2,310656.2,130,41,11,65,0.3345,19,1,3,6,0.9064,1
ACC00458,58,425,11985.85,241,184,3246608.26,2183737.14,198,184,19,161,0.2993,25,9,2,3,0.7411,1
ACC00459,127,293,7331.8,223,70,1830486.24,577254.37,199,70,17,123,0.173,24,7,10,2,0.5649,1
ACC00460,1902,20,1262.51,10,10,10981.51,9328.5,2,2,1,3,0.0805,0,0,0,1,0.1532,0
ACC00461,944,38,4114.93,14,24,74788.65,112529.43,11,15,1,2,0.0741,0,1,1,2,0.1514,0
ACC00462,1844,28,2453.42,10,18,21395.51,46021.55,8,12,3,6,0.0554,0,0,0,0,0.2257,0
ACC00463,542,35,1903.97,19,16,29864.34,38081.31,8,5,1,0,0.0355,2,0,1,1,0.171,0
ACC00464,2008,21,9377.02,12,9,86709.82,72350.06,2,2,5,0,0.0179,0,0,1,1,0.5665,0
ACC00465,630,29,2830.14,12,17,45177.77,57070.97,5,11,1,2,0.025,3,0,1,0,0.8171,0
ACC00466,1408,30,1577.53,11,19,21782.65,28004.6,11,16,2,1,0.0596,1,0,4,1,0.1158,0
ACC00467,728,92,2324.28,38,54,105167.52,118456.53,11,27,0,3,0.0194,1,0,0,0,0.2142,0
ACC00468,1912,26,2557.94,16,10,52193.63,19812.13,12,7,2,2,0.0761,4,0,1,0,0.1672,0
ACC00469,738,69,368.05,32,37,14205.08,14907.64,10,24,5,1,0.0321,1,0,1,0,0.5709,0
ACC00470,1037,39,2243.29,13,26,27988.01,73263.41,7,2,1,3,0.0703,1,0,1,0,0.5839,0
ACC00471,159,232,10538.07,174,58,1986974.19,637462.18,138,58,18,91,0.524,22,4,4,4,0.8914,1
ACC00472,1449,51,771.13,28,23,19673.6,22211.7,10,3,2,1,0.0146,4,0,1,0,0.1607,0
ACC00473,957,77,5744.19,44,33,269159.72,154340.75,24,24,2,3,0.0203,0,0,2,0,0.2431,0
ACC00474,369,111,4666.43,47,64,178380.73,237221.19,22,32,3,2,0.0223,0,0,1,0,0.0913,0
ACC00475,39,204,14065.79,109,95,1865944.71,1494975.75,86,89,12,87,0.4068,32,4,1,3,0.7917,1
ACC00476,69,322,30190.04,241,81,8990488.84,2522320.06,212,81,8,121,0.5852,22,3,4,4,0.9109,1
ACC00477,866,40,9542.3,24,16,174138.03,192950.61,17,4,4,3,0.0767,1,0,3,0,0.4909,0
ACC00478,510,63,2192.93,35,28,63593.24,46278.84,11,14,2,2,0.0294,2,0,1,0,0.1514,0
ACC00479,46,429,18151.89,307,122,5576352.25,2623411.34,281,122,17,153,0.3139,18,7,5,2,0.9509,1
ACC00480,336,63,1407.47,22,41,30374.15,73112.74,11,19,2,3,0.0171,2,0,0,2,0.1868,0
ACC00481,1083,59,2358.43,36,23,103898.64,38769.92,16,12,4,2,0.0552,1,0,3,0,0.3374,0
ACC00482,53,330,12558.69,165,165,2154866.99,1818731.41,154,165,18,131,0.2425,25,3,4,2,0.6988,1
ACC00483,461,20,4563.04,12,8,62502.12,37848.74,2,3,1,3,0.036,2,1,0,0,0.2464,0
ACC00484,1676,103,3016.0,48,55,170906.95,214989.19,24,30,3,1,0.042,1,0,0,2,0.2527,0
ACC00485,272,123,4567.02,70,53,370955.82,232160.74,33,28,3,1,0.0164,1,0,0,1,0.171,0
ACC00486,32,377,20470.11,255,122,5302272.05,2855859.64,199,108,16,145,0.4731,26,5,5,4,0.8817,1
ACC00487,1222,165,2009.17,70,95,111321.98,171419.54,29,55,2,2,0.0104,0,0,1,0,0.3692,0
ACC00488,1194,26,4961.86,15,11,80715.27,40219.07,5,7,2,1,0.1098,1,0,1,0,0.2228,0
ACC00489,914,73,3051.27,30,43,123350.47,138837.56,9,21,2,1,0.0804,2,0,1,1,0.311,0
ACC00490,1601,20,2554.45,11,9,21309.26,21119.53,4,2,2,3,0.0392,1,0,0,0,0.407,0
ACC00491,1157,38,1606.74,13,25,25214.46,39748.93,6,12,0,2,0.0865,1,0,1,0,0.1423,0
ACC00492,412,44,3686.55,24,20,104805.66,54977.64,9,14,3,6,0.0062,2,1,1,0,0.318,0
ACC00493,962,29,1477.6,10,19,12837.36,23393.45,5,7,3,5,0.0969,1,1,1,1,0.2512,0
ACC00494,780,46,3624.47,21,25,79282.66,101082.27,7,9,3,1,0.0667,1,0,2,0,0.4079,0
ACC00495,1846,16,1974.74,9,7,19650.86,15419.24,2,2,3,3,0.046,1,0,2,1,0.6643,0
ACC00496,338,41,8326.95,23,18,179039.13,144754.43,9,10,1,1,0.0427,3,2,0,0,0.1467,0
ACC00497,41,966,17384.45,582,384,11028051.49,6810398.96,509,346,12,367,0.2969,21,6,5,2,0.7203,1
ACC00498,349,228,18610.04,162,66,3464485.37,1318670.12,145,57,17,84,0.3588,20,6,4,9,0.8897,1
ACC00499,710,102,14264.11,56,46,624702.21,594011.89,23,20,0,0,0.0509,1,0,0,2,0.2437,0
ACC00500,124,226,13882.13,115,111,1884976.82,1572195.41,89,93,11,96,0.3624,21,5,5,2,0.7039,1
ACC00501,1109,51,2441.72,26,25,51733.09,50616.14,9,11,5,1,0.0372,1,1,3,0,0.342,0
ACC00502,2167,84,2989.95,34,50,90703.91,154902.29,15,25,2,2,0.0557,3,0,0,1,0.37,0
ACC00503,561,19,4035.19,10,9,36424.11,43883.64,8,5,0,3,0.0108,1,0,1,1,0.4039,0
ACC00504,717,129,10853.02,60,69,719338.51,717597.84,20,41,1,4,0.0033,1,0,1,2,0.0871,0
ACC00505,1144,61,2413.43,36,25,74923.01,69146.63,18,11,1,0,0.056,3,0,3,1,0.323,0
ACC00506,663,32,2992.22,19,13,58195.36,40905.82,5,13,2,1,0.0654,0,2,1,1,0.3476,0
ACC00507,1224,87,2985.29,55,32,178720.31,118694.33,11,18,2,1,0.0323,0,0,1,1,0.2522,0
ACC00508,992,62,1873.1,30,32,64681.08,49838.81,8,18,0,0,0.0574,2,0,3,0,0.0618,0
ACC00509,1758,18,2539.23,9,9,22427.06,26538.67,3,3,3,5,0.0465,2,0,0,0,0.3644,0
ACC00510,564,52,6015.74,20,32,128752.49,217878.43,18,12,6,6,0.0287,1,1,1,1,0.3332,0
ACC00511,334,348,20426.1,270,78,5468491.67,1527801.71,217,63,12,134,0.5815,23,5,9,9,0.854,1
ACC00512,3583,44,2854.63,20,24,73157.15,71276.08,7,2,2,2,0.0385,2,0,0,2,0.3184,0
ACC00513,256,61,1905.42,39,22,67095.23,42891.75,12,3,2,2,0.0411,1,0,1,0,0.1983,0
ACC00514,343,46,251.96,16,30,3093.23,6745.0,11,21,5,2,0.0106,1,0,1,0,0.2201,0
ACC00515,2685,16,2277.94,6,10,13279.56,21422.31,5,2,1,0,0.0231,4,0,1,1,0.3076,0
ACC00516,327,512,9921.12,367,145,3896019.32,1785951.56,324,141,8,211,0.3337,22,3,6,3,0.9233,1
ACC00517,658,85,4874.19,41,44,214481.69,249668.28,21,24,2,0,0.0515,1,1,1,2,0.2733,0
ACC00518,603,70,3343.9,42,28,162326.6,98783.03,21,11,2,1,0.1673,2,2,1,1,0.2381,0
ACC00519,1218,29,1914.11,11,18,25514.92,24898.83,2,9,0,1,0.0157,1,0,1,1,0.0461,0
ACC00520,24,212,8649.87,165,47,1295103.05,354455.67,133,47,9,99,0.4475,22,11,3,3,0.9957,1
ACC00521,425,64,735.93,40,24,26746.39,20833.71,17,22,1,4,0.0219,0,1,0,1,0.3543,0
ACC00522,1557,20,1235.75,8,12,10575.24,15466.51,3,12,1,3,0.0323,2,0,1,2,0.2195,0
ACC00523,1067,122,1439.67,69,53,101749.18,98634.15,31,36,2,5,0.0237,0,1,1,1,0.2388,0
ACC00524,324,65,1935.94,25,40,60227.19,66531.29,11,21,0,2,0.11,0,0,0,0,0.2632,0
ACC00525,802,48,6815.36,16,32,88928.67,281981.37,4,19,6,2,0.066,2,0,2,1,0.3842,0
ACC00526,564,48,3999.99,24,24,113398.71,109067.01,15,15,2,2,0.0434,2,0,3,2,0.4392,0
ACC00527,774,28,2706.06,13,15,38095.59,32324.58,6,3,4,1,0.0138,1,0,2,0,0.245,0
ACC00528,2034,66,1592.8,39,27,75508.43,37435.59,18,18,0,2,0.0164,0,0,0,1,0.6073,0
ACC00529,895,40,3444.01,25,15,90462.12,36413.52,11,2,2,1,0.02,1,0,1,0,0.3906,0
ACC00530,248,22,493.37,13,9,6771.62,3965.69,5,9,3,2,0.0564,3,0,2,0,0.0619,0
ACC00531,1393,60,955.07,34,26,30612.93,25435.53,8,12,1,2,0.0675,1,0,1,1,0.2562,0
ACC00532,831,47,1250.97,27,20,41768.51,23405.04,10,12,2,2,0.0491,1,0,0,0,0.4109,0
ACC00533,438,52,3942.2,30,22,132393.37,78916.06,14,3,3,2,0.1053,0,0,2,2,0.245,0
ACC00534,1273,35,5595.29,20,15,97023.32,65793.23,11,2,3,4,0.0244,0,0,1,0,0.371,0
ACC00535,5000,84,6888.29,46,38,402200.99,187458.98,16,30,2,2,0.0233,0,0,0,3,0.2917,0
ACC00536,371,51,2831.05,18,33,39503.29,104162.95,11,14,0,6,0.0668,1,2,4,0,0.3546,0
ACC00537,990,37,12875.16,23,14,283909.85,192903.55,11,6,1,0,0.1213,0,0,4,2,0.1872,0
ACC00538,1154,51,1198.73,29,22,44887.32,29352.39,19,22,2,1,0.0727,2,2,1,0,0.0675,0
ACC00539,190,132,22448.44,74,58,1470827.55,1513220.82,74,42,14,39,0.577,29,4,4,3,0.9946,1
ACC00540,32,346,47323.86,250,96,13247838.91,4106406.01,235,76,14,135,0.4545,29,15,4,2,0.9477,1
ACC00541,324,645,3633.17,345,300,1221720.62,960049.53,267,267,10,239,0.3867,26,3,7,1,0.7852,1
ACC00542,90,317,5446.4,173,144,898354.73,962506.45,144,140,9,121,0.4406,20,3,3,1,0.7575,1
ACC00543,1545,36,2505.02,17,19,34851.0,48969.85,6,8,3,1,0.06,0,0,2,0,0.218,0
ACC00544,551,22,1214.44,8,14,11483.7,14592.23,2,9,2,2,0.0929,1,0,0,0,0.4545,0
ACC00545,1316,35,2950.44,13,22,37428.04,54815.08,8,6,2,1,0.0962,2,1,3,0,0.4252,0
ACC00546,118,308,11586.05,233,75,2874368.5,894384.78,186,53,16,130,0.5242,30,8,4,2,0.9336,1
ACC00547,534,65,2457.81,32,33,81926.96,58596.86,12,15,1,3,0.0169,2,1,0,0,0.2223,0
ACC00548,563,68,3512.32,33,35,135569.77,138417.67,7,20,0,1,0.1148,2,0,0,1,0.3658,0
ACC00549,83,123,7430.23,74,49,552678.95,436841.89,65,49,23,52,0.4624,9,7,3,5,0.8095,1
ACC00550,127,215,40760.22,112,103,4330648.15,5085232.53,86,70,17,69,0.4866,20,4,3,3,0.8049,1
ACC00551,1503,17,2029.96,9,8,22473.79,13476.92,2,2,3,2,0.052,1,1,3,2,0.308,0
ACC00552,992,36,2547.97,18,18,49295.07,32368.32,5,18,2,2,0.0281,1,0,0,2,0.3408,0
ACC00553,85,176,15538.55,115,61,1816697.68,938343.22,98,61,18,77,0.1683,18,5,5,7,0.7809,1
ACC00554,532,120,600.43,70,50,51362.65,28973.93,29,40,2,1,0.0811,3,1,1,0,0.6263,0
ACC00555,861,101,1952.19,64,37,151666.71,73496.44,29,21,1,2,0.081,2,1,0,1,0.2926,0
ACC00556,1234,50,1439.24,29,21,40046.34,32601.0,22,15,0,2,0.0264,2,0,3,0,0.4179,0
ACC00557,419,20,2635.97,9,11,21476.33,36933.86,3,6,1,0,0.0102,4,0,3,0,0.2516,0
ACC00558,1042,39,1909.0,14,25,27759.31,38907.76,3,4,0,2,0.0738,2,1,1,0,0.3725,0
ACC00559,970,62,1678.01,32,30,57037.53,39384.27,2,14,2,2,0.023,0,0,3,0,0.1022,0
ACC00560,533,15,4390.62,7,8,23689.48,40862.65,6,2,2,2,0.0102,3,0,2,0,0.3334,0
ACC00561,2001,90,6124.37,39,51,197670.4,255999.04,11,25,0,4,0.094,0,1,1,1,0.196,0
ACC00562,1866,64,2465.9,24,40,55484.72,116175.22,12,17,4,2,0.0804,4,0,0,1,0.1692,0
ACC00563,658,36,9507.06,13,23,145537.59,284195.2,2,7,2,3,0.075,6,0,4,1,0.4985,0
ACC00564,278,481,15307.42,258,223,4336254.66,3061828.9,214,198,13,182,0.508,30,5,7,7,0.804,1
ACC00565,2012,80,3557.35,48,32,148787.78,81324.82,19,24,1,1,0.033,2,0,1,0,0.2713,0
ACC00566,77,265,8380.65,195,70,1399251.38,732607.83,168,59,16,98,0.5269,19,8,4,3,0.7199,1
ACC00567,939,91,4910.49,56,35,273108.61,145098.43,23,11,0,0,0.0956,2,0,0,0,0.1462,0
ACC00568,27,520,9872.03,413,107,3974571.77,1079243.62,341,91,13,196,0.1856,35,11,2,2,0.945,1
ACC00569,1446,91,5499.5,41,50,233751.6,245645.33,22,34,2,0,0.0422,2,0,3,0,0.35,0
ACC00570,2101,32,2548.89,20,12,65329.77,36883.14,14,7,5,5,0.0041,1,2,2,1,0.1808,0
ACC00571,961,65,2224.98,33,32,82675.82,89199.66,13,22,0,2,0.0911,1,2,3,0,0.136,0
ACC00572,1403,39,2007.49,19,20,32744.13,52079.4,11,20,2,1,0.0889,3,1,2,0,0.1913,0
ACC00573,115,363,5328.76,202,161,1256556.54,1055266.22,165,161,15,140,0.4187,23,8,6,4,0.9883,1
ACC00574,350,46,2115.98,25,21,58293.14,37432.52,8,21,2,1,0.0813,3,0,3,1,0.0601,0
ACC00575,452,115,1618.79,47,68,73439.03,87517.65,23,41,2,5,0.0299,0,0,2,2,0.3954,0
ACC00576,686,31,2578.17,11,20,34627.84,42572.51,2,11,1,1,0.0363,3,3,0,0,0.263,0
ACC00577,391,48,1136.95,19,29,20014.61,38908.64,2,17,3,3,0.0418,2,1,4,0,0.4041,0
ACC00578,52,214,29336.33,128,86,4078636.65,2680531.48,112,86,17,70,0.276,29,7,6,2,0.7863,1
ACC00579,1126,40,4359.7,22,18,83257.97,92802.43,10,14,2,0,0.0613,1,0,1,0,0.3217,0
ACC00580,947,14,5312.96,7,7,42956.96,44274.64,7,6,2,2,0.0487,3,0,1,2,0.2764,0
ACC00581,1399,27,3904.03,14,13,49707.11,62942.08,6,9,1,1,0.0584,1,0,2,0,0.1677,0
ACC00582,580,66,2625.58,28,38,97369.61,81710.33,15,20,3,2,0.0867,2,0,1,0,0.3186,0
ACC00583,1156,23,3050.63,12,11,33033.93,39766.0,3,2,3,0,0.0191,1,0,2,0,0.2145,0
ACC00584,286,169,9233.76,101,68,1139867.5,552405.61,70,68,19,66,0.2806,28,8,4,6,0.8036,1
ACC00585,1062,48,2338.04,28,20,65307.28,46589.33,9,13,0,2,0.0519,1,1,0,0,0.2728,0
ACC00586,66,415,21895.25,279,136,6624894.9,2532448.75,242,90,14,173,0.5408,26,5,7,7,0.8889,1
ACC00587,1169,65,2505.69,31,34,96979.52,98818.19,6,16,2,3,0.0385,0,0,3,0,0.2927,0
ACC00588,669,13,3595.28,8,5,30686.9,16489.1,4,4,1,1,0.0632,2,0,4,5,0.2673,0
ACC00589,303,43,7237.11,20,23,119847.33,187394.99,2,8,1,2,0.0609,2,1,0,0,0.2785,0
ACC00590,891,49,4646.01,30,19,133667.1,102730.27,7,8,5,3,0.0811,1,1,0,1,0.1124,0
ACC00591,326,33,802.05,13,20,8628.42,19138.82,2,13,2,4,0.0591,3,1,1,0,0.4044,0
ACC00592,1702,43,5184.75,23,20,159135.97,75856.49,8,8,2,3,0.1172,2,0,3,1,0.2474,0
ACC00593,107,463,13628.71,299,164,4658839.06,1967695.52,255,154,6,186,0.4219,28,5,7,3,0.7658,1
ACC00594,1046,63,1664.04,35,28,74039.46,41596.08,7,11,2,3,0.0679,1,0,2,1,0.1809,0
ACC00595,236,102,21202.78,60,42,1431017.08,838030.7,57,42,16,45,0.6592,23,7,2,3,0.8624,1
ACC00596,587,34,1485.36,19,15,28450.6,18230.0,5,7,3,2,0.0776,0,0,2,1,0.3276,0
ACC00597,1574,59,3940.37,20,39,98938.98,194931.83,16,26,3,6,0.1771,4,0,1,0,0.1384,0
ACC00598,2066,107,3392.86,53,54,233506.6,231036.58,33,27,1,4,0.05,3,1,2,1,0.0423,0
ACC00599,114,179,52389.5,135,44,7890860.98,2784751.27,129,38,23,76,0.516,31,6,3,6,0.835,1
ACC00600,290,22,322.62,9,13,2917.26,3244.62,5,6,3,3,0.0425,1,1,2,0,0.4171,0
ACC00601,692,34,6552.83,15,19,123330.59,134633.47,5,2,0,0,0.0381,1,0,1,0,0.5288,0
ACC00602,3215,30,2976.84,10,20,24728.19,52171.63,5,19,1,3,0.0673,2,0,2,3,0.2177,0
ACC00603,1194,56,2856.63,26,30,82333.18,107848.33,3,15,1,3,0.0864,0,1,1,0,0.1785,0
ACC00604,136,332,40138.2,171,161,8572173.89,6650071.16,130,134,15,119,0.2607,22,7,1,3,0.9345,1
ACC00605,477,14,915.71,9,5,9238.45,4553.1,3,2,1,2,0.1571,2,1,2,1,0.1913,0
ACC00606,1376,81,2354.29,32,49,93852.09,87320.89,17,22,0,2,0.0598,0,1,0,0,0.6936,0
ACC00607,80,396,3782.39,261,135,1224718.71,533062.77,233,131,18,157,0.4563,32,8,8,5,0.8836,1
ACC00608,907,25,7170.86,10,15,87154.35,126501.24,2,5,1,3,0.0225,2,1,1,1,0.4795,0
ACC00609,2434,73,2379.76,40,33,124989.58,89833.76,18,16,2,0,0.0358,1,2,1,1,0.2238,0
ACC00610,5000,17,817.37,7,10,5157.11,6572.28,2,5,1,1,0.0741,1,0,4,1,0.142,0
ACC00611,763,20,6498.42,12,8,66208.64,43598.93,12,2,1,2,0.0507,2,0,0,2,0.3695,0
ACC00612,326,27,5181.67,14,13,85302.25,65439.0,10,8,2,2,0.0433,5,0,0,0,0.1997,0
ACC00613,52,378,17766.37,297,81,5946274.47,1427093.58,251,65,18,168,0.7191,25,4,6,1,0.7539,1
ACC00614,146,195,15941.39,122,73,1918913.79,1418783.33,88,61,15,59,0.3307,29,6,5,5,0.9076,1
ACC00615,35,287,20377.5,209,78,4968064.7,1912946.37,197,78,9,105,0.4346,29,5,2,5,0.5599,1
ACC00616,802,121,894.07,46,75,36724.58,56039.35,21,35,1,0,0.0902,0,2,2,1,0.1313,0
ACC00617,716,20,773.54,10,10,9046.73,9212.24,10,4,1,3,0.0297,4,1,1,0,0.4029,0
ACC00618,349,364,19477.06,183,181,3941956.57,4144125.95,155,160,9,143,0.2901,19,6,6,1,0.8658,1
ACC00619,241,329,5696.29,186,143,1139554.09,916074.81,149,139,15,140,0.3981,27,4,8,5,0.9754,1
ACC00620,233,485,10449.22,318,167,3769925.28,2132790.37,287,147,7,177,0.4953,25,3,5,6,0.8723,1
ACC00621,1071,46,2296.53,27,19,51365.61,38818.25,11,14,0,3,0.0629,0,0,1,1,0.3696,0
ACC00622,1093,25,9598.12,12,13,115253.03,104641.92,6,7,2,0,0.0273,2,0,2,1,0.1387,0
ACC00623,141,327,13706.41,177,150,2309087.15,2563937.66,132,133,14,129,0.308,22,8,4,4,0.9096,1
ACC00624,977,41,800.24,26,15,23166.6,9495.37,2,7,3,2,0.0519,3,0,0,0,0.1106,0
ACC00625,1263,79,4477.32,33,46,192869.39,223112.66,17,24,4,3,0.0004,3,0,0,1,0.1267,0
ACC00626,1015,21,5384.05,7,14,36162.37,54636.01,2,14,2,3,0.0454,1,0,1,0,0.2866,0
ACC00627,1071,37,2363.47,15,22,30286.58,65989.26,6,20,3,3,0.0802,1,0,1,0,0.1953,0
ACC00628,1079,249,2486.97,110,139,271142.33,285513.51,51,77,4,4,0.0248,2,1,0,1,0.171,0
ACC00629,79,320,40924.2,230,90,10200598.29,3311283.78,182,77,14,113,0.3746,29,4,5,3,0.9794,1
ACC00630,398,53,1366.54,34,19,37768.95,26686.3,23,5,4,2,0.054,1,0,0,0,0.2695,0
ACC00631,343,97,3388.95,34,63,129664.7,192721.29,12,36,2,3,0.0118,2,1,0,0,0.304,0
ACC00632,464,222,44870.84,115,107,6025797.3,4224594.76,85,84,17,87,0.6643,26,5,8,1,0.5465,1
ACC00633,1285,56,2517.11,28,28,66621.62,80886.88,16,9,2,1,0.0969,3,1,0,2,0.2173,0
ACC00634,468,109,1779.14,59,50,84526.18,84985.51,24,25,1,2,0.042,2,0,2,0,0.2584,0
ACC00635,1584,21,1848.91,11,10,23536.91,21148.02,2,5,2,1,0.0183,3,1,1,0,0.4731,0
ACC00636,21,308,8196.67,179,129,1488715.6,917790.85,143,100,13,109,0.2728,33,3,6,4,0.8553,1
ACC00637,1493,35,3191.15,20,15,69948.12,38477.44,4,2,2,1,0.0522,2,0,0,1,0.1918,0
ACC00638,122,208,21760.33,146,62,3108049.95,1207597.42,106,28,16,89,0.3951,27,6,7,4,0.9082,1
ACC00639,566,36,1003.47,13,23,12707.42,26804.15,5,15,2,1,0.0117,3,0,1,1,0.3433,0
ACC00640,2085,18,1161.6,10,8,14594.63,7785.14,9,3,1,2,0.0677,1,0,2,1,0.1696,0
ACC00641,902,28,2036.38,16,12,34016.21,29405.51,2,5,2,2,0.0487,0,1,0,0,0.2329,0
ACC00642,72,331,11190.15,241,90,3349645.62,1033205.16,212,90,15,146,0.5399,18,6,2,5,0.7249,1
ACC00643,211,343,6952.13,242,101,1815476.08,668996.08,200,95,20,134,0.3248,23,3,7,3,0.8285,1
ACC00644,1638,74,3503.9,36,38,94786.86,117393.99,13,20,3,2,0.1243,1,0,0,0,0.1121,0
ACC00645,94,103,21753.76,66,37,1620840.34,838320.03,65,36,19,40,0.249,23,6,3,2,0.8183,1
ACC00646,267,24,2343.26,10,14,26873.22,40478.82,2,8,1,2,0.0964,2,0,1,0,0.1376,0
ACC00647,146,463,3749.47,309,154,1360580.04,657335.03,244,116,14,157,0.4869,33,7,5,5,0.7925,1
ACC00648,986,64,6554.38,30,34,231366.36,264357.22,15,7,1,4,0.0733,0,0,1,0,0.3182,0
ACC00649,53,232,39107.49,174,58,7378816.44,1962711.06,147,31,18,88,0.4783,16,6,4,5,0.751,1
ACC00650,1082,42,2176.03,22,20,39243.56,53339.17,11,10,1,3,0.0381,2,0,1,0,0.4521,0
ACC00651,881,51,3377.97,18,33,58974.32,112017.01,2,10,0,2,0.0547,3,0,0,0,0.2075,0
ACC00652,414,451,6959.2,347,104,2321567.59,672303.9,294,103,14,181,0.3358,27,7,8,4,0.7187,1
ACC00653,1026,66,1776.39,25,41,59884.6,51181.22,9,19,2,5,0.1017,1,0,1,0,0.2223,0
ACC00654,958,30,3817.26,14,16,60144.36,73397.09,14,11,1,1,0.1315,2,4,0,1,0.0522,0
ACC00655,132,291,30628.6,175,116,6002498.63,3845370.6,161,97,16,111,0.1321,22,2,2,2,0.86,1
ACC00656,70,445,23686.87,286,159,7970785.02,3524036.97,228,132,10,162,0.6341,26,2,4,5,0.9333,1
ACC00657,854,57,1847.65,29,28,63648.11,63813.23,9,20,3,1,0.0344,2,0,1,1,0.2573,0
ACC00658,505,44,1127.54,18,26,21591.38,23792.79,15,7,7,1,0.059,2,1,2,1,0.1475,0
ACC00659,437,42,1748.3,24,18,54154.58,22353.66,6,9,2,3,0.1095,1,0,1,0,0.3538,0
ACC00660,609,66,556.75,35,31,14710.59,16725.13,16,17,2,3,0.0366,1,1,0,1,0.038,0
ACC00661,149,516,37334.85,379,137,16830410.56,6134331.56,309,120,20,174,0.6782,20,7,5,3,0.8743,1
ACC00662,560,33,2883.92,20,13,54343.6,38546.32,7,2,4,1,0.091,0,0,1,3,0.2022,0
ACC00663,1878,54,2480.69,28,26,87394.35,57041.9,23,18,3,2,0.0075,2,0,5,1,0.3252,0
ACC00664,1826,45,3886.57,23,22,83315.44,101343.29,2,17,4,1,0.0246,2,0,1,0,0.5048,0
ACC00665,154,274,22321.99,206,68,4368147.66,1422986.28,175,53,17,88,0.2005,28,6,6,8,0.7524,1
ACC00666,568,45,8852.26,25,20,284030.36,199930.37,7,7,5,3,0.0537,1,0,3,0,0.318,0
ACC00667,270,71,3033.46,30,41,114045.35,125090.96,8,17,3,5,0.0435,1,2,1,1,0.1066,0
ACC00668,818,19,3113.53,6,13,17068.87,51057.69,5,7,3,4,0.0274,2,0,0,0,0.2803,0
ACC00669,116,569,20806.05,413,156,7694525.44,3149976.93,362,144,11,205,0.2423,28,8,7,5,0.7338,1
ACC00670,1001,51,3466.97,33,18,130130.19,49018.42,16,9,1,1,0.0325,0,0,3,1,0.1052,0
ACC00671,1132,20,1829.89,7,13,14466.91,28707.71,2,4,2,0,0.0472,1,2,1,0,0.161,0
ACC00672,47,365,8954.4,278,87,3096362.37,859902.96,234,77,11,145,0.1949,19,10,7,1,0.9545,1
ACC00673,1394,26,13098.44,10,16,156002.12,195538.48,2,2,2,5,0.0601,0,2,2,1,0.26,0
ACC00674,611,34,4178.25,12,22,37887.1,118891.82,3,16,0,4,0.0368,1,0,2,0,0.2246,0
ACC00675,524,19,1027.8,8,11,9394.62,8436.97,3,11,1,2,0.014,2,0,3,1,0.1049,0
ACC00676,1093,60,1299.35,27,33,44124.07,49274.61,18,9,0,2,0.053,0,0,1,2,0.502,0
ACC00677,369,77,1769.27,50,27,67173.15,47638.28,13,17,2,1,0.124,4,1,2,0,0.1873,0
ACC00678,646,44,6710.67,26,18,146686.86,110166.9,11,11,1,2,0.0079,0,1,1,0,0.3238,0
ACC00679,188,250,32499.91,159,91,6118887.38,3068358.82,140,91,16,101,0.4515,34,6,2,9,0.7286,1
ACC00680,1684,30,10325.89,16,14,165538.52,142400.55,5,2,7,1,0.057,1,0,2,1,0.2973,0
ACC00681,165,470,12354.39,264,206,3947986.46,2863616.23,192,184,11,178,0.4495,38,3,8,5,0.8825,1
ACC00682,56,114,23491.68,67,47,1727408.0,1179295.53,58,47,14,36,0.2303,29,6,7,1,0.8115,1
ACC00683,2162,44,2430.18,22,22,69771.06,51491.98,9,14,0,2,0.0412,2,0,1,1,0.063,0
ACC00684,186,38,1713.6,17,21,30691.24,33957.12,4,13,1,0,0.0263,0,0,2,1,0.2147,0
ACC00685,531,20,1729.64,10,10,16733.96,12325.69,7,4,0,0,0.0437,1,0,4,0,0.363,0
ACC00686,190,309,21603.49,162,147,3530235.66,3672916.34,109,147,17,134,0.1058,23,6,1,2,0.8949,1
ACC00687,680,17,2668.87,9,8,27971.48,16209.74,5,6,1,2,0.0155,5,0,0,1,0.3685,0
ACC00688,494,33,1037.9,14,19,17882.76,18592.91,14,19,1,2,0.0863,2,0,0,0,0.3658,0
ACC00689,497,26,4851.0,13,13,77828.63,58128.25,7,11,2,2,0.0349,2,1,1,0,0.1316,0
ACC00690,910,26,2759.67,10,16,33210.44,52808.21,2,11,4,0,0.0115,2,0,2,0,0.3073,0
ACC00691,918,16,4619.91,7,9,33374.66,47047.75,3,2,2,3,0.0796,0,0,0,2,0.2274,0
ACC00692,1002,24,4024.49,10,14,42338.34,44574.66,2,9,1,4,0.0167,1,0,2,1,0.3487,0
ACC00693,218,78,11542.55,52,26,727398.43,305866.18,8,26,10,25,0.4793,29,7,5,4,0.9117,1
ACC00694,511,133,1991.99,66,67,110658.02,147262.34,26,43,2,4,0.0629,1,0,1,1,0.4116,0
ACC00695,994,64,468.97,34,30,15679.9,15579.74,17,7,2,2,0.0165,2,2,1,1,0.3417,0
ACC00696,368,43,6556.83,15,28,111104.77,155189.1,6,17,2,0,0.1111,0,0,4,0,0.1883,0
ACC00697,180,17,2471.21,8,9,25936.46,21632.29,7,4,1,3,0.0568,1,1,2,0,0.689,0
ACC00698,1797,109,3583.06,64,45,219532.42,119465.25,34,15,2,2,0.1219,0,0,1,0,0.039,0
ACC00699,917,72,5712.86,31,41,230563.03,302899.65,17,18,2,0,0.0403,1,1,0,1,0.2793,0
ACC00700,2391,55,1318.87,31,24,37721.32,33218.38,11,15,1,1,0.0327,0,2,2,0,0.2497,0
ACC00701,563,37,4733.52,21,16,81200.61,74765.65,2,10,5,5,0.1078,2,1,0,1,0.1565,0
ACC00702,1606,47,2351.03,20,27,62408.61,46853.29,2,12,3,2,0.0429,1,0,2,0,0.1621,0
ACC00703,2725,57,1083.77,26,31,32989.15,36745.61,12,18,1,2,0.0226,0,2,1,0,0.1419,0
ACC00704,2188,30,4232.97,17,13,92495.35,64642.65,5,7,1,2,0.0242,2,2,0,2,0.1938,0
ACC00705,3696,189,4022.39,103,86,469720.72,443723.01,41,54,2,2,0.0283,2,2,1,0,0.4398,0
ACC00706,3420,51,2287.0,27,24,76597.17,61269.84,10,17,2,3,0.0448,1,1,0,1,0.1993,0
ACC00707,963,104,1630.86,47,57,64444.99,91346.09,15,24,5,7,0.0164,0,0,1,1,0.2385,0
ACC00708,791,249,1862.67,151,98,349656.92,226084.17,75,45,1,1,0.0187,2,0,3,2,0.2358,0
ACC00709,349,60,1392.56,24,36,39330.17,35874.74,2,17,3,2,0.0418,2,1,1,0,0.2921,0
ACC00710,1003,35,6200.61,19,16,142128.35,120131.55,11,6,4,1,0.0303,0,0,1,3,0.1822,0
ACC00711,239,88,2532.6,37,51,104892.03,128979.38,20,34,1,0,0.0066,1,1,1,0,0.2994,0
ACC00712,63,126,11184.89,79,47,832644.25,467014.85,68,45,13,46,0.3102,21,3,7,6,0.9108,1
ACC00713,165,167,7297.93,99,68,840826.93,542399.21,99,58,14,53,0.3811,19,11,5,1,0.903,1
ACC00714,1914,106,5254.32,52,54,246576.04,303055.82,25,39,1,1,0.0103,1,0,0,2,0.6453,0
ACC00715,28,514,10356.27,302,212,3269372.65,2526829.69,253,199,10,199,0.3424,26,5,8,2,0.7217,1
ACC00716,1330,9,2495.21,4,5,13104.84,13558.63,4,3,2,3,0.0613,0,1,2,3,0.1146,0
ACC00717,78,114,23632.76,79,35,2086704.85,923182.77,58,11,11,35,0.5218,26,6,2,5,0.8619,1
ACC00718,1435,72,573.07,45,27,29281.61,16000.42,17,15,2,2,0.1471,2,1,1,1,0.3836,0
ACC00719,15,250,34397.8,132,118,5308241.94,3908012.34,90,112,12,96,0.4851,21,11,8,2,0.8046,1
ACC00720,984,42,1180.46,27,15,37557.07,22038.14,15,15,0,2,0.0634,4,1,1,0,0.3765,0
ACC00721,2403,65,680.28,30,35,26484.87,27799.09,20,28,5,2,0.0468,3,1,2,0,0.2066,0
ACC00722,2205,32,9120.87,16,16,161361.03,153630.94,2,10,3,1,0.1189,1,0,2,0,0.1244,0
ACC00723,227,580,47017.78,364,216,15375820.37,10297492.81,320,191,14,230,0.2071,26,4,5,2,0.9063,1
ACC00724,842,81,3314.25,32,49,142242.9,146099.38,15,29,2,3,0.0075,0,1,1,0,0.3541,0
ACC00725,1209,76,2747.3,32,44,83853.73,88318.06,8,27,1,0,0.0272,2,2,0,0,0.5095,0
ACC00726,850,45,2525.38,24,21,76919.52,37854.65,13,2,4,2,0.0909,0,0,0,1,0.5474,0
ACC00727,975,42,2266.04,23,19,49419.7,34939.3,7,15,1,2,0.0903,4,1,0,1,0.3625,0
ACC00728,791,77,1485.0,27,50,39393.15,62416.79,11,34,0,1,0.0068,0,0,1,1,0.2259,0
ACC00729,670,41,1715.3,14,27,21278.33,48884.15,10,15,1,2,0.0711,1,1,1,1,0.1965,0
ACC00730,39,132,21448.05,82,50,1974935.84,1291216.4,55,50,12,61,0.2409,14,10,6,4,0.9196,1
ACC00731,454,48,1242.47,20,28,25878.23,24785.88,5,11,2,4,0.0213,1,0,1,0,0.4345,0
ACC00732,987,53,2070.23,28,25,61666.09,41693.67,15,14,1,1,0.046,4,0,2,0,0.408,0
ACC00733,390,44,904.26,20,24,14302.25,18945.85,9,7,3,1,0.0547,3,1,2,1,0.2966,0
ACC00734,917,36,3194.59,17,19,56064.83,70890.69,6,8,3,1,0.0206,3,0,2,2,0.09,0
ACC00735,61,191,14414.75,152,39,1985682.91,577469.18,125,39,14,78,0.1408,16,7,3,3,0.8329,1
ACC00736,1188,35,1250.67,19,16,19022.0,22807.55,5,12,1,4,0.0515,1,0,0,1,0.2185,0
ACC00737,28,161,20832.43,126,35,2537314.0,776233.92,113,35,12,64,0.1582,23,10,2,3,0.8424,1
ACC00738,92,653,43538.51,459,194,23814368.67,7455567.38,417,184,15,220,0.259,13,6,4,5,0.8844,1
ACC00739,469,41,990.46,16,25,20617.25,29091.45,7,13,2,4,0.1713,1,0,2,1,0.3067,0
ACC00740,484,23,3079.38,9,14,35618.28,43161.96,2,10,1,6,0.0538,0,0,1,1,0.084,0
ACC00741,450,89,2503.53,38,51,120143.69,109770.23,16,21,2,2,0.0172,2,0,2,1,0.045,0
ACC00742,1709,34,3611.15,21,13,72426.65,43817.76,11,3,4,4,0.0731,1,2,0,1,0.1578,0
ACC00743,3165,28,1619.02,10,18,18679.62,28288.11,2,14,1,4,0.0421,0,0,0,0,0.1365,0
ACC00744,1528,90,1791.59,35,55,59720.2,100036.97,16,26,2,2,0.138,0,0,3,2,0.4175,0
ACC00745,1195,69,3463.89,38,31,164805.65,137237.88,13,17,4,3,0.072,1,0,1,0,0.3183,0
ACC00746,77,260,11683.19,138,122,1883815.08,1467262.05,98,94,17,112,0.3978,24,3,2,3,0.8453,1
ACC00747,3853,63,1111.11,22,41,25822.73,35407.7,2,16,0,1,0.063,3,1,1,0,0.0792,0
ACC00748,3313,32,855.88,11,21,11605.98,12817.11,6,21,1,0,0.0502,0,0,1,0,0.0809,0
ACC00749,68,429,14116.73,285,144,4774419.48,2027057.56,237,121,16,182,0.5338,30,8,7,1,0.888,1
ACC00750,480,13,1269.38,7,6,11376.81,5629.4,7,2,3,1,0.0438,0,0,1,1,0.1669,0
ACC00751,956,95,1709.72,43,52,73465.63,104949.06,21,32,0,0,0.0334,3,0,0,0,0.3792,0
ACC00752,1817,67,949.98,42,25,34727.78,20140.32,10,17,1,3,0.0126,5,0,0,2,0.4321,0
ACC00753,552,23,9613.15,13,10,158692.78,117371.66,6,4,1,1,0.0364,1,1,4,0,0.2397,0
ACC00754,487,42,2131.89,21,21,38598.22,40767.88,4,10,2,2,0.0124,0,1,0,1,0.1728,0
ACC00755,460,54,3435.52,21,33,81582.05,128775.03,9,12,1,1,0.0174,4,0,1,2,0.5413,0
ACC00756,1385,27,1358.33,11,16,16628.94,23878.35,9,9,1,1,0.0946,1,1,5,0,0.1961,0
ACC00757,1237,49,3084.58,17,32,67107.66,114072.54,9,19,1,3,0.0871,0,1,2,0,0.2771,0
ACC00758,783,482,16552.66,286,196,5282942.19,3186771.46,209,177,9,183,0.3915,21,6,8,6,0.7671,1
ACC00759,254,484,4336.13,345,139,1561698.22,729658.27,292,124,23,173,0.1376,21,6,6,7,0.8351,1
ACC00760,554,160,3718.92,87,73,409805.57,222259.99,37,39,0,2,0.104,0,1,3,3,0.1913,0
ACC00761,429,44,1778.63,26,18,37880.2,22740.9,22,10,1,4,0.0867,2,0,1,0,0.4699,0
ACC00762,301,505,57278.6,341,164,18806573.68,9990286.94,260,146,17,199,0.2355,27,9,3,4,0.8111,1
ACC00763,771,34,5615.73,16,18,103702.51,87254.53,4,4,1,3,0.1141,4,0,1,1,0.3483,0
ACC00764,580,31,3033.27,18,13,58909.12,32247.91,18,2,1,2,0.0564,1,1,4,1,0.2114,0
ACC00765,1419,83,1816.16,46,37,75460.81,54442.02,21,15,4,2,0.0446,1,1,4,0,0.5164,0
ACC00766,100,178,10430.02,142,36,1351947.2,334835.76,115,17,10,66,0.2515,20,2,1,3,0.8128,1
ACC00767,289,80,2059.96,46,34,120197.17,68674.53,8,26,0,0,0.2079,2,1,0,1,0.3244,0
ACC00768,605,37,3148.29,17,20,59862.62,64925.27,10,11,4,2,0.0223,2,0,1,1,0.362,0
ACC00769,155,108,13028.09,59,49,818469.48,618998.37,49,49,14,55,0.308,19,2,9,4,0.9597,1
ACC00770,618,76,2360.6,26,50,56733.78,107679.08,16,33,0,2,0.0643,1,0,3,0,0.3392,0
ACC00771,3942,70,2463.99,27,43,60125.61,102786.65,7,30,0,3,0.0107,2,0,2,1,0.1587,0
ACC00772,152,240,6457.23,170,70,967773.25,412842.87,166,58,10,93,0.2548,21,4,5,2,0.8595,1
ACC00773,511,114,1954.67,48,66,102697.81,104788.72,28,30,5,2,0.0472,0,1,0,1,0.2342,0
ACC00774,1741,47,4303.13,29,18,164041.55,60090.3,14,11,4,3,0.0517,2,0,0,0,0.3791,0
ACC00775,97,90,1436.58,42,48,48005.31,60525.73,21,30,3,1,0.0595,4,0,2,2,0.379,0
ACC00776,323,37,1641.14,21,16,38426.22,21485.7,13,5,2,1,0.0134,0,2,1,3,0.0632,0
ACC00777,67,737,45629.94,481,256,22038620.83,14349025.65,400,203,14,256,0.353,27,8,3,3,0.6649,1
ACC00778,937,31,7461.89,19,12,152379.81,64924.33,9,2,0,0,0.0625,1,0,2,0,0.539,0
ACC00779,897,75,2631.84,31,44,67089.75,122020.23,10,21,4,2,0.0902,0,0,1,1,0.2787,0
ACC00780,594,31,1972.24,16,15,29547.44,37273.23,8,6,2,2,0.0301,2,0,0,1,0.3309,0
ACC00781,726,55,3406.68,35,20,132198.76,75189.52,14,9,2,2,0.0276,0,0,0,2,0.2074,0
ACC00782,1775,36,8285.24,21,15,173177.36,132506.13,5,15,1,1,0.0364,2,0,0,0,0.2807,0
ACC00783,98,339,16966.07,185,154,2747575.81,2983114.69,173,154,14,128,0.3935,29,5,6,3,0.7848,1
ACC00784,697,50,3705.03,23,27,74897.71,99081.62,16,18,0,2,0.1257,1,2,1,1,0.4354,0
ACC00785,356,46,4645.72,23,23,133958.07,126703.28,11,11,2,5,0.0762,1,0,1,1,0.4339,0
ACC00786,628,43,1841.42,25,18,59347.04,27275.05,13,15,3,5,0.0754,2,0,1,0,0.2966,0
ACC00787,124,236,11674.52,148,88,1526780.56,1218637.6,117,72,16,86,0.3681,17,7,2,3,0.7635,1
ACC00788,1064,56,2224.06,31,25,80280.58,61210.8,5,13,0,1,0.0113,2,0,0,0,0.0829,0
ACC00789,68,106,5723.51,77,29,492090.5,154363.6,61,29,17,43,0.3968,23,5,8,6,0.9006,1
ACC00790,30,113,37992.8,82,31,3140497.38,1003345.13,49,22,23,40,0.1649,33,8,5,6,0.7955,1
ACC00791,1966,47,1614.81,20,27,32549.49,45663.66,9,9,2,1,0.0613,0,1,0,1,0.1306,0
ACC00792,372,15,5236.07,8,7,56004.25,25920.69,7,7,4,4,0.0177,2,0,0,0,0.1618,0
ACC00793,2272,53,3946.01,27,26,118312.45,105534.17,17,11,1,2,0.0985,1,0,0,0,0.129,0
ACC00794,253,97,7006.98,59,38,375946.39,283405.02,44,38,12,34,0.4998,26,5,1,4,0.9148,1
ACC00795,88,169,29763.64,85,84,2826240.17,2863424.6,77,84,15,63,0.2877,28,6,5,2,0.7108,1
ACC00796,1259,20,1624.22,11,9,19028.32,16008.36,9,8,1,1,0.045,3,0,0,0,0.283,0
ACC00797,88,319,29449.56,222,97,6870992.53,2883862.12,197,97,16,131,0.4551,28,7,5,6,0.9359,1
ACC00798,230,195,13046.87,115,80,1381733.96,1293064.96,98,71,13,85,0.5742,24,4,6,5,0.8898,1
ACC00799,154,394,15593.39,204,190,3725635.59,3009522.59,171,165,8,124,0.5661,25,7,3,6,0.8755,1
ACC00800,899,33,3167.05,14,19,39283.5,46823.97,3,10,2,0,0.0104,0,1,0,0,0.2138,0
ACC00801,250,445,15125.01,313,132,4768099.28,2283465.95,253,118,15,176,0.4396,18,3,7,7,0.7237,1
ACC00802,372,117,5380.69,87,30,449806.7,138826.54,58,13,17,44,0.4338,32,9,4,4,0.7476,1
ACC00803,1103,95,2973.18,50,45,153727.7,123620.91,18,24,2,3,0.0209,2,1,1,0,0.0399,0
ACC00804,564,21,10175.27,12,9,149979.68,69451.73,2,7,1,1,0.1959,0,0,4,1,0.0981,0
ACC00805,1144,28,3014.28,18,10,69122.68,26737.33,4,4,3,1,0.0584,2,0,0,1,0.4974,0
ACC00806,605,43,1488.58,27,16,53577.09,22168.2,6,2,0,2,0.0486,0,0,1,0,0.3408,0
ACC00807,896,37,11468.46,22,15,222223.29,197842.5,11,5,3,2,0.0646,1,0,2,0,0.3048,0
ACC00808,2523,24,1081.62,9,15,12866.19,19238.12,9,3,2,3,0.0995,2,0,1,0,0.3505,0
ACC00809,3495,33,2924.11,12,21,30863.99,69414.24,3,15,0,5,0.0793,0,2,3,0,0.0986,0
ACC00810,1030,34,3128.81,16,18,57074.02,56757.59,3,18,2,2,0.0178,3,0,1,2,0.4135,0
ACC00811,896,21,1877.19,9,12,17874.13,15867.1,9,5,0,1,0.0425,3,0,3,0,0.2908,0
ACC00812,448,31,6072.76,13,18,79667.27,117628.88,11,18,1,2,0.0091,0,1,0,0,0.1345,0
ACC00813,867,34,712.63,17,17,12190.71,11920.06,15,2,4,2,0.044,0,2,3,1,0.1565,0
ACC00814,1424,74,1753.46,26,48,34600.37,84373.12,5,24,5,3,0.0947,3,1,0,2,0.2105,0
ACC00815,818,53,4668.65,28,25,124940.61,103683.06,11,21,2,3,0.1021,3,0,1,0,0.2158,0
ACC00816,85,224,9664.33,136,88,1220848.17,752760.31,111,84,14,75,0.3397,26,8,5,5,0.8467,1
ACC00817,1115,31,3349.68,13,18,35925.71,50739.65,5,10,2,3,0.0445,1,0,2,1,0.2979,0
ACC00818,174,209,7202.93,106,103,784220.61,890129.65,87,76,11,83,0.2995,26,5,3,7,0.7293,1
ACC00819,113,182,23289.0,108,74,2469383.2,2049190.95,97,71,11,62,0.4792,25,10,7,2,0.7159,1
ACC00820,95,427,15650.08,265,162,5151789.51,2995167.8,215,144,15,169,0.3572,32,9,6,7,0.819,1
ACC00821,1169,72,3236.74,39,33,96989.75,108080.69,16,12,2,1,0.0158,0,1,1,0,0.3262,0
ACC00822,815,13,2381.83,7,6,17955.86,11836.13,6,6,2,2,0.0098,1,0,1,2,0.2215,0
ACC00823,1133,52,717.47,28,24,20025.26,19130.23,6,12,1,2,0.0509,2,0,2,0,0.4679,0
ACC00824,115,211,18906.11,138,73,3052074.91,1410134.0,112,53,11,88,0.3815,16,7,3,6,0.7281,1
ACC00825,87,573,32877.4,326,247,9530130.7,8963109.81,277,212,13,205,0.5961,31,9,5,7,0.9043,1
ACC00826,593,88,1062.26,47,41,63120.28,42456.97,22,25,1,2,0.0138,0,0,0,0,0.3033,0
ACC00827,497,50,696.12,27,23,18109.75,16247.92,22,6,4,0,0.0606,1,1,1,2,0.2122,0
ACC00828,1328,10,4639.8,3,7,11049.16,29565.65,2,4,2,0,0.0237,3,0,3,0,0.2242,0
ACC00829,823,61,2892.59,27,34,88238.93,88177.96,15,28,4,3,0.1223,2,0,1,0,0.2892,0
ACC00830,373,365,31463.63,247,118,7092676.78,4634721.29,198,97,17,135,0.422,25,6,5,5,0.7597,1
ACC00831,1043,94,3856.96,41,53,185339.15,203921.1,19,27,3,0,0.0271,0,0,1,3,0.4759,0
ACC00832,863,34,9376.78,21,13,240237.97,129478.42,9,4,2,1,0.0496,4,1,0,0,0.191,0
ACC00833,652,37,1588.11,16,21,19470.68,41554.84,13,5,0,3,0.0688,2,1,0,0,0.2559,0
ACC00834,257,179,11295.98,105,74,1081335.49,877992.13,76,60,21,74,0.2183,26,3,5,3,0.8567,1
ACC00835,914,27,2398.28,14,13,33307.38,23825.85,6,2,1,0,0.0129,4,1,4,0,0.4075,0
ACC00836,33,169,12154.44,111,58,1259353.44,693424.76,91,58,16,62,0.2838,26,4,6,7,0.7813,1
ACC00837,112,442,21641.28,255,187,5014305.66,4898547.95,186,181,15,164,0.4903,21,6,2,6,0.7927,1
ACC00838,1339,56,8014.11,34,22,269501.75,131116.31,11,4,2,1,0.0988,1,1,0,0,0.3841,0
ACC00839,2002,117,2912.03,42,75,116553.54,255668.78,17,46,0,2,0.091,1,3,3,0,0.1817,0
ACC00840,1401,48,3673.05,21,27,96543.99,94693.74,18,18,2,0,0.0274,1,0,2,0,0.1088,0
ACC00841,1053,45,3538.64,29,16,99158.8,62765.53,12,11,2,2,0.0198,1,0,3,1,0.3023,0
ACC00842,407,17,3181.24,6,11,25061.81,42097.05,2,9,0,1,0.1281,2,0,3,1,0.2101,0
ACC00843,1833,37,1824.19,19,18,38886.12,33244.22,2,12,3,3,0.0829,3,1,0,0,0.4474,0
ACC00844,899,67,1637.0,28,39,54323.37,47627.01,12,22,5,1,0.0236,1,0,1,3,0.1738,0
ACC00845,40,234,24816.65,137,97,2933001.45,2721555.39,107,88,12,102,0.3266,18,9,2,1,0.774,1
ACC00846,629,85,1152.89,53,32,74822.61,44570.42,26,19,3,0,0.0366,2,1,2,0,0.2548,0
ACC00847,1596,30,3252.82,16,14,50838.6,35405.52,11,4,2,1,0.0334,1,0,1,0,0.2442,0
ACC00848,912,45,1524.1,16,29,29956.38,34641.26,6,7,1,1,0.1397,1,0,1,1,0.5498,0
ACC00849,3481,38,485.35,17,21,6662.71,11405.23,2,16,3,3,0.0287,2,3,1,1,0.1274,0
ACC00850,147,204,14400.61,107,97,1587710.58,1523213.66,104,80,25,82,0.3634,27,10,6,3,0.5992,1
ACC00851,116,145,32337.24,95,50,3095260.31,1815393.26,74,35,15,64,0.5587,27,10,4,3,0.9371,1
ACC00852,404,69,1949.92,38,31,84502.41,44020.81,18,22,3,3,0.0426,0,1,0,0,0.3565,0
ACC00853,463,17,2284.35,7,10,19073.34,17242.72,7,2,3,2,0.0202,1,1,1,3,0.0534,0
ACC00854,477,69,2335.16,24,45,55681.24,128927.92,7,20,1,1,0.039,2,1,2,2,0.3039,0
ACC00855,922,52,1192.04,26,26,28457.14,34491.65,16,13,4,1,0.0081,2,0,4,0,0.4367,0
ACC00856,1275,27,2046.45,16,11,36001.76,28187.37,3,2,0,1,0.0405,0,0,0,0,0.0738,0
ACC00857,535,78,1745.21,46,32,103211.43,56483.58,24,11,3,2,0.0232,2,0,0,0,0.3104,0
ACC00858,112,451,22430.34,300,151,7432093.34,3127051.74,263,129,13,164,0.5163,32,7,4,5,0.8921,1
ACC00859,852,33,1454.2,18,15,33367.12,24617.3,9,11,2,2,0.0346,1,0,2,0,0.3311,0
ACC00860,932,49,4609.84,20,29,92538.66,116443.24,10,14,3,4,0.0819,3,0,2,0,0.1113,0
ACC00861,1107,295,7935.9,222,73,1569608.77,605169.68,205,68,17,110,0.5519,31,3,10,1,0.7963,1
ACC00862,472,45,2074.08,25,20,40082.99,35572.51,12,9,0,4,0.0909,1,0,0,2,0.3581,0
ACC00863,123,382,2741.61,281,101,716653.05,285876.54,208,73,21,145,0.289,27,5,8,4,0.6967,1
ACC00864,1503,57,3628.46,35,22,156542.97,103488.01,16,12,0,1,0.0338,1,0,0,0,0.0516,0
ACC00865,2026,71,1697.29,44,27,65483.02,47847.39,24,22,2,1,0.0577,2,1,2,0,0.113,0
ACC00866,133,111,19141.15,80,31,1701203.02,525821.61,53,31,20,40,0.4869,23,5,2,5,0.9368,1
ACC00867,350,150,2431.86,84,66,232720.95,161385.44,42,30,0,5,0.0285,2,3,2,2,0.2009,0
ACC00868,5000,42,5611.1,22,20,157022.39,102686.31,14,11,3,2,0.0344,0,0,0,0,0.1687,0
ACC00869,760,44,4339.5,16,28,90902.69,131666.18,10,17,1,3,0.027,0,1,0,0,0.2371,0
ACC00870,555,89,15765.67,53,36,752028.32,524333.12,39,32,11,38,0.3566,31,7,5,3,0.8689,1
ACC00871,1164,45,1877.44,25,20,37271.53,27980.83,5,8,2,4,0.0124,2,2,1,1,0.2332,0
ACC00872,227,367,8143.86,234,133,1841637.88,1152570.13,179,126,16,143,0.2631,26,4,5,4,0.8568,1
ACC00873,279,618,14667.62,421,197,6266264.57,3557591.27,355,181,13,210,0.5272,27,2,6,3,0.8832,1
ACC00874,76,865,26956.78,495,370,14331818.58,10899106.09,416,363,15,350,0.2877,22,4,6,8,0.6576,1
ACC00875,48,399,33046.97,312,87,11150412.32,3572477.41,263,66,20,176,0.427,24,8,4,5,0.9512,1
ACC00876,911,40,2261.23,19,21,49265.0,39457.04,17,20,4,3,0.055,2,0,1,3,0.1571,0
ACC00877,139,62,4150.11,21,41,72582.38,147474.16,2,13,3,0,0.0139,1,1,0,1,0.7152,0
ACC00878,1682,16,2305.8,10,6,26894.52,9765.43,7,2,1,2,0.0497,0,0,1,0,0.3586,0
ACC00879,829,15,2475.43,8,7,19280.33,18503.62,2,7,1,0,0.0194,1,0,1,3,0.2247,0
ACC00880,684,63,3070.09,22,41,74584.59,126098.29,12,22,2,4,0.0247,1,0,2,0,0.2355,0
ACC00881,143,286,9476.55,149,137,1740056.12,1481150.49,104,113,18,94,0.2336,23,7,4,5,0.8668,1
ACC00882,985,41,1765.23,18,23,31922.62,40729.6,9,14,0,0,0.1011,2,1,1,0,0.3193,0
ACC00883,904,85,1340.3,47,38,53156.43,62816.04,15,23,2,1,0.1479,2,0,2,1,0.3473,0
ACC00884,469,35,2961.93,21,14,64803.45,50612.1,2,2,1,3,0.0134,2,0,1,1,0.3922,0
ACC00885,182,42,2160.04,19,23,44795.88,55328.69,4,10,1,2,0.0285,2,0,0,0,0.4358,0
ACC00886,1206,33,1577.23,20,13,39799.19,25294.35,10,4,2,2,0.0561,1,0,0,1,0.478,0
ACC00887,158,785,8306.16,615,170,4639393.77,1730393.95,520,149,12,283,0.3787,43,4,5,4,0.8948,1
ACC00888,900,66,2587.45,28,38,62316.09,68919.08,7,22,5,6,0.0561,1,1,4,0,0.0821,0
ACC00889,568,49,4703.43,17,32,67635.97,114452.48,11,16,4,2,0.0506,1,0,0,1,0.3301,0
ACC00890,506,100,1956.96,56,44,128263.87,107419.6,28,27,3,2,0.1096,0,0,0,1,0.077,0
ACC00891,573,48,1398.73,23,25,41092.66,31483.04,9,19,2,2,0.0846,2,0,1,3,0.1926,0
ACC00892,825,26,1618.56,11,15,15988.73,27048.04,2,2,4,3,0.0328,1,0,0,0,0.3163,0
ACC00893,1836,87,3982.79,38,49,134653.69,206312.65,21,27,1,2,0.0402,4,2,0,0,0.3322,0
ACC00894,60,334,3706.08,227,107,732811.73,339638.5,191,84,8,114,0.471,32,3,4,3,0.815,1
ACC00895,45,152,7055.05,100,52,873152.1,381943.23,76,52,18,71,0.2577,27,4,5,8,0.8663,1
ACC00896,209,404,15241.85,277,127,5027603.01,1850931.63,230,127,14,179,0.3162,23,10,7,3,0.9541,1
ACC00897,2772,32,1512.68,16,16,26658.67,22416.43,3,16,3,2,0.0573,1,1,0,1,0.3512,0
ACC00898,208,86,1738.45,51,35,71691.12,43578.11,21,27,2,0,0.0639,0,1,2,1,0.4872,0
ACC00899,55,166,9733.47,92,74,1093358.27,839857.11,71,69,11,53,0.4647,21,2,10,4,0.929,1
ACC00900,1503,43,1146.28,20,23,17950.21,23141.33,2,13,2,3,0.0132,1,0,4,1,0.2022,0
ACC00901,1860,35,2678.8,18,17,46091.66,49813.09,2,15,1,1,0.0272,4,0,2,1,0.1392,0
ACC00902,642,28,2525.33,9,19,24109.65,54630.24,6,4,1,3,0.0708,2,0,0,2,0.1608,0
ACC00903,312,160,767.88,74,86,74677.44,65908.82,37,42,2,1,0.024,3,0,2,0,0.2523,0
ACC00904,1751,17,2898.02,8,9,29877.0,19405.65,2,9,2,1,0.0348,1,0,1,0,0.129,0
ACC00905,85,168,12080.24,103,65,1521033.59,914689.37,103,60,6,82,0.5986,22,7,10,2,0.856,1
ACC00906,293,94,18291.09,47,47,760585.46,882170.59,47,26,14,31,0.3338,20,6,6,3,0.8192,1
ACC00907,765,94,2743.02,40,54,141391.87,180801.42,20,25,0,1,0.1472,1,1,1,1,0.4396,0
ACC00908,340,16,1250.36,8,8,12522.97,12977.35,4,2,2,2,0.1036,3,1,1,1,0.1629,0
ACC00909,96,438,17916.4,325,113,6674243.14,1746870.94,247,99,16,159,0.5718,32,7,9,4,0.8528,1
ACC00910,2115,23,1969.75,14,9,27323.71,13871.92,6,5,3,4,0.0219,1,0,1,1,0.1995,0
ACC00911,1950,42,2308.59,25,17,61794.56,47324.7,16,3,3,2,0.0575,1,1,2,0,0.3204,0
ACC00912,14,645,11391.26,384,261,5011052.05,2809013.81,318,237,16,252,0.4018,17,3,4,5,0.8754,1
ACC00913,804,115,1473.24,73,42,82374.65,79113.29,31,20,2,1,0.0241,2,0,2,0,0.5062,0
ACC00914,105,83,23176.4,55,28,1123543.22,627611.28,33,28,18,44,0.7713,24,4,2,1,0.9491,1
ACC00915,223,101,1392.05,46,55,62031.72,58984.2,19,32,2,5,0.0442,1,0,4,2,0.4794,0
ACC00916,898,32,1088.47,16,16,21498.67,21785.91,7,3,2,2,0.0065,5,1,1,0,0.2337,0
ACC00917,331,362,3802.09,233,129,937748.3,438162.03,199,99,13,134,0.2876,27,9,7,6,0.9757,1
ACC00918,98,501,5106.18,270,231,1345176.69,1403033.62,230,208,15,187,0.5429,27,5,11,3,0.8882,1
ACC00919,425,25,2717.33,9,16,23506.82,43676.05,2,15,0,4,0.0264,1,1,1,2,0.1975,0
ACC00920,2060,77,1179.83,43,34,44820.58,40003.24,18,22,1,2,0.0405,0,0,1,0,0.3361,0
ACC00921,22,731,12516.05,534,197,8103388.71,2728083.76,456,164,15,259,0.2527,16,4,9,4,0.9217,1
ACC00922,594,61,2051.02,34,27,59014.53,40989.36,26,14,1,3,0.0503,1,0,2,1,0.3871,0
ACC00923,692,28,2151.22,17,11,48384.26,30422.39,13,4,3,1,0.0491,3,0,1,2,0.2774,0
ACC00924,294,50,879.45,25,25,24288.44,21876.8,18,7,3,2,0.0152,1,0,1,1,0.3022,0
ACC00925,731,144,6587.94,78,66,623645.76,471593.21,32,36,2,3,0.0339,0,3,0,1,0.3949,0
ACC00926,815,43,3441.21,26,17,112849.36,46475.52,18,17,3,3,0.0993,1,0,1,1,0.3194,0
ACC00927,924,33,2507.43,17,16,53918.12,34168.67,16,10,1,3,0.0475,2,0,0,1,0.4116,0
ACC00928,662,26,2902.32,16,10,58358.14,34192.5,11,2,3,1,0.0158,2,0,1,1,0.21,0
ACC00929,247,200,48091.86,120,80,6421532.87,3848581.13,101,75,9,87,0.3124,23,7,2,4,0.8569,1
ACC00930,738,60,8542.36,26,34,282933.49,247002.66,7,10,1,3,0.0442,1,0,4,0,0.2255,0
ACC00931,207,123,5242.76,43,80,263278.65,320497.7,18,37,4,4,0.0268,1,0,2,2,0.2612,0
ACC00932,1172,50,2630.75,20,30,50570.81,73643.97,5,9,5,0,0.0363,1,1,2,2,0.341,0
ACC00933,911,76,5931.86,43,33,226952.55,151078.92,24,15,1,2,0.1526,2,0,2,0,0.4143,0
ACC00934,761,74,1620.25,26,48,35549.05,77741.05,8,23,1,2,0.0058,0,0,2,1,0.3949,0
ACC00935,724,22,4296.95,13,9,65337.56,31105.55,8,5,3,3,0.0187,1,0,1,1,0.2241,0
ACC00936,1215,30,2241.12,10,20,20854.24,43930.52,8,16,1,0,0.1004,2,0,1,1,0.3526,0
ACC00937,72,261,5390.62,158,103,1026602.18,685535.5,129,87,18,107,0.2649,17,5,2,5,0.9153,1
ACC00938,1121,57,1608.23,20,37,33699.04,76177.36,9,19,1,1,0.0829,2,1,1,1,0.3836,0
ACC00939,3150,31,1305.44,18,13,19223.53,15564.34,9,13,2,1,0.0736,1,1,2,1,0.0741,0
ACC00940,686,26,783.63,14,12,9010.98,12134.06,2,7,2,1,0.0238,3,1,1,1,0.1126,0
ACC00941,51,287,9051.98,177,110,1847003.73,1105702.54,177,104,7,117,0.3461,32,5,5,4,0.9077,1
ACC00942,850,61,7165.65,29,32,156525.53,240825.97,15,21,2,4,0.0305,2,0,2,0,0.2829,0
ACC00943,1332,42,5303.83,20,22,108924.58,98627.89,19,8,4,0,0.0175,0,0,2,0,0.1847,0
ACC00944,1046,10,2899.64,4,6,10266.55,18473.65,4,5,1,3,0.0277,2,0,1,1,0.0944,0
ACC00945,2003,24,1495.11,11,13,15912.32,15383.52,8,10,0,2,0.0747,0,0,1,1,0.2143,0
ACC00946,3074,23,915.46,10,13,8140.06,13029.8,10,5,1,2,0.0593,1,0,2,3,0.1714,0
ACC00947,410,55,3310.35,27,28,116627.79,67159.77,19,4,2,0,0.0378,5,0,3,0,0.12,0
ACC00948,860,21,1933.4,7,14,11951.56,32246.91,7,12,0,2,0.0359,1,0,0,0,0.1093,0
ACC00949,613,80,999.87,41,39,47037.38,29352.54,26,20,1,7,0.0287,2,0,2,0,0.3366,0
ACC00950,1249,95,975.97,51,44,50220.76,39897.48,30,27,1,0,0.0404,2,1,2,0,0.1475,0
ACC00951,929,76,1973.24,48,28,80226.79,56157.51,25,23,6,3,0.0097,1,1,2,0,0.2674,0
ACC00952,1191,17,5281.08,8,9,43298.74,56929.88,2,2,0,1,0.0381,0,0,1,0,0.5963,0
ACC00953,102,227,19850.95,170,57,4203042.75,1346459.17,116,57,16,71,0.329,28,7,1,4,0.869,1
ACC00954,995,25,9215.47,14,11,145266.06,122264.13,14,7,0,0,0.0204,1,2,1,1,0.3593,0
ACC00955,282,34,2775.27,17,17,49546.47,34171.3,10,3,1,3,0.0098,1,1,2,3,0.1895,0
ACC00956,2757,47,477.19,18,29,10946.0,10490.68,9,15,2,1,0.0809,0,1,2,0,0.2201,0
ACC00957,1972,17,2083.98,10,7,17725.97,17223.8,4,2,1,4,0.0407,3,1,0,1,0.2519,0
ACC00958,526,31,1583.08,12,19,16727.16,30257.34,6,6,0,2,0.0593,2,1,1,0,0.0439,0
ACC00959,56,211,12159.06,106,105,1549138.12,1574670.65,76,93,12,74,0.5291,30,11,3,1,0.9242,1
ACC00960,850,49,2485.95,28,21,78425.97,53079.36,2,15,0,4,0.0426,1,0,0,1,0.5632,0
ACC00961,272,12,3807.39,7,5,25858.02,19344.72,3,2,5,3,0.1001,2,0,0,0,0.4513,0
ACC00962,559,75,887.48,42,33,30861.73,34876.69,19,14,3,1,0.0305,3,1,1,0,0.1699,0
ACC00963,486,31,2579.97,13,18,25451.79,54254.44,9,10,3,1,0.1266,4,0,1,0,0.1009,0
ACC00964,2141,59,4681.05,32,27,129391.96,136450.95,21,8,0,2,0.105,1,1,3,1,0.3369,0
ACC00965,975,30,687.49,15,15,11033.41,9025.57,5,6,1,3,0.0577,0,1,2,0,0.2998,0
ACC00966,290,489,9942.24,326,163,3837578.01,1685457.67,285,138,10,182,0.4878,27,10,2,4,0.8866,1
ACC00967,302,625,35484.67,406,219,17226128.28,9528850.68,346,201,15,230,0.4284,22,6,8,2,0.9659,1
ACC00968,80,209,12210.27,141,68,2115216.76,959395.02,116,36,10,91,0.2883,23,7,4,4,0.9567,1
ACC00969,105,77,21606.46,49,28,1019893.42,553612.37,49,21,17,37,0.3874,22,7,4,3,0.7664,1
ACC00970,505,144,863.9,71,73,46266.71,49239.13,31,36,1,1,0.0285,1,1,1,3,0.3797,0
ACC00971,266,48,4023.97,20,28,64979.17,145869.55,6,17,1,1,0.0524,3,0,1,0,0.5488,0
ACC00972,1875,32,2582.2,16,16,38947.86,34210.43,9,12,4,4,0.0272,1,3,1,1,0.277,0
ACC00973,2300,129,2917.57,65,64,224786.67,149717.82,36,27,1,4,0.0954,4,1,0,0,0.2767,0
ACC00974,236,310,14621.66,177,133,3032515.13,1863992.58,144,113,16,116,0.1897,23,7,2,7,0.9169,1
ACC00975,44,222,26069.44,149,73,4288526.85,2319607.41,100,70,10,99,0.3843,22,3,6,5,0.9707,1
ACC00976,962,98,1526.09,43,55,56362.78,106055.7,27,29,1,4,0.0632,0,0,1,0,0.1226,0
ACC00977,2211,31,5735.71,15,16,106104.31,89166.37,14,14,2,3,0.0608,0,0,3,0,0.2492,0
ACC00978,1367,38,4469.61,15,23,61194.12,89484.7,4,7,1,1,0.1265,3,2,0,0,0.1842,0
ACC00979,745,151,570.53,81,70,46954.68,47493.65,40,39,0,3,0.044,3,0,0,3,0.1771,0
ACC00980,868,21,6453.05,11,10,73832.71,45325.36,8,6,2,0,0.0171,2,0,4,1,0.3056,0
ACC00981,601,29,3311.18,14,15,44725.24,48969.79,2,12,3,2,0.0427,3,1,0,0,0.2112,0
ACC00982,1229,92,1564.21,54,38,79411.31,66798.16,20,29,1,3,0.0547,0,1,2,2,0.402,0
ACC00983,569,19,2614.85,12,7,37401.86,16435.69,11,6,0,1,0.1611,0,0,3,1,0.177,0
ACC00984,147,208,11426.06,157,51,1698741.15,693214.91,139,46,16,66,0.3363,16,5,4,3,0.8308,1
ACC00985,1474,11,6145.45,6,5,30123.9,28447.75,2,2,0,4,0.0449,2,1,2,0,0.2468,0
ACC00986,1110,60,1866.37,22,38,51089.32,61328.97,15,20,0,1,0.0718,1,1,1,1,0.2955,0
ACC00987,187,224,8906.82,151,73,1467090.05,766294.26,137,73,16,92,0.5791,19,5,3,4,0.9163,1
ACC00988,1349,29,910.1,15,14,13486.41,10675.05,2,10,3,2,0.0744,3,0,2,0,0.2685,0
ACC00989,1440,40,3613.55,25,15,85620.72,55351.44,17,2,0,2,0.0683,1,0,1,2,0.1178,0
ACC00990,533,65,1284.26,24,41,40520.06,49539.72,14,20,0,0,0.0462,1,0,1,0,0.1939,0
ACC00991,57,418,16377.04,300,118,5460704.53,1865035.17,255,110,15,166,0.3069,30,5,4,7,0.9745,1
ACC00992,326,75,2348.68,44,31,118543.87,71950.59,17,18,2,2,0.0108,3,1,0,0,0.2034,0
ACC00993,822,104,2493.76,49,55,120448.26,107427.6,18,27,0,3,0.0711,0,1,3,0,0.2092,0
ACC00994,493,33,2441.97,18,15,54372.49,30047.93,3,13,1,2,0.0302,3,2,0,3,0.1556,0
ACC00995,669,146,2504.1,64,82,179364.34,157251.31,26,36,5,2,0.0655,1,1,1,0,0.2485,0
ACC00996,105,398,7418.6,207,191,1727813.32,1315563.17,152,178,21,168,0.2669,30,5,6,5,0.9685,1
ACC00997,192,701,45451.69,426,275,22131088.37,12694190.81,370,256,21,275,0.3547,23,8,7,6,0.7727,1
ACC00998,375,83,11014.42,30,53,366944.58,599856.14,10,30,3,1,0.0554,1,0,3,1,0.2792,0
ACC00999,3154,50,2716.91,31,19,100301.14,57766.08,10,14,0,4,0.0741,3,1,1,1,0.2513,0
ACC01000,68,332,9121.65,226,106,1845477.86,996203.41,186,98,14,116,0.3706,19,8,3,5,0.7219,1
ACC01001,461,56,1627.22,28,28,59323.57,52716.09,16,16,1,1,0.1068,2,0,2,0,0.5014,0
ACC01002,114,188,19581.68,132,56,2322010.03,1269208.53,68,49,16,70,0.3309,39,2,1,2,0.6988,1
ACC01003,154,133,8899.01,71,62,565972.46,672399.06,67,54,10,74,0.4807,27,5,8,5,0.7443,1
ACC01004,155,114,4126.64,86,28,386806.08,103474.71,80,26,16,37,0.5471,23,9,7,5,0.8141,1
ACC01005,1684,31,4181.93,16,15,50741.79,43996.25,6,5,1,2,0.07,1,1,0,1,0.4793,0
ACC01006,527,96,3027.17,39,57,149482.6,215892.44,9,36,3,1,0.0722,0,0,2,1,0.1175,0
ACC01007,227,338,19760.78,222,116,4728705.42,2482345.88,208,104,3,127,0.419,21,4,3,6,0.5201,1
ACC01008,769,57,2863.57,34,23,114396.42,69728.58,18,10,1,1,0.0087,1,0,2,0,0.126,0
ACC01009,498,50,3010.12,29,21,87411.98,74391.14,11,17,2,5,0.0208,2,2,1,0,0.4098,0
ACC01010,412,433,33570.63,330,103,9780990.7,3801834.06,290,102,16,175,0.4551,23,2,4,4,0.8823,1
ACC01011,4812,28,2703.88,11,17,36021.22,40380.83,8,2,1,2,0.0425,0,1,1,0,0.2139,0
ACC01012,990,32,1561.62,11,21,22464.83,38762.13,2,3,0,3,0.0603,0,1,1,2,0.1817,0
ACC01013,898,37,6020.38,22,15,140182.13,105518.74,9,2,0,2,0.0551,1,1,0,1,0.4759,0
ACC01014,244,118,8138.2,66,52,634672.09,515376.43,58,45,10,52,0.5074,34,5,4,6,0.8284,1
ACC01015,762,22,2878.4,10,12,25834.82,31872.6,2,10,0,1,0.0476,1,0,1,1,0.5163,0
ACC01016,675,47,4380.49,21,26,119785.27,141620.9,8,23,2,4,0.0713,0,4,2,0,0.328,0
ACC01017,45,371,9889.59,281,90,3234460.81,1102999.11,230,59,12,139,0.1826,27,6,5,4,0.8116,1
ACC01018,537,57,3525.08,28,29,130468.05,94005.19,15,10,4,4,0.0779,3,0,1,0,0.4193,0
ACC01019,607,135,10586.18,81,54,882594.01,714056.74,81,49,11,57,0.2339,29,4,2,3,0.834,1
ACC01020,1647,72,12130.49,32,40,470368.25,611914.79,24,22,3,4,0.051,3,0,1,0,0.1136,0
ACC01021,184,37,2404.14,17,20,52241.44,44125.48,12,13,0,2,0.0259,0,1,1,2,0.0803,0
ACC01022,116,462,22345.08,358,104,9665709.73,1992489.42,335,98,16,187,0.5217,27,7,4,7,0.8759,1
ACC01023,542,250,18846.14,149,101,2397438.15,1858414.03,120,95,14,105,0.2707,25,5,4,5,0.9425,1
ACC01024,1137,32,2610.37,19,13,53943.12,24120.91,13,3,3,2,0.0898,2,0,0,0,0.2098,0
ACC01025,728,26,2446.69,16,10,40222.08,25636.62,7,2,2,3,0.0635,1,0,0,0,0.1522,0
ACC01026,260,120,42699.4,89,31,4668280.33,1561589.0,79,31,11,46,0.4691,26,5,5,5,0.707,1
ACC01027,625,97,578.84,62,35,44657.26,20265.41,25,18,4,3,0.0604,3,0,0,1,0.3995,0
ACC01028,2028,35,2659.23,12,23,31636.71,74304.89,8,14,3,0,0.0322,2,0,0,2,0.0625,0
ACC01029,98,269,17933.84,140,129,2959440.14,2007753.92,95,100,16,113,0.4171,23,6,6,4,0.7377,1
ACC01030,1158,57,4682.05,31,26,148478.53,138170.89,12,25,4,0,0.1204,1,0,2,1,0.303,0
ACC01031,1060,64,1780.94,38,26,82398.44,51247.63,16,12,2,5,0.0189,1,0,1,0,0.1654,0
ACC01032,426,25,2996.7,13,12,33218.73,45720.59,2,6,0,1,0.0214,1,3,1,2,0.15,0
ACC01033,523,32,2811.0,14,18,44690.73,53332.28,3,16,5,1,0.0911,3,1,0,1,0.1282,0
ACC01034,388,31,4492.42,15,16,87430.37,58245.95,2,2,0,1,0.0161,1,1,1,0,0.5694,0
ACC01035,691,72,2237.46,39,33,111391.18,78389.09,21,24,1,1,0.017,1,0,0,2,0.1415,0
ACC01036,4094,28,2307.36,10,18,23415.82,49629.1,7,18,0,0,0.0239,2,0,2,1,0.0999,0
ACC01037,407,64,800.31,31,33,25259.45,33443.29,21,10,3,1,0.0167,1,2,0,1,0.1882,0
ACC01038,1481,113,10956.75,48,65,635365.91,845455.15,24,34,1,5,0.0239,2,0,0,3,0.3169,0
ACC01039,69,283,17305.22,205,78,3914132.01,1223725.44,172,71,17,105,0.4991,25,6,2,4,0.9119,1
ACC01040,97,277,6164.79,188,89,1093661.91,650555.46,158,69,18,108,0.4395,23,6,5,3,0.9648,1
ACC01041,537,298,12160.05,159,139,1931046.91,2042726.2,114,126,18,99,0.3311,21,11,7,5,0.8339,1
ACC01042,1814,34,6869.24,21,13,153098.75,71486.16,7,4,1,2,0.0721,3,1,0,0,0.435,0
ACC01043,110,233,11446.41,169,64,2265409.44,843605.28,139,59,15,78,0.2416,27,11,8,4,0.8662,1
ACC01044,554,62,2040.7,22,40,43442.62,96815.85,12,24,3,1,0.0146,1,0,0,0,0.0507,0
ACC01045,343,33,848.97,12,21,8129.16,19755.29,8,12,1,1,0.0333,2,0,1,0,0.1406,0
ACC01046,1182,48,2253.99,28,20,70701.74,49920.9,4,7,3,1,0.0772,0,0,3,0,0.2584,0
ACC01047,2893,24,756.47,12,12,8650.43,11502.78,2,4,5,3,0.0526,2,1,0,1,0.337,0
ACC01048,729,25,2638.72,13,12,36524.64,26578.05,13,12,3,6,0.0435,0,0,0,1,0.1745,0
ACC01049,170,131,2757.12,101,30,297090.42,95771.33,95,14,13,55,0.3553,29,3,5,4,0.9305,1
ACC01050,1156,56,3607.4,26,30,113651.63,125909.32,12,14,2,2,0.075,6,1,4,0,0.1696,0
ACC01051,651,35,858.89,17,18,14285.73,18563.85,17,12,6,2,0.0398,1,1,3,1,0.3531,0
ACC01052,474,108,18438.57,71,37,1318299.17,605250.51,34,37,10,47,0.2314,23,2,5,5,0.8172,1
ACC01053,86,153,7899.91,86,67,684934.25,472359.59,83,66,16,57,0.3643,22,9,3,4,0.9174,1
ACC01054,2736,29,4903.27,14,15,89557.39,71513.43,13,9,3,4,0.0278,1,0,2,0,0.1578,0
ACC01055,392,25,4935.9,13,12,67201.83,64848.29,12,9,1,4,0.1216,3,0,1,1,0.4911,0
ACC01056,197,272,25044.28,187,85,4788512.92,2224618.0,171,78,14,97,0.1684,22,2,4,7,0.7629,1
ACC01057,52,204,23257.64,116,88,3071081.43,2494483.4,102,84,19,66,0.3009,16,7,6,3,0.9142,1
ACC01058,655,57,2124.81,28,29,45533.06,74995.37,17,19,1,5,0.0257,1,0,0,1,0.2255,0
ACC01059,1155,47,1445.17,24,23,27348.93,31783.25,14,17,5,3,0.0258,2,0,1,0,0.2128,0
ACC01060,312,66,9365.78,37,29,318927.7,293713.7,20,20,18,14,0.5363,26,7,6,3,0.8894,1
ACC01061,40,375,9103.15,292,83,2291203.82,886426.69,284,56,12,141,0.3926,28,5,4,1,0.8053,1
ACC01062,26,233,8658.5,157,76,1426199.64,586795.56,130,73,14,97,0.2265,27,6,2,5,0.9522,1
ACC01063,85,157,21886.8,98,59,2162967.2,1442534.16,88,59,16,61,0.4601,31,6,4,5,0.45,1
ACC01064,377,43,9022.83,15,28,181431.63,259387.82,2,13,0,0,0.0439,1,1,2,2,0.0628,0
ACC01065,535,43,4521.71,19,24,71420.82,98829.93,11,14,2,2,0.0276,1,1,1,0,0.2322,0
ACC01066,142,336,31280.95,202,134,5518278.99,5089492.59,174,107,11,141,0.4393,33,5,1,3,0.7591,1
ACC01067,1207,74,5179.23,26,48,148647.55,281660.26,5,21,1,2,0.0195,1,2,2,2,0.0938,0
ACC01068,1601,27,1574.99,10,17,18235.56,31438.56,10,17,2,0,0.0427,0,0,0,0,0.0711,0
ACC01069,1687,31,2502.93,11,20,23414.3,50133.39,6,14,1,1,0.0135,2,0,2,0,0.1699,0
ACC01070,1384,61,1692.67,34,27,64987.31,57341.09,12,15,0,5,0.0575,1,1,1,0,0.4007,0
ACC01071,524,26,858.7,12,14,13805.83,11065.38,2,3,3,1,0.0323,1,0,4,0,0.293,0
ACC01072,824,107,3495.23,61,46,281246.35,201947.58,31,26,0,0,0.0415,1,0,3,1,0.1753,0
ACC01073,2906,17,5195.91,9,8,40373.74,37078.41,2,8,1,2,0.0547,0,0,1,0,0.367,0
ACC01074,1277,72,1672.62,31,41,41425.87,55081.74,6,15,1,4,0.0825,1,0,3,1,0.187,0
ACC01075,164,441,12045.33,346,95,5207207.99,1236361.17,301,95,10,164,0.3413,25,2,6,4,0.7639,1
ACC01076,415,53,3010.9,27,26,61646.65,74787.66,10,21,1,5,0.0531,2,1,1,2,0.1081,0
ACC01077,49,167,7651.56,92,75,673336.31,692376.2,49,75,16,53,0.2778,24,3,6,4,0.7119,1
ACC01078,780,10,2027.09,3,7,7441.81,18153.63,2,7,3,1,0.0309,2,1,1,0,0.175,0
ACC01079,114,349,23741.86,214,135,4612752.96,3439315.33,174,135,15,158,0.3631,21,4,2,2,0.8713,1
ACC01080,125,109,7681.88,73,36,607818.43,342244.41,46,36,9,36,0.6561,28,7,8,6,0.8323,1
ACC01081,80,463,19324.44,304,159,5570028.43,3087829.19,255,132,13,154,0.3078,25,6,3,2,0.709,1
ACC01082,1166,74,1244.83,35,39,37556.5,34610.8,12,18,0,1,0.0323,1,0,1,0,0.369,0
ACC01083,640,243,18778.29,138,105,3083481.03,2145519.85,93,90,10,98,0.2834,23,4,3,5,0.7088,1
ACC01084,41,527,25073.91,327,200,10227806.23,4618580.36,271,194,30,176,0.2602,28,5,5,6,0.8981,1
ACC01085,203,314,18205.63,210,104,4525383.09,2028813.3,153,86,25,105,0.2769,22,1,4,4,0.91,1
ACC01086,449,69,2606.01,43,26,139405.93,86953.58,21,17,5,1,0.0247,1,2,0,0,0.3425,0
ACC01087,389,41,1014.06,21,20,22457.9,26206.06,7,8,1,3,0.0816,1,0,1,0,0.2396,0
ACC01088,105,205,7380.94,135,70,1039792.78,466978.81,108,70,18,64,0.4627,19,6,4,1,0.7304,1
ACC01089,1679,99,1701.66,49,50,67740.62,107745.64,18,26,3,4,0.0212,1,1,0,1,0.2958,0
ACC01090,68,412,10907.67,326,86,4328168.87,821723.42,280,86,15,175,0.321,25,4,4,3,0.5936,1
ACC01091,666,41,2102.11,21,20,45165.13,30067.58,12,12,4,2,0.0138,1,1,0,0,0.3779,0
ACC01092,242,45,3654.47,27,18,116906.31,65590.34,20,16,1,0,0.0528,0,0,4,3,0.376,0
ACC01093,689,90,1601.23,51,39,82041.66,49187.23,30,27,0,2,0.0476,2,0,3,0,0.3982,0
ACC01094,99,315,23610.72,195,120,4873317.28,3073902.55,163,115,14,107,0.2497,22,7,5,2,0.854,1
ACC01095,166,358,12680.06,225,133,2995663.37,1554171.93,169,118,16,152,0.4502,30,3,5,3,0.828,1
ACC01096,1585,33,1721.14,13,20,27460.11,34683.48,3,9,2,1,0.0653,1,0,0,1,0.1538,0
ACC01097,961,39,4149.59,22,17,113550.61,83759.25,9,2,3,3,0.0912,2,0,1,2,0.4358,0
ACC01098,1655,23,3025.38,8,15,27283.26,43279.53,2,12,2,1,0.0247,2,1,1,0,0.1959,0
ACC01099,165,40,10451.26,25,15,325101.34,145926.54,25,15,17,15,0.6045,19,7,5,2,0.8242,1
ACC01100,413,57,1247.49,36,21,51559.14,25948.23,11,2,3,4,0.0408,0,0,2,1,0.2231,0
ACC01101,1228,31,1022.92,17,14,19367.48,17959.79,2,14,3,4,0.0299,3,2,0,0,0.0991,0
ACC01102,599,37,4643.67,19,18,81169.26,74670.88,2,11,4,5,0.0329,1,1,0,0,0.2396,0
ACC01103,58,327,16885.22,201,126,4149063.47,2397279.43,184,114,10,132,0.2315,23,8,7,7,0.8998,1
ACC01104,2453,25,4648.38,15,10,70636.56,44324.95,5,10,0,2,0.024,2,0,0,1,0.4627,0
ACC01105,741,77,962.12,29,48,34907.78,52393.38,13,28,1,3,0.0382,1,0,1,1,0.3596,0
ACC01106,666,189,4675.27,70,119,436074.09,446652.83,32,58,1,3,0.0485,2,0,1,0,0.4744,0
ACC01107,554,52,1471.8,27,25,49139.3,32475.15,15,11,2,3,0.0312,2,0,1,1,0.1718,0
ACC01108,2204,50,1410.06,32,18,42333.16,24407.9,10,11,2,2,0.0941,1,0,1,0,0.3329,0
ACC01109,161,85,11280.27,46,39,457278.87,484633.27,6,39,15,37,0.3824,23,4,6,4,0.7288,1
ACC01110,1104,39,1045.05,15,24,18433.43,32572.03,12,17,7,1,0.0392,2,0,3,0,0.2718,0
ACC01111,1398,26,3491.4,9,17,23679.1,59175.81,2,12,5,3,0.0395,2,0,0,1,0.2094,0
ACC01112,656,26,1870.52,16,10,35503.89,19558.89,7,10,2,3,0.0836,2,1,2,0,0.131,0
ACC01113,98,136,15889.27,77,59,1156886.11,937854.81,77,59,17,52,0.3172,24,4,3,4,0.9877,1
ACC01114,46,541,21942.21,317,224,6127235.43,5825154.94,275,173,13,214,0.4261,29,4,3,8,0.6038,1
ACC01115,2223,104,1541.86,54,50,82112.21,61361.52,17,29,1,0,0.0655,0,0,2,0,0.0696,0
ACC01116,802,27,1399.32,11,16,12852.2,25234.26,11,13,1,2,0.0378,1,0,3,1,0.1552,0
ACC01117,784,39,4389.16,22,17,87784.93,87242.71,7,17,1,4,0.018,0,0,5,0,0.2259,0
ACC01118,115,63,1693.39,30,33,53647.26,49529.33,7,17,2,2,0.0624,2,1,0,3,0.1677,0
ACC01119,409,18,18730.89,11,7,200428.48,140250.37,2,5,1,0,0.0353,1,0,0,3,0.3043,0
ACC01120,539,26,7804.46,14,12,136503.83,112623.52,8,4,5,5,0.1096,0,2,0,1,0.3635,0
ACC01121,119,465,10400.7,370,95,4110923.51,1091838.37,310,85,11,182,0.3675,27,4,5,4,0.9343,1
ACC01122,492,244,20048.55,191,53,3490407.0,1328150.54,153,35,12,90,0.22,30,10,4,3,0.7686,1
ACC01123,1652,52,2592.04,21,31,66668.89,68245.99,12,13,2,3,0.0226,2,0,2,1,0.2672,0
ACC01124,1011,36,5905.54,13,23,60635.63,162118.71,8,7,3,2,0.0589,2,0,1,0,0.1843,0
ACC01125,787,67,8618.09,41,26,332421.96,285686.93,18,19,1,3,0.0583,4,2,1,0,0.4794,0
ACC01126,1529,84,5989.29,35,49,177487.26,284814.2,9,25,2,2,0.0538,2,0,1,1,0.163,0
ACC01127,705,29,2333.84,16,13,32353.1,32999.85,3,2,2,4,0.0732,3,1,0,1,0.2261,0
ACC01128,134,223,8523.22,159,64,1435555.03,555031.6,121,39,9,94,0.5012,20,7,2,6,0.7391,1
ACC01129,575,65,4919.66,39,26,241860.36,138380.14,14,12,1,3,0.0565,2,1,0,0,0.4633,0
ACC01130,821,24,1488.54,11,13,13360.15,20741.92,5,2,3,1,0.0318,2,0,1,1,0.3133,0
ACC01131,2214,111,3811.35,53,58,237531.95,168194.26,27,38,1,2,0.0749,1,1,1,1,0.2444,0
ACC01132,2273,35,1840.51,13,22,19304.84,45799.09,2,10,3,4,0.0172,4,0,0,0,0.6075,0
ACC01133,586,47,10855.81,21,26,257253.05,244331.25,14,14,0,1,0.0582,3,1,0,0,0.1741,0
ACC01134,733,74,1688.88,31,43,65498.24,68934.87,20,25,3,2,0.0126,0,0,2,2,0.2676,0
ACC01135,460,21,3489.35,10,11,41318.63,36785.09,2,10,1,2,0.0344,2,0,1,2,0.1584,0
ACC01136,125,405,10535.28,266,139,3369428.38,1545235.17,253,108,10,168,0.5059,24,7,3,3,0.8547,1
ACC01137,1072,49,1565.88,31,18,40073.25,34185.26,21,4,0,2,0.0395,3,1,1,0,0.2558,0
ACC01138,120,470,17852.63,315,155,6909364.93,3196555.9,275,129,16,171,0.2643,22,4,6,3,0.828,1
ACC01139,442,304,15433.15,179,125,2865696.5,2406889.68,152,125,17,109,0.2179,32,8,1,6,0.7794,1
ACC01140,1975,85,2601.74,44,41,100408.68,93381.48,21,27,2,2,0.06,1,1,1,0,0.1085,0
ACC01141,891,38,5538.87,23,15,108058.49,75024.56,9,6,1,3,0.0311,3,1,1,0,0.2681,0
ACC01142,607,34,3786.29,18,16,58792.86,72842.9,9,11,5,1,0.0106,2,0,1,1,0.0897,0
ACC01143,2495,66,3056.46,33,33,126101.95,119135.71,19,20,0,2,0.0835,1,1,1,0,0.4843,0
ACC01144,855,65,3485.92,24,41,104819.41,104964.45,10,24,2,0,0.0381,0,1,6,1,0.1234,0
ACC01145,970,27,2218.68,11,16,21713.4,31278.77,2,2,0,1,0.0651,1,0,0,0,0.1283,0
ACC01146,1156,46,3224.5,27,19,115319.95,42984.68,13,8,1,1,0.1076,1,0,0,0,0.3194,0
ACC01147,1848,30,1533.6,10,20,15988.23,29227.97,7,8,2,3,0.0277,2,0,3,0,0.1458,0
ACC01148,83,214,8558.39,115,99,941927.18,1050521.43,81,99,14,89,0.2666,37,4,6,3,0.8181,1
ACC01149,2168,60,6760.85,35,25,214564.72,169055.53,11,8,1,1,0.0212,5,0,0,0,0.1888,0
ACC01150,225,160,11856.87,91,69,1174668.94,722511.2,73,69,14,53,0.3339,24,5,8,3,0.9879,1
ACC01151,44,332,16831.71,191,141,3805420.75,2517337.83,165,130,18,137,0.634,28,7,7,4,0.9333,1
ACC01152,114,906,10648.75,656,250,6911612.47,2968684.38,544,226,16,379,0.5101,22,7,7,8,0.7891,1
ACC01153,1232,50,5734.74,29,21,182779.28,114819.16,8,11,2,2,0.0563,0,0,1,1,0.2859,0
ACC01154,975,75,2330.49,45,30,129978.82,81888.4,20,10,3,2,0.0422,2,0,0,0,0.1964,0
ACC01155,1687,24,2916.08,13,11,34887.26,22880.44,7,11,1,7,0.039,1,1,0,2,0.171,0
ACC01156,835,78,3084.18,47,31,155848.74,88161.08,17,11,0,2,0.069,2,0,1,3,0.6796,0
ACC01157,820,14,1080.61,6,8,5950.63,10614.54,2,8,3,1,0.0203,1,3,1,2,0.2557,0
ACC01158,377,24,3696.48,10,14,31906.02,52659.72,2,2,3,1,0.1055,1,0,0,0,0.4959,0
ACC01159,887,41,2228.96,23,18,59960.04,44229.51,5,7,0,6,0.0195,1,1,1,0,0.5451,0
ACC01160,150,846,21057.37,437,409,9019439.65,9714311.52,385,373,21,323,0.3591,32,5,14,4,0.794,1
ACC01161,79,320,10530.35,160,160,2059476.05,1604668.24,122,143,24,129,0.518,27,5,6,3,0.756,1
ACC01162,1120,27,1440.78,16,11,28258.27,13244.2,8,6,5,4,0.0526,3,1,1,1,0.3812,0
ACC01163,653,77,2485.64,37,40,82737.12,113339.93,21,29,1,1,0.0387,2,1,2,0,0.4618,0
ACC01164,278,390,27118.12,249,141,6634588.06,3520744.36,211,135,14,167,0.1611,22,6,5,2,0.9627,1
ACC01165,1535,42,5036.42,21,21,93341.3,114489.97,3,9,2,1,0.021,0,0,2,1,0.4699,0
ACC01166,1962,35,3680.24,17,18,60118.26,84492.17,7,15,2,3,0.0395,0,0,2,1,0.2776,0
ACC01167,151,249,8326.93,195,54,1805981.62,462016.74,189,46,12,106,0.2206,22,6,8,4,0.8683,1
ACC01168,983,46,3356.02,17,29,76896.17,94708.72,5,10,1,1,0.0293,1,0,1,1,0.1492,0
ACC01169,186,372,6539.47,229,143,1845481.96,1135801.86,187,119,9,150,0.3657,32,4,3,9,0.8695,1
ACC01170,1305,13,1578.67,4,9,6244.91,10166.22,2,9,2,1,0.091,0,0,4,2,0.0956,0
ACC01171,421,27,2842.72,14,13,37930.01,40717.99,8,3,2,2,0.0728,3,0,1,0,0.2471,0
ACC01172,397,59,935.27,31,28,30047.46,29425.12,11,6,1,1,0.0311,1,2,0,1,0.211,0
ACC01173,325,45,2170.3,27,18,71918.71,38659.75,14,9,2,1,0.0097,3,1,2,1,0.6693,0
ACC01174,1229,45,1746.9,22,23,46407.84,44253.12,11,23,2,0,0.0373,2,0,0,1,0.1519,0
ACC01175,712,47,2644.22,22,25,75174.74,83047.06,3,13,2,3,0.0254,1,0,0,0,0.1945,0
ACC01176,388,13,4059.53,7,6,37885.33,21019.57,2,6,5,4,0.0904,1,0,1,0,0.2629,0
ACC01177,1856,72,2305.39,32,40,88725.09,105205.8,19,19,4,6,0.0971,1,1,1,0,0.352,0
ACC01178,63,84,23222.79,62,22,1531324.66,437871.63,62,22,13,35,0.3747,24,3,5,2,0.8369,1
ACC01179,620,40,1494.06,17,23,27787.26,43109.46,2,6,1,2,0.0616,2,1,1,0,0.3829,0
ACC01180,204,358,7227.52,239,119,1786367.74,1056726.21,195,97,12,150,0.58,27,6,5,4,0.9637,1
ACC01181,313,32,2371.23,19,13,34098.08,23858.99,4,7,2,0,0.0721,3,1,0,0,0.4916,0
ACC01182,729,74,1359.88,41,33,72313.27,56173.48,17,15,3,2,0.0618,1,0,0,0,0.555,0
ACC01183,777,27,2260.3,12,15,21245.28,25761.77,7,5,3,2,0.0446,2,0,1,1,0.181,0
ACC01184,770,30,3147.91,18,12,66131.24,29706.9,2,2,1,1,0.019,1,1,2,0,0.2892,0
ACC01185,1334,49,2290.62,24,25,48791.17,67560.27,17,10,4,2,0.0744,0,0,2,0,0.4904,0
ACC01186,77,148,14453.97,77,71,1303429.62,894343.74,41,65,13,52,0.4812,26,6,2,3,0.6591,1
ACC01187,620,40,1621.27,21,19,39413.79,25084.16,19,2,3,6,0.0592,0,2,2,0,0.3071,0
ACC01188,200,107,20031.77,57,50,1130827.94,1128249.0,26,37,10,42,0.291,26,4,8,8,0.842,1
ACC01189,74,169,6755.26,87,82,640314.85,636972.29,61,80,18,57,0.2915,21,5,3,2,0.8457,1
ACC01190,1538,15,2421.8,8,7,17635.36,18691.86,2,2,1,4,0.0655,1,0,2,0,0.2359,0
ACC01191,159,171,23349.91,101,70,2547689.97,1421646.32,97,70,14,72,0.3657,30,4,2,7,0.9238,1
ACC01192,843,65,14229.46,28,37,480778.92,640633.4,10,14,2,0,0.0266,2,0,2,1,0.2784,0
ACC01193,1221,72,2162.85,37,35,86495.04,62296.95,23,21,1,3,0.0051,2,0,0,0,0.1888,0
ACC01194,882,113,952.31,51,62,37521.75,73883.49,22,36,3,0,0.0548,2,0,1,0,0.1937,0
ACC01195,669,41,12804.1,25,16,387580.65,263081.89,18,5,4,2,0.0343,0,1,1,1,0.2784,0
ACC01196,585,35,895.79,21,14,14112.96,9989.89,14,5,0,2,0.0479,0,0,0,0,0.3839,0
ACC01197,808,59,4247.32,26,33,138096.53,154446.99,11,17,0,0,0.0472,0,0,1,2,0.1096,0
ACC01198,1424,10,702.06,5,5,3024.16,2539.94,2,2,3,1,0.1155,2,1,0,0,0.0523,0
ACC01199,210,116,12171.71,74,42,934372.45,490402.59,54,42,10,54,0.2576,40,7,7,3,0.9018,1
ACC01200,314,131,5892.0,84,47,505218.67,271746.93,35,19,0,6,0.1023,0,0,1,0,0.3248,0
ACC01201,827,43,1657.39,26,17,54480.26,29473.89,12,2,0,0,0.1112,5,1,1,1,0.3165,0
ACC01202,149,237,23123.67,182,55,3708434.07,1211661.07,155,46,7,87,0.3827,25,3,7,2,0.9125,1
ACC01203,1624,122,4540.27,69,53,255353.17,187983.35,25,23,1,1,0.0297,0,3,0,1,0.5042,0
ACC01204,613,81,3226.89,49,32,123377.48,120324.48,33,7,3,2,0.0758,1,1,0,2,0.4019,0
ACC01205,1261,43,2282.02,19,24,35693.4,65006.5,2,7,1,3,0.0855,2,1,3,1,0.2813,0
ACC01206,1138,35,3335.02,14,21,39332.24,69516.57,9,8,1,1,0.0111,1,0,4,3,0.3895,0
ACC01207,1844,82,1832.2,38,44,57494.39,102853.66,18,23,4,0,0.0182,0,0,2,0,0.1951,0
ACC01208,284,197,31892.09,143,54,5206662.78,2106083.76,111,45,12,79,0.3844,23,8,4,3,0.9009,1
ACC01209,344,57,1655.36,32,25,56297.28,37572.36,20,11,0,2,0.02,0,0,1,1,0.1351,0
ACC01210,353,19,1518.53,10,9,19685.77,11511.98,8,8,0,3,0.0214,1,0,1,0,0.2963,0
ACC01211,615,137,20132.32,80,57,1553366.68,1318210.4,79,53,11,57,0.4423,26,7,8,5,0.9019,1
ACC01212,241,84,1371.87,45,39,58538.44,62125.62,25,9,3,2,0.0419,3,0,0,1,0.2945,0
ACC01213,279,58,1619.84,27,31,49279.99,61284.26,6,18,1,3,0.1125,2,0,3,0,0.4029,0
ACC01214,911,39,811.79,20,19,15156.55,19884.0,9,14,2,3,0.0146,1,0,0,0,0.3445,0
ACC01215,583,25,1413.72,15,10,27163.76,17220.1,11,10,2,2,0.0271,3,0,0,0,0.1614,0
ACC01216,254,33,5040.29,17,16,66596.9,71519.57,2,10,2,0,0.0632,3,1,2,0,0.1832,0
ACC01217,130,523,8652.49,315,208,2880128.32,1750911.65,264,208,19,192,0.416,24,4,5,4,0.7643,1
ACC01218,468,418,7963.05,270,148,2685552.58,1083671.25,224,112,17,160,0.3812,23,5,4,4,0.9452,1
ACC01219,561,35,2569.48,19,16,38263.2,34323.52,7,16,1,2,0.1054,3,0,2,0,0.267,0
ACC01220,525,43,2833.75,18,25,67375.95,50594.98,11,19,2,2,0.0794,1,1,2,2,0.1321,0
ACC01221,779,31,983.97,16,15,14549.55,17818.67,2,10,2,2,0.0606,1,0,0,0,0.4129,0
ACC01222,53,256,20279.71,184,72,3975477.22,1516047.08,136,72,12,97,0.5536,29,7,4,5,0.6393,1
ACC01223,744,57,2146.59,36,21,95296.34,43766.45,21,5,3,5,0.0989,1,1,1,0,0.1878,0
ACC01224,414,120,14528.21,82,38,1345401.4,636948.55,81,33,15,53,0.3775,14,3,6,2,0.7153,1
ACC01225,54,185,17131.58,99,86,1754904.87,1253186.88,90,80,8,83,0.1775,36,5,5,6,0.7527,1
ACC01226,624,18,1810.65,8,10,14652.44,22235.97,2,2,1,1,0.0315,1,0,2,1,0.1321,0
ACC01227,590,41,5152.81,17,24,77435.77,123261.43,10,13,3,2,0.0434,1,2,1,2,0.2654,0
ACC01228,672,79,1584.61,32,47,57771.68,80833.42,10,20,1,2,0.069,3,0,0,0,0.1592,0
ACC01229,133,108,33465.26,56,52,1975323.93,1909568.67,40,35,17,48,0.3752,21,9,4,3,0.9183,1
ACC01230,30,106,9169.11,57,49,508669.65,522973.48,22,41,13,50,0.5259,27,6,6,5,0.9002,1
ACC01231,1456,78,1120.31,42,36,53139.05,50628.27,19,28,3,0,0.0395,1,0,1,2,0.1416,0
ACC01232,67,713,42946.04,500,213,23784329.88,9885926.7,395,205,12,276,0.2307,23,6,7,3,0.8771,1
ACC01233,98,427,9587.79,291,136,2955059.25,1223683.25,231,136,12,150,0.2945,25,10,2,2,0.9043,1
ACC01234,792,35,1808.07,13,22,20668.59,32774.98,3,12,3,3,0.0712,4,0,2,0,0.2921,0
ACC01235,403,92,16619.07,53,39,814605.61,567169.09,53,39,14,29,0.2146,20,6,5,3,0.9784,1
ACC01236,380,72,1700.88,38,34,62844.56,58157.27,9,23,2,4,0.0584,1,0,1,2,0.1111,0
ACC01237,134,220,28721.22,156,64,4794524.38,2138601.35,156,43,9,81,0.1919,18,5,5,4,0.8672,1
ACC01238,966,47,1087.31,27,20,35497.18,25082.64,11,2,1,1,0.0174,3,1,3,0,0.5515,0
ACC01239,1587,79,2441.45,48,31,99906.83,53831.58,24,22,4,1,0.0336,1,0,1,1,0.275,0
ACC01240,126,287,17475.83,200,87,4321432.98,1858099.12,161,87,19,108,0.3135,30,2,8,2,0.8292,1
ACC01241,540,290,10567.09,201,89,2016118.88,1083831.92,201,77,16,111,0.3507,17,9,3,1,0.8965,1
ACC01242,1083,47,3592.79,16,31,52217.32,144711.64,11,11,5,0,0.0515,4,1,1,1,0.3239,0
ACC01243,62,764,9319.31,540,224,5292832.6,2253457.64,474,217,16,282,0.2489,27,2,7,2,0.6457,1
ACC01244,598,58,1168.14,21,37,23025.59,47124.85,5,20,0,3,0.0408,2,1,0,0,0.2793,0
ACC01245,3272,41,667.31,14,27,9860.31,16154.88,2,16,1,4,0.0365,0,1,0,0,0.3313,0
ACC01246,44,168,7016.58,112,56,892084.95,381778.53,97,45,18,67,0.5633,37,9,6,2,0.895,1
ACC01247,71,255,16618.66,178,77,2929947.46,1574159.21,158,69,17,104,0.2711,28,6,8,1,0.7902,1
ACC01248,1647,23,6981.56,10,13,87863.31,114676.01,6,13,1,3,0.0324,1,0,0,0,0.2232,0
ACC01249,1856,60,1272.83,30,30,46537.7,28158.73,11,23,1,0,0.0308,1,2,1,0,0.0786,0
ACC01250,56,214,9764.83,115,99,1041097.68,1162563.7,97,82,11,63,0.427,16,5,5,7,0.847,1
ACC01251,341,36,2898.21,17,19,37100.36,57251.99,2,14,3,2,0.0861,1,1,3,0,0.0272,0
ACC01252,497,302,14953.82,156,146,2267569.27,1998864.6,152,133,16,99,0.5838,23,11,8,7,0.9407,1
ACC01253,1705,30,2381.57,13,17,38380.31,33868.78,3,5,2,3,0.0613,1,0,2,1,0.3613,0
ACC01254,1100,45,2603.78,21,24,44971.77,80814.28,10,19,3,0,0.0887,1,0,2,2,0.3791,0
ACC01255,167,752,10466.4,589,163,5297419.88,2041355.01,491,159,13,270,0.2957,29,4,9,1,0.8486,1
ACC01256,1922,50,1344.9,24,26,29488.93,37063.87,6,9,3,1,0.0424,3,1,0,0,0.1817,0
ACC01257,184,221,18900.35,153,68,3194609.34,1431813.95,153,66,11,70,0.4912,19,9,5,5,0.6714,1
ACC01258,227,418,17101.31,212,206,4255906.14,4213188.49,158,183,15,164,0.2632,24,7,6,2,0.9344,1
ACC01259,41,123,23924.53,98,25,2727642.05,665063.57,92,25,14,48,0.3144,28,6,9,7,0.9866,1
ACC01260,565,40,1782.89,16,24,22100.76,43418.18,6,10,4,3,0.0136,3,1,1,0,0.1827,0
ACC01261,877,88,2461.19,40,48,74003.35,142159.12,20,22,1,0,0.0037,4,1,3,2,0.1586,0
ACC01262,78,258,17401.63,198,60,3079162.05,1286518.64,178,60,10,101,0.2232,22,6,2,5,0.8063,1
ACC01263,1129,79,835.53,30,49,28227.86,33728.77,14,20,0,2,0.0387,4,3,1,1,0.5313,0
ACC01264,363,49,1560.73,22,27,41558.43,42736.75,13,18,2,1,0.1244,0,0,1,1,0.1357,0
ACC01265,191,249,3753.45,153,96,515439.75,394281.3,148,71,12,106,0.3755,29,4,5,5,0.9283,1
ACC01266,430,37,1906.96,20,17,32627.13,25893.23,12,8,0,2,0.0978,2,0,0,1,0.08,0
ACC01267,630,28,9175.35,18,10,145197.99,118917.75,5,4,5,2,0.0967,2,0,0,0,0.3333,0
ACC01268,1623,30,1088.63,15,15,13639.94,19165.24,12,10,2,1,0.0839,0,1,1,1,0.2519,0
ACC01269,119,290,13845.72,179,111,2989403.56,1477776.09,125,111,17,125,0.3671,19,3,6,6,0.9776,1
ACC01270,508,29,2261.9,18,11,33133.24,23890.87,4,2,3,2,0.0382,3,0,0,1,0.301,0
ACC01271,1678,19,1520.28,8,11,10584.97,17063.38,2,4,3,1,0.0943,2,0,0,0,0.1732,0
ACC01272,775,143,13318.39,73,70,1033818.81,1011197.36,73,53,21,53,0.5037,21,9,3,5,0.9692,1
ACC01273,818,21,1432.05,12,9,22772.09,10999.36,2,2,2,1,0.0368,4,0,1,1,0.2852,0
ACC01274,179,29,3132.54,17,12,65054.3,45897.92,5,3,1,0,0.0101,1,0,0,1,0.2735,0
ACC01275,843,34,4267.46,16,18,70068.01,78315.85,7,8,1,2,0.0633,0,0,1,0,0.2496,0
ACC01276,370,67,1156.61,29,38,35620.49,51018.24,9,15,1,2,0.0351,1,1,2,2,0.354,0
ACC01277,880,47,4327.75,25,22,92294.93,94705.23,9,17,1,3,0.0672,0,1,0,1,0.4104,0
ACC01278,1226,40,1214.56,16,24,21764.05,35222.8,8,8,1,5,0.0274,2,0,0,0,0.4303,0
ACC01279,160,279,11228.15,152,127,1564240.09,1344756.12,115,122,12,108,0.7462,19,6,5,6,0.7527,1
ACC01280,513,85,1837.96,37,48,58028.62,67644.51,13,28,0,2,0.01,2,1,0,0,0.1338,0
ACC01281,128,256,26888.13,164,92,4897935.5,2177083.74,164,81,9,101,0.3362,22,8,6,5,0.7014,1
ACC01282,388,36,1685.99,19,17,40826.93,23964.19,13,6,3,1,0.0847,0,1,1,1,0.1223,0
ACC01283,1222,47,3758.68,29,18,137066.72,81366.25,6,14,2,2,0.0321,2,1,1,0,0.2302,0
ACC01284,799,47,732.82,28,19,20450.51,17055.43,4,4,0,4,0.0272,2,1,1,0,0.2119,0
ACC01285,79,267,19047.91,155,112,3341057.72,2070260.07,131,88,16,108,0.4641,27,7,2,3,0.7367,1
ACC01286,1661,35,8113.77,12,23,75750.91,230828.44,6,11,5,1,0.1019,2,0,0,0,0.3782,0
ACC01287,218,404,9185.97,294,110,2519636.72,1158570.02,255,98,16,134,0.4196,22,9,3,1,0.7422,1
ACC01288,677,25,3476.98,9,16,39183.5,63395.07,5,2,1,3,0.0857,1,0,2,1,0.4011,0
ACC01289,86,217,26840.89,157,60,4071565.15,1884094.95,138,47,10,62,0.2194,17,7,3,4,0.8743,1
ACC01290,720,65,3120.85,40,25,111668.3,100854.44,7,13,2,1,0.0578,0,0,1,2,0.2242,0
ACC01291,191,20,523.72,11,9,4859.97,5474.14,9,4,1,5,0.0088,2,1,3,0,0.3707,0
ACC01292,1040,68,1078.4,41,27,55086.53,32873.7,16,17,4,1,0.0991,1,0,1,0,0.3365,0
ACC01293,477,89,1083.74,45,44,57436.75,48314.16,25,13,2,4,0.0674,1,1,2,0,0.1883,0
ACC01294,992,49,2068.68,29,20,55449.98,41253.52,7,9,1,2,0.0556,1,0,0,2,0.2309,0
ACC01295,249,69,1726.45,31,38,66644.17,56174.97,10,27,1,1,0.1338,0,1,3,0,0.2501,0
ACC01296,82,185,8609.48,101,84,760179.28,664690.22,68,84,18,62,0.291,22,12,6,4,0.7097,1
ACC01297,1219,91,6846.12,45,46,355036.1,402684.47,17,18,2,1,0.031,1,0,2,1,0.3129,0
ACC01298,545,28,1912.19,12,16,20405.62,29732.8,2,16,4,1,0.0149,0,0,1,0,0.0852,0
ACC01299,1002,54,1325.18,24,30,36971.41,51441.27,5,13,2,2,0.0602,1,2,2,0,0.3447,0
ACC01300,511,12,1990.73,4,8,6339.14,13109.51,2,8,3,1,0.0272,0,0,1,0,0.1203,0
ACC01301,798,48,2234.31,21,27,43107.81,77677.91,8,18,1,2,0.0685,3,0,1,1,0.1584,0
ACC01302,767,57,10194.28,22,35,226865.77,398979.03,20,19,2,0,0.0077,1,0,1,0,0.333,0
ACC01303,954,57,3349.31,31,26,128357.8,95219.39,16,6,1,0,0.1018,2,2,3,1,0.4465,0
ACC01304,1680,45,4631.64,20,25,106293.55,103875.31,8,3,3,1,0.0336,2,0,3,1,0.0266,0
ACC01305,50,476,13518.07,354,122,5080749.5,2044289.02,301,96,17,172,0.1116,26,4,9,4,0.9534,1
ACC01306,195,376,11434.18,284,92,3520183.1,1281277.61,222,89,11,153,0.694,19,2,6,4,0.975,1
ACC01307,711,25,1962.13,15,10,29515.72,13786.69,2,2,1,3,0.0013,0,1,2,2,0.1175,0
ACC01308,1174,59,1727.8,38,21,55397.56,40400.77,18,13,1,5,0.1345,4,0,2,2,0.213,0
ACC01309,97,377,7915.92,291,86,2051893.75,595045.39,226,57,13,152,0.1852,25,9,3,4,0.45,1
ACC01310,387,141,13582.58,108,33,1633700.05,498126.39,75,33,12,57,0.4357,31,7,6,7,0.8304,1
ACC01311,862,29,10324.72,14,15,165558.0,111610.06,10,9,0,3,0.0372,1,0,1,0,0.3159,0
ACC01312,1751,112,1694.39,45,67,70727.48,145066.99,22,40,3,4,0.0461,0,0,0,0,0.2981,0
ACC01313,1162,34,5877.19,21,13,122029.59,78758.85,7,6,0,5,0.0521,2,0,2,3,0.3348,0
ACC01314,1641,85,2645.59,53,32,172711.11,109277.25,25,14,3,2,0.0133,1,0,1,1,0.4667,0
ACC01315,1296,28,2971.05,11,17,34232.08,38340.63,8,9,2,3,0.0608,1,0,0,0,0.3202,0
ACC01316,4006,54,1148.13,29,25,38553.89,30499.08,8,6,1,4,0.0096,1,1,1,0,0.3234,0
ACC01317,666,32,4603.82,20,12,74132.7,53542.78,3,6,2,2,0.0304,0,1,0,0,0.3515,0
ACC01318,1872,54,7805.93,32,22,199770.18,180523.84,11,9,2,0,0.057,0,0,1,0,0.2306,0
ACC01319,882,34,458.61,18,16,7154.38,6598.41,18,8,3,1,0.0378,1,0,2,1,0.2951,0
ACC01320,761,25,3724.49,15,10,62219.52,44287.85,5,5,2,2,0.0278,5,0,1,2,0.3297,0
ACC01321,534,56,3043.29,22,34,82224.22,80362.5,13,15,0,2,0.0441,3,0,1,1,0.1012,0
ACC01322,1253,45,4629.1,26,19,133483.87,105044.96,5,6,0,3,0.0573,0,0,3,0,0.3122,0
ACC01323,846,169,2747.92,84,85,213180.46,301574.64,22,55,2,0,0.0304,2,0,1,1,0.4736,0
ACC01324,543,33,1352.47,15,18,20196.96,28044.35,8,3,0,2,0.0367,1,2,2,1,0.5481,0
ACC01325,415,72,1863.91,35,37,66878.58,84751.27,16,19,3,3,0.0469,1,1,2,0,0.0913,0
ACC01326,1117,29,1264.69,16,13,23879.59,20045.33,8,5,0,3,0.1991,3,0,1,0,0.2887,0
ACC01327,893,20,16626.29,7,13,102163.74,224145.77,6,3,2,0,0.0712,3,1,4,1,0.2758,0
ACC01328,119,175,9547.04,113,62,961206.32,624002.19,87,36,23,61,0.3591,32,7,2,6,0.9282,1
ACC01329,139,44,1415.43,28,16,52057.13,28041.21,11,5,3,2,0.0417,2,0,0,0,0.2636,0
ACC01330,449,38,3067.54,14,24,46957.02,69765.43,12,2,2,2,0.0369,1,1,1,1,0.1438,0
ACC01331,466,43,1593.03,27,16,56192.54,24563.34,6,5,2,3,0.0153,1,0,0,1,0.2713,0
ACC01332,917,35,3409.85,21,14,76823.18,46272.38,8,10,2,2,0.0644,3,2,2,2,0.4342,0
ACC01333,833,67,1046.06,28,39,36653.92,38840.04,23,17,1,1,0.0475,3,0,2,0,0.2855,0
ACC01334,2275,51,3377.21,22,29,88241.14,111969.36,6,10,3,3,0.0406,1,2,0,0,0.1369,0
ACC01335,1194,35,1122.52,20,15,19225.67,12545.75,13,7,1,0,0.0466,1,0,0,2,0.1404,0
ACC01336,270,216,17416.9,157,59,2711160.85,928543.13,147,50,10,87,0.5076,26,11,7,3,0.7204,1
ACC01337,814,39,711.33,18,21,14570.33,11662.25,7,18,2,4,0.031,2,0,3,1,0.0439,0
ACC01338,44,198,8582.08,141,57,1208525.58,593771.34,109,37,11,67,0.4236,18,6,6,8,0.8747,1
ACC01339,491,41,2069.77,17,24,33999.09,54915.28,9,4,3,0,0.0243,1,0,3,0,0.12,0
ACC01340,404,33,2096.8,12,21,25365.73,47562.58,7,17,1,1,0.0585,0,0,1,0,0.4103,0
ACC01341,1678,77,4724.46,33,44,127378.32,182735.48,2,24,0,4,0.0164,1,0,2,0,0.2285,0
ACC01342,3096,36,2487.94,19,17,54346.27,53117.46,2,6,5,2,0.0107,3,0,1,2,0.3602,0
ACC01343,1236,103,3654.2,39,64,123897.03,282089.08,14,32,2,2,0.0308,1,0,2,1,0.2787,0
ACC01344,1770,38,3262.42,18,20,65514.93,67300.6,10,17,1,2,0.0051,2,1,0,0,0.2048,0
ACC01345,65,424,21988.78,262,162,5407465.98,4252743.29,241,136,17,158,0.3026,28,8,7,4,0.9407,1
ACC01346,1053,42,6068.54,26,16,140183.56,74925.74,11,15,2,1,0.0264,3,0,2,0,0.0999,0
ACC01347,1176,42,4373.84,16,26,53868.98,143346.5,2,18,2,2,0.0347,2,0,0,0,0.167,0
ACC01348,604,779,17282.56,546,233,9049447.9,4004486.34,479,211,10,295,0.4478,28,5,9,6,0.7746,1
ACC01349,219,140,13178.12,78,62,1239300.11,958627.39,53,41,13,49,0.3632,25,2,3,5,0.9451,1
ACC01350,1306,14,4503.01,6,8,24868.71,40035.21,6,8,2,3,0.0437,2,1,1,1,0.4616,0
ACC01351,56,174,4259.52,115,59,582025.28,303336.08,115,33,17,66,0.5958,28,7,4,6,0.9015,1
ACC01352,132,264,11523.93,190,74,1973833.21,974168.94,153,56,11,101,0.2,24,4,6,6,0.7224,1
ACC01353,52,207,45084.52,112,95,5637975.04,3959981.89,91,76,12,80,0.6885,25,4,8,4,0.9713,1
ACC01354,854,8,2826.38,4,4,12420.95,12871.62,4,3,2,1,0.0869,1,0,3,0,0.3261,0
ACC01355,86,168,22355.59,102,66,2767851.33,1809276.11,78,60,9,73,0.3619,19,8,5,5,0.9213,1
ACC01356,720,43,2724.39,20,23,55613.96,72667.97,11,12,1,0,0.0599,2,0,1,1,0.3887,0
ACC01357,17,601,12553.56,342,259,4765797.86,3697964.33,291,236,15,224,0.3909,29,4,6,4,0.9034,1
ACC01358,372,149,16670.75,81,68,1662307.7,1057628.41,73,58,12,53,0.208,32,3,3,4,0.9705,1
ACC01359,906,72,3600.15,35,37,96101.52,94901.96,15,16,1,1,0.0333,0,1,2,1,0.52,0
ACC01360,747,43,3594.76,15,28,47681.1,111512.31,2,2,3,0,0.0985,3,1,3,2,0.2644,0
ACC01361,1188,19,2213.22,7,12,15350.89,25186.12,5,5,3,2,0.0388,1,0,2,0,0.1931,0
ACC01362,927,27,1795.18,12,15,26817.59,33250.9,12,6,0,1,0.0677,1,1,3,1,0.1546,0
ACC01363,1029,51,1258.68,25,26,41103.03,29641.61,10,23,2,4,0.0419,1,0,3,2,0.1361,0
ACC01364,1182,77,4460.05,34,43,130541.11,184976.95,16,19,4,2,0.0402,3,0,1,2,0.4785,0
ACC01365,151,268,11358.15,172,96,1953355.18,1186488.32,142,96,14,83,0.3095,29,6,5,4,0.8843,1
ACC01366,1102,28,4113.8,15,13,49796.81,40323.63,2,8,2,2,0.0921,3,0,1,2,0.2259,0
ACC01367,1503,34,1248.33,19,15,19775.73,15624.97,7,9,5,2,0.0555,2,1,2,0,0.2244,0
ACC01368,978,103,2133.59,51,52,93906.02,117740.18,17,16,3,1,0.1501,1,1,0,1,0.3632,0
ACC01369,1287,37,6058.08,14,23,77992.15,154706.53,11,12,2,1,0.0503,1,2,0,0,0.4274,0
ACC01370,994,44,1443.29,25,19,31508.51,31767.46,12,8,3,5,0.0647,0,0,0,2,0.4339,0
ACC01371,633,35,1452.19,20,15,21885.76,24394.31,2,7,1,2,0.0328,1,0,2,0,0.3651,0
ACC01372,453,235,9539.81,156,79,1399325.8,733950.02,136,66,14,80,0.3152,30,3,5,1,0.8977,1
ACC01373,2790,37,915.43,22,15,15945.16,9660.71,7,10,5,1,0.0294,1,0,3,0,0.5516,0
ACC01374,27,514,6149.17,263,251,1658957.56,1756573.12,241,218,15,185,0.3081,28,5,2,2,0.9112,1
ACC01375,72,343,10924.71,182,161,1731785.5,1657117.61,159,142,8,127,0.6076,26,7,2,5,0.7615,1
ACC01376,609,435,4688.78,291,144,1463009.89,739551.77,244,142,11,179,0.5948,25,3,3,5,0.732,1
ACC01377,160,139,33855.95,81,58,3015708.75,1804325.52,60,35,9,63,0.478,32,12,4,4,0.6855,1
ACC01378,1396,74,1527.12,43,31,86138.72,56244.36,18,12,2,2,0.0224,0,0,0,2,0.3777,0
ACC01379,288,84,1735.69,45,39,80049.59,77537.69,28,19,2,4,0.0293,2,0,1,1,0.2806,0
ACC01380,2784,22,5616.56,13,9,56819.62,61273.21,3,2,2,0,0.0254,1,1,1,0,0.2157,0
ACC01381,445,26,5221.88,13,13,79838.62,64770.49,3,2,0,1,0.0507,1,1,0,0,0.1323,0
ACC01382,509,143,3326.45,58,85,186169.3,230266.25,27,43,2,2,0.0747,1,0,4,1,0.6262,0
ACC01383,995,89,1749.59,34,55,46130.59,103514.19,12,28,2,2,0.0423,1,2,0,0,0.2246,0
ACC01384,661,104,3338.82,57,47,232363.78,141680.48,28,28,1,1,0.0577,2,0,2,1,0.2062,0
ACC01385,996,164,2958.86,88,76,299792.78,259185.96,31,45,1,1,0.0573,4,1,1,0,0.1653,0
ACC01386,58,125,22778.12,68,57,1753939.05,1291906.6,68,54,20,58,0.3675,20,7,3,5,0.911,1
ACC01387,33,187,27544.64,112,75,3336943.46,2543984.09,92,49,17,69,0.3578,27,7,6,2,0.9853,1
ACC01388,458,99,548.04,53,46,28514.66,20892.1,32,32,1,1,0.0766,2,0,1,3,0.1816,0
ACC01389,569,142,2939.29,71,71,189601.91,163576.85,25,40,1,5,0.0521,2,0,2,2,0.4955,0
ACC01390,917,44,4203.72,28,16,90031.01,66752.76,25,8,4,3,0.0869,2,0,1,0,0.2492,0
ACC01391,1400,54,4678.85,27,27,134435.03,156451.63,13,15,2,1,0.0672,1,1,1,0,0.2863,0
ACC01392,324,57,1243.04,35,22,41804.34,21775.54,11,13,6,1,0.0121,1,0,0,0,0.3264,0
ACC01393,972,37,662.83,16,21,9484.0,10636.58,13,21,2,1,0.0311,1,0,2,3,0.2062,0
ACC01394,339,66,3621.97,26,40,101071.71,173302.57,20,27,2,0,0.0291,2,1,2,0,0.2767,0
ACC01395,629,132,1767.67,79,53,137730.54,88501.36,35,28,1,1,0.0584,2,1,1,0,0.0852,0
ACC01396,1002,36,681.81,13,23,9688.98,17801.17,2,8,1,1,0.1619,1,0,0,1,0.2597,0
ACC01397,424,37,2211.36,18,19,45734.85,38564.71,5,2,1,2,0.0332,3,2,2,1,0.121,0
ACC01398,442,56,2336.22,25,31,58035.74,74333.98,3,10,1,2,0.1926,2,0,1,0,0.3239,0
ACC01399,184,291,17533.69,210,81,3191521.76,1317402.17,168,81,16,107,0.396,38,5,7,2,0.9507,1
ACC01400,125,381,8554.13,212,169,2128842.61,1599196.41,149,152,12,159,0.5082,25,5,3,2,0.8114,1
ACC01401,720,29,2794.63,11,18,35361.18,62949.93,4,12,3,2,0.0428,2,0,1,1,0.0999,0
ACC01402,114,129,12781.95,70,59,795767.46,713600.07,58,43,9,50,0.3134,30,7,5,3,0.6157,1
ACC01403,70,627,17119.78,424,203,8953105.34,4224614.37,361,193,12,241,0.3916,29,3,5,7,0.8112,1
ACC01404,95,262,22749.1,204,58,3973564.21,1326975.16,174,47,11,83,0.2746,30,9,10,2,0.9303,1
ACC01405,71,418,8581.72,209,209,2149719.26,1571225.66,179,185,12,153,0.3287,26,7,6,6,0.926,1
ACC01406,504,36,769.71,21,15,18942.54,11539.68,17,5,2,1,0.0355,2,1,1,0,0.5323,0
ACC01407,1095,21,1754.56,12,9,17649.98,13214.5,4,2,2,0,0.0336,3,1,3,0,0.0856,0
ACC01408,286,82,4448.63,32,50,136941.36,182073.64,9,27,1,2,0.0228,0,0,3,0,0.383,0
ACC01409,601,11,1447.14,5,6,8694.06,9359.6,3,2,5,1,0.0269,2,0,1,2,0.4351,0
ACC01410,45,182,27391.56,135,47,4132306.85,1573818.71,129,47,9,63,0.4055,30,6,4,7,0.9553,1
ACC01411,49,158,14001.6,88,70,1281671.24,930569.8,75,50,22,58,0.2434,29,9,3,2,0.8706,1
ACC01412,256,116,16044.37,61,55,1064051.39,1008226.57,61,55,10,40,0.3204,24,2,3,4,0.5577,1
ACC01413,466,21,2877.66,10,11,37368.69,31051.29,6,2,2,1,0.0872,0,2,2,1,0.1577,0
ACC01414,282,567,11957.34,440,127,6406544.69,1360269.92,359,103,15,189,0.3826,26,3,10,3,0.9554,1
ACC01415,561,40,4059.74,16,24,71161.38,91270.49,2,18,1,2,0.0543,1,0,2,0,0.4801,0
ACC01416,331,178,11478.77,125,53,1256895.34,617847.05,98,52,16,70,0.2347,19,7,6,4,0.7117,1
ACC01417,1276,51,890.12,29,22,27358.8,23154.43,21,18,1,1,0.0159,0,2,1,1,0.2716,0
ACC01418,1431,110,11758.64,68,42,786014.48,532066.38,37,29,1,0,0.019,2,0,2,2,0.1899,0
ACC01419,266,52,857.92,22,30,19111.52,20070.4,13,21,0,2,0.0219,4,0,0,1,0.1518,0
ACC01420,2078,21,2668.38,9,12,28600.05,25823.86,6,4,1,1,0.1332,4,0,2,0,0.194,0
ACC01421,41,148,16893.77,112,36,2130335.14,669527.64,83,35,18,72,0.4353,22,3,5,5,0.7456,1
ACC01422,574,43,1984.89,26,17,49818.3,27405.45,9,5,1,2,0.0414,1,0,3,2,0.3139,0
ACC01423,272,34,3169.16,13,21,32917.5,63253.47,6,8,1,5,0.0485,0,2,1,0,0.238,0
ACC01424,709,38,520.18,22,16,9351.76,10551.64,15,9,2,0,0.026,1,0,1,1,0.0757,0
ACC01425,324,276,8914.78,172,104,1464693.51,1067785.04,164,103,19,107,0.3271,21,2,5,2,0.9056,1
ACC01426,63,509,4179.62,356,153,1277482.08,581641.68,297,153,16,202,0.5721,23,3,3,4,0.9477,1
ACC01427,2384,77,1978.4,37,40,69545.64,69121.68,17,11,5,2,0.0461,2,0,1,1,0.3745,0
ACC01428,2001,30,3858.26,18,12,71538.77,40629.12,8,2,2,1,0.0796,3,0,1,0,0.6267,0
ACC01429,1286,26,7511.0,13,13,125754.59,72067.29,11,13,2,2,0.0759,3,0,4,0,0.2397,0
ACC01430,976,37,4717.55,13,24,78985.03,88418.71,2,14,2,1,0.0256,1,1,2,0,0.1509,0
ACC01431,109,180,14183.38,112,68,1494426.54,1118368.36,112,59,15,74,0.4958,35,4,5,2,0.8138,1
ACC01432,22,566,9793.43,428,138,3704701.16,1582508.19,347,109,15,241,0.5341,37,5,5,5,0.9274,1
ACC01433,850,49,9879.95,25,24,231621.29,289135.82,9,18,2,1,0.0409,0,2,1,2,0.2285,0
ACC01434,3915,32,3063.54,17,15,49871.57,43880.97,8,2,2,1,0.0349,0,1,4,1,0.2266,0
ACC01435,567,103,1221.5,49,54,70967.37,61223.62,30,32,1,2,0.0133,3,0,2,1,0.2432,0
ACC01436,851,38,2562.96,18,20,40874.17,61395.96,4,16,3,3,0.039,2,0,1,3,0.0515,0
ACC01437,249,23,3124.04,10,13,41873.99,49342.02,2,8,3,1,0.0331,1,0,0,1,0.4321,0
ACC01438,1400,65,2278.96,34,31,86703.98,77892.38,15,19,4,1,0.1744,1,0,0,0,0.5435,0
ACC01439,529,42,1422.5,17,25,31057.4,27956.19,7,15,4,0,0.0222,1,2,3,2,0.1262,0
ACC01440,2894,57,2713.44,23,34,56571.14,67081.7,9,16,0,0,0.0722,1,0,1,0,0.2882,0
ACC01441,1350,54,4465.77,22,32,114016.07,105181.06,8,20,4,2,0.0274,1,0,0,1,0.4838,0
ACC01442,700,10,1725.73,5,5,10365.75,7869.0,5,2,1,2,0.0758,0,1,2,2,0.4021,0
ACC01443,714,26,4017.14,11,15,35295.31,75810.89,3,4,3,3,0.0753,3,0,1,0,0.1669,0
ACC01444,757,88,4336.7,39,49,127086.98,228834.53,12,27,0,1,0.0256,2,1,0,0,0.2499,0
ACC01445,1595,20,1791.24,11,9,19120.86,13041.57,10,4,5,1,0.0492,3,1,0,0,0.3209,0
ACC01446,1835,27,2091.05,17,10,28010.85,19112.78,9,7,5,1,0.0188,2,1,0,0,0.1601,0
ACC01447,1300,72,1425.07,43,29,63365.47,29089.4,10,7,2,1,0.0608,1,0,2,1,0.2875,0
ACC01448,56,563,5963.94,359,204,2223384.69,1034751.21,321,194,15,211,0.4233,23,9,4,1,0.9568,1
ACC01449,293,280,10387.6,218,62,2713053.8,765579.17,184,62,14,114,0.5109,23,7,7,1,0.5752,1
ACC01450,150,592,15410.28,414,178,5770836.45,3086132.81,332,148,14,234,0.482,24,6,4,4,0.9116,1
ACC01451,1031,67,2009.32,26,41,43267.82,79203.94,9,14,1,1,0.0265,1,1,2,0,0.4501,0
ACC01452,917,152,1502.02,85,67,168331.44,85849.98,47,35,1,2,0.0118,0,0,2,2,0.1683,0
ACC01453,1485,96,1283.31,57,39,83196.65,47121.59,25,17,2,1,0.0608,4,0,0,1,0.3901,0
ACC01454,163,576,12194.09,429,147,5891818.13,1755489.36,367,121,7,214,0.5031,25,8,5,2,0.7967,1
ACC01455,163,129,12044.01,65,64,831121.34,885412.64,36,61,12,52,0.4055,24,4,1,4,0.9126,1
ACC01456,340,39,3105.18,19,20,61609.48,63588.44,12,12,1,2,0.0285,1,1,1,0,0.0814,0
ACC01457,99,228,23144.33,159,69,4256763.92,1409741.21,121,69,10,82,0.281,35,12,5,4,0.8955,1
ACC01458,108,176,7653.81,96,80,731587.12,690084.61,96,52,22,75,0.4039,25,5,4,4,0.8379,1
ACC01459,538,63,1623.51,34,29,53355.92,50856.6,26,19,0,0,0.1343,1,0,2,1,0.116,0
ACC01460,725,33,4470.44,12,21,59192.07,108351.05,2,6,2,1,0.0407,1,0,0,0,0.2695,0
ACC01461,898,12,3277.93,6,6,20366.98,21609.3,2,2,1,3,0.0422,1,0,1,1,0.2405,0
ACC01462,80,363,19910.0,249,114,4773791.47,2659087.71,245,91,16,139,0.2728,17,6,1,3,0.6507,1
ACC01463,711,27,2838.96,12,15,30713.63,40221.27,9,12,2,1,0.0852,2,1,0,0,0.4262,0
ACC01464,1500,41,1065.64,24,17,22209.83,20795.63,12,10,2,0,0.0526,3,3,1,1,0.2883,0
ACC01465,1559,62,4356.6,26,36,141746.6,155476.15,11,21,2,2,0.0221,1,0,0,0,0.2241,0
ACC01466,497,120,2063.26,46,74,116329.42,146226.84,20,41,3,2,0.0309,0,0,2,0,0.5692,0
ACC01467,992,73,2154.45,35,38,58173.55,61302.12,17,21,1,2,0.007,2,0,2,0,0.4828,0
ACC01468,322,23,1237.08,8,15,9292.48,22805.01,2,9,1,2,0.0401,1,1,3,1,0.1512,0
ACC01469,690,40,13300.61,19,21,325810.83,299055.44,4,12,6,2,0.0111,1,1,3,1,0.2795,0
ACC01470,806,50,671.95,18,32,14639.91,16399.52,7,21,0,1,0.0457,0,0,3,1,0.4594,0
ACC01471,1489,34,3387.1,19,15,67550.06,40868.32,11,2,0,2,0.0922,3,1,0,1,0.2053,0
ACC01472,465,50,1287.59,25,25,34575.06,24737.14,14,18,4,1,0.1309,0,1,0,1,0.1681,0
ACC01473,60,144,42667.64,92,52,4096045.83,2641728.93,81,43,12,48,0.3486,34,4,3,4,0.8544,1
ACC01474,1131,21,1076.16,10,11,8300.95,10108.92,2,10,4,2,0.0638,1,0,1,0,0.3094,0
ACC01475,2166,81,3313.45,43,38,188313.0,117997.97,17,23,1,0,0.0964,0,0,3,1,0.191,0
ACC01476,460,556,27797.46,397,159,10706815.14,5494575.89,343,137,17,234,0.3679,18,5,5,6,0.8046,1
ACC01477,249,305,17266.69,168,137,2615740.9,2310993.4,130,102,13,113,0.4202,29,3,6,3,0.9212,1
ACC01478,272,51,5917.63,31,20,236658.25,110626.76,12,5,2,0,0.0514,5,0,2,1,0.4464,0
ACC01479,503,46,1722.09,28,18,45615.67,36838.51,9,9,2,3,0.0159,2,1,3,2,0.3559,0
ACC01480,2218,27,6398.63,11,16,64527.43,74823.32,2,16,1,2,0.0386,3,0,2,2,0.5703,0
ACC01481,196,202,14733.17,102,100,1512258.74,1612359.43,102,78,10,72,0.5842,27,5,5,4,0.7611,1
ACC01482,505,20,4609.26,7,13,37971.24,50236.86,2,13,5,5,0.0759,2,0,0,0,0.1649,0
ACC01483,854,20,1330.8,12,8,12581.01,11453.17,5,4,1,3,0.0527,1,1,0,2,0.1121,0
ACC01484,2211,78,4017.41,31,47,95049.87,220331.86,13,17,2,2,0.0251,2,0,1,0,0.4753,0
ACC01485,1701,21,2807.59,10,11,21483.53,27590.64,10,7,1,4,0.0187,1,1,0,0,0.3388,0
ACC01486,669,24,1599.02,11,13,16898.31,20417.84,3,12,6,3,0.0237,1,1,2,0,0.2369,0
ACC01487,2763,26,3185.63,12,14,43689.58,48278.21,2,13,4,2,0.0434,1,0,1,0,0.1197,0
ACC01488,64,267,7393.03,146,121,1045487.53,799534.36,108,121,17,103,0.4639,18,4,3,5,0.9244,1
ACC01489,395,23,6665.55,10,13,71388.4,104721.54,5,6,4,1,0.061,1,1,0,1,0.4535,0
ACC01490,804,167,2109.72,59,108,112241.21,204484.57,28,55,3,2,0.0272,0,1,1,0,0.3162,0
ACC01491,1736,77,1023.43,42,35,37562.57,37019.74,13,20,1,2,0.0243,0,2,2,2,0.1976,0
ACC01492,1482,41,3154.48,25,16,82888.1,60175.8,12,12,1,0,0.0614,1,2,3,2,0.2967,0
ACC01493,981,62,1811.05,24,38,34490.37,79153.58,7,20,4,2,0.0212,1,0,1,0,0.2348,0
ACC01494,80,194,16442.86,150,44,3019565.34,864872.63,112,31,22,73,0.6702,22,1,4,3,0.9002,1
ACC01495,1075,47,5652.98,25,22,186551.01,139955.55,12,10,2,3,0.0222,6,0,0,1,0.5783,0
ACC01496,642,55,3442.68,27,28,73313.62,115678.54,2,16,3,1,0.0595,1,0,3,1,0.5796,0
ACC01497,693,37,4615.02,15,22,62035.22,122611.88,2,9,1,1,0.0605,0,0,1,1,0.3882,0
ACC01498,100,228,23034.53,152,76,3411092.73,1781750.53,149,76,14,93,0.234,31,6,12,5,0.6232,1
ACC01499,73,174,11421.15,121,53,1520292.77,545957.56,113,29,18,75,0.2882,30,6,3,5,0.9611,1
ACC01500,1701,43,915.11,18,25,14649.15,27509.92,5,21,2,2,0.0583,0,0,1,1,0.4793,0
ACC01501,550,20,2380.34,9,11,23476.95,25812.83,2,5,1,3,0.0735,2,1,1,1,0.2419,0
ACC01502,554,118,3324.15,44,74,139133.78,215429.23,18,37,3,4,0.1151,0,0,0,0,0.1985,0
ACC01503,443,25,9953.64,13,12,101787.85,151170.09,6,12,0,1,0.0447,3,1,1,3,0.4303,0
ACC01504,680,145,3213.9,81,64,347568.89,257350.42,35,33,2,2,0.1228,0,1,0,0,0.1536,0
ACC01505,220,182,9537.31,94,88,894034.68,820752.76,88,81,13,79,0.2796,37,7,3,7,0.9334,1
ACC01506,138,229,9516.88,128,101,1039742.95,1132976.61,128,84,13,61,0.3938,28,6,3,4,0.8165,1
ACC01507,703,277,66256.88,210,67,15720395.19,4695645.7,183,67,14,95,0.5114,34,7,6,6,0.8243,1
ACC01508,510,54,3784.7,21,33,70348.48,139460.6,4,18,3,0,0.0583,2,0,0,1,0.3738,0
ACC01509,3014,72,1706.07,29,43,60546.29,77751.06,3,23,2,4,0.0574,2,1,2,1,0.1261,0
ACC01510,985,28,4981.14,16,12,83254.8,57399.7,8,6,1,2,0.0278,2,0,3,0,0.1661,0
ACC01511,1436,39,3143.03,23,16,66777.93,44897.37,2,15,2,4,0.0515,0,0,1,0,0.0304,0
ACC01512,276,249,5520.14,198,51,1038801.9,338739.05,177,34,18,94,0.5743,20,7,4,6,0.953,1
ACC01513,406,387,21807.34,270,117,6719281.4,2976343.37,205,114,16,136,0.3053,34,7,7,5,0.8669,1
ACC01514,1084,26,1902.03,13,13,19713.62,23720.44,10,13,2,0,0.0796,2,2,1,1,0.4032,0
ACC01515,183,55,2509.01,22,33,41660.58,101632.46,10,12,3,0,0.0318,1,0,0,0,0.1407,0
ACC01516,65,118,40601.32,66,52,2938708.5,2602192.89,54,30,14,50,0.4644,34,4,9,8,0.8118,1
ACC01517,633,36,2069.85,15,21,41706.32,36729.05,10,9,3,0,0.0549,4,1,2,1,0.1896,0
ACC01518,126,143,11355.94,104,39,1070224.94,551254.54,102,28,15,53,0.4636,34,8,6,2,0.8422,1
ACC01519,993,27,3673.95,13,14,37448.36,60412.47,4,7,4,3,0.0546,2,0,0,0,0.2832,0
ACC01520,3416,29,1855.25,13,16,31164.92,34318.87,12,8,2,2,0.0349,1,1,0,0,0.2333,0
ACC01521,1323,44,1425.81,17,27,29682.86,32970.98,14,19,2,5,0.1036,2,1,1,1,0.2999,0
ACC01522,86,302,19696.3,197,105,3352518.92,1774760.85,162,82,10,118,0.4229,22,4,3,5,0.7522,1
ACC01523,807,34,1140.97,14,20,17054.65,25456.45,2,11,0,4,0.0304,0,1,1,0,0.3706,0
ACC01524,57,351,18414.13,200,151,3685422.47,2930923.12,169,124,21,118,0.2882,16,5,10,1,0.9539,1
ACC01525,1823,21,2437.92,11,10,26627.59,18548.26,9,10,1,2,0.0479,0,0,3,0,0.2166,0
ACC01526,44,583,8213.79,459,124,3389618.08,979499.17,364,109,11,234,0.3516,28,10,8,1,0.6813,1
ACC01527,2013,17,1626.18,8,9,11038.26,14081.97,2,3,2,3,0.0679,2,0,1,0,0.236,0
ACC01528,515,153,2067.24,88,65,170258.93,128957.54,36,36,3,2,0.0384,0,0,0,0,0.2387,0
ACC01529,467,79,5954.93,28,51,131835.94,361954.99,5,40,2,1,0.1045,0,0,0,1,0.3116,0
ACC01530,1045,46,1653.5,25,21,54505.97,27382.12,8,2,2,1,0.0733,1,0,0,0,0.3073,0
ACC01531,40,247,9923.09,187,60,2078239.76,537748.07,160,56,11,116,0.209,32,8,4,1,0.9273,1
ACC01532,1938,46,1313.06,29,17,29892.11,27416.16,8,2,3,3,0.0447,0,2,1,0,0.0735,0
ACC01533,2225,61,3984.02,27,34,143351.15,150389.3,17,20,1,4,0.0918,2,0,0,1,0.4319,0
ACC01534,894,19,1295.95,10,9,16325.98,8342.76,6,8,1,3,0.0868,0,0,0,1,0.3078,0
ACC01535,488,74,11659.86,45,29,569310.24,378764.48,34,23,15,29,0.3241,27,4,4,7,0.9083,1
ACC01536,1646,46,2407.59,22,24,62094.28,44991.13,7,9,0,5,0.0319,1,0,1,0,0.1793,0
ACC01537,1383,17,3275.42,7,10,26140.51,40055.8,2,6,2,0,0.0183,3,0,0,0,0.245,0
ACC01538,1030,122,1460.32,51,71,86534.63,80067.81,19,31,0,1,0.0203,2,0,1,0,0.1592,0
ACC01539,2495,39,1769.94,23,16,46580.76,23798.67,10,8,2,3,0.04,0,0,1,1,0.1715,0
ACC01540,702,77,3106.02,47,30,174562.21,108778.64,21,13,2,2,0.0477,2,0,1,1,0.153,0
ACC01541,1258,47,3794.77,20,27,59104.91,122004.89,6,10,3,2,0.0796,1,0,1,1,0.3253,0
ACC01542,230,118,28675.08,84,34,2995164.19,888453.97,33,9,19,43,0.1442,25,9,7,3,0.814,1
ACC01543,107,617,14591.81,452,165,7850014.68,2862116.41,411,124,12,224,0.549,26,5,9,9,0.768,1
ACC01544,567,54,1447.53,33,21,45611.99,26551.28,27,7,1,2,0.035,2,0,0,2,0.2794,0
ACC01545,58,72,18027.79,53,19,998543.98,379438.71,53,11,22,23,0.3824,32,7,5,3,0.9237,1
ACC01546,798,66,1461.09,41,25,70423.16,45990.57,29,10,1,4,0.0055,1,1,2,0,0.1575,0
ACC01547,935,58,6293.76,27,31,179008.16,141866.48,10,14,2,2,0.1806,2,1,1,0,0.2902,0
ACC01548,1404,43,7259.14,17,26,151755.45,133645.71,10,17,1,3,0.036,2,0,0,0,0.067,0
ACC01549,43,211,7644.32,127,84,893124.35,615181.94,102,55,18,64,0.2985,27,5,8,6,0.8457,1
ACC01550,165,202,33509.71,158,44,4756986.89,1316283.45,145,37,12,64,0.3697,22,6,3,3,0.9341,1
ACC01551,1863,43,2027.94,17,26,37827.31,40292.98,12,10,2,3,0.0674,1,0,3,0,0.2488,0
ACC01552,255,208,3337.8,142,66,432185.83,243620.64,131,66,14,80,0.5485,28,6,10,4,0.8651,1
ACC01553,57,441,37434.76,260,181,8888006.01,7623554.92,194,163,16,180,0.2509,20,4,9,2,0.8335,1
ACC01554,303,32,1972.82,17,15,28689.81,27280.81,5,6,2,7,0.04,2,0,0,0,0.3077,0
ACC01555,1102,32,3040.53,20,12,53052.34,32848.08,19,7,2,3,0.0963,2,0,0,1,0.1047,0
ACC01556,617,115,1587.79,46,69,93069.18,127578.4,12,45,3,1,0.0104,1,0,0,1,0.3791,0
ACC01557,44,717,16687.45,537,180,8372113.51,3465539.99,477,178,12,282,0.3551,34,6,7,1,0.5986,1
ACC01558,38,354,5431.16,181,173,1035707.69,1090876.83,145,169,21,120,0.5154,26,4,3,2,0.9172,1
ACC01559,384,65,2106.03,32,33,81176.77,86999.42,21,27,1,1,0.0892,0,1,1,1,0.3726,0
ACC01560,753,108,1176.02,49,59,49876.19,68302.69,22,27,3,1,0.0343,2,1,2,1,0.1942,0
ACC01561,97,357,12178.24,262,95,2962255.91,1005027.53,212,63,13,146,0.2906,18,6,2,5,0.9183,1
ACC01562,105,226,13173.25,157,69,1767831.34,1066624.51,118,63,14,88,0.7398,29,7,7,6,0.9071,1
ACC01563,361,32,2432.01,14,18,25785.42,40070.0,14,10,1,0,0.0666,0,1,1,2,0.1109,0
ACC01564,28,136,36143.71,106,30,3904029.13,1283084.61,90,28,16,61,0.621,22,10,4,5,0.8924,1
ACC01565,29,481,14652.82,345,136,5038963.51,1960440.41,289,103,17,174,0.1636,26,4,6,2,0.9948,1
ACC01566,588,17,1834.37,11,6,15800.66,10185.4,2,2,3,0,0.0782,2,0,1,1,0.3883,0
ACC01567,1373,38,3513.53,14,24,38450.5,107376.13,5,22,1,1,0.0821,0,1,1,0,0.2922,0
ACC01568,1095,34,7754.39,13,21,109304.55,168869.37,12,9,1,3,0.1257,1,0,0,4,0.4515,0
ACC01569,5000,39,1193.0,20,19,21471.67,25192.1,3,10,3,2,0.0778,1,1,0,1,0.3258,0
ACC01570,523,67,1890.76,39,28,70077.78,37635.02,17,15,3,4,0.0889,1,0,2,2,0.2404,0
ACC01571,1077,99,3867.52,60,39,262588.73,145734.91,19,29,4,4,0.0584,2,0,2,0,0.1054,0
ACC01572,331,131,5954.85,67,64,419724.62,423713.71,67,31,10,60,0.1132,22,9,5,2,0.7526,1
ACC01573,974,61,3694.57,24,37,75958.12,136728.56,8,18,2,2,0.0369,0,0,4,1,0.0959,0
ACC01574,1971,262,7249.52,143,119,1020775.35,886377.97,143,117,18,91,0.1776,30,5,9,1,0.9748,1
ACC01575,736,29,1514.87,10,19,19075.99,34679.89,4,7,3,1,0.0358,0,0,0,2,0.3355,0
ACC01576,1715,10,2647.53,5,5,14017.75,13515.02,5,2,0,2,0.1705,0,0,0,0,0.302,0
ACC01577,1295,36,4070.76,20,16,78470.27,52233.01,7,16,3,1,0.0271,0,0,3,0,0.1895,0
ACC01578,448,82,4748.77,50,32,203952.17,125215.18,19,20,1,3,0.087,0,0,1,0,0.2877,0
ACC01579,1073,93,2502.27,53,40,170462.48,126737.12,18,19,2,2,0.0844,1,1,2,1,0.0506,0
ACC01580,45,85,18047.33,54,31,1087917.93,632628.96,44,31,13,32,0.1825,22,5,0,8,0.6232,1
ACC01581,898,48,3405.17,22,26,65462.59,114391.56,16,16,3,2,0.0075,2,0,0,2,0.3503,0
ACC01582,542,33,2638.15,18,15,54283.23,31254.29,16,8,2,3,0.0264,2,0,1,1,0.2389,0
ACC01583,109,346,17619.56,214,132,4399582.99,2342269.79,187,128,13,140,0.5478,31,4,4,2,0.9099,1
ACC01584,367,65,5395.63,38,27,187920.02,128972.6,15,17,1,1,0.0174,3,1,1,2,0.2308,0
ACC01585,274,206,11814.8,129,77,1360320.38,1028256.32,106,70,16,70,0.6166,26,7,8,1,0.8403,1
ACC01586,2052,81,3458.94,36,45,136083.95,200408.43,17,25,0,0,0.0843,0,1,3,2,0.198,0
ACC01587,437,57,1652.95,34,23,58280.3,32578.09,8,16,5,4,0.0831,0,0,3,0,0.2796,0
ACC01588,390,44,5645.06,27,17,157145.25,93700.62,17,15,0,3,0.113,2,1,2,0,0.3483,0
ACC01589,844,34,1864.39,19,15,31971.3,29135.59,3,7,2,1,0.1747,1,0,2,0,0.2746,0
ACC01590,2269,81,3066.84,50,31,206859.77,114422.37,21,10,5,1,0.0268,6,2,0,0,0.2672,0
ACC01591,1736,37,3765.13,15,22,60250.75,58838.42,4,20,1,1,0.0287,1,0,2,0,0.0689,0
ACC01592,2258,55,2768.09,26,29,85116.25,68700.78,12,16,6,4,0.0247,2,1,1,0,0.3848,0
ACC01593,180,334,12851.99,241,93,3416054.08,1226152.64,194,93,17,139,0.2819,26,5,6,4,0.9141,1
ACC01594,2737,56,2349.15,28,28,63066.72,71687.7,10,13,2,2,0.1376,1,1,1,0,0.3382,0
ACC01595,877,56,2188.89,34,22,92907.1,57897.05,22,12,2,0,0.0467,0,1,0,1,0.267,0
ACC01596,433,31,1802.83,12,19,27376.46,30862.06,10,7,1,2,0.0393,1,2,2,0,0.2867,0
ACC01597,533,55,2562.72,23,32,68775.34,100487.78,8,27,1,2,0.0179,1,0,0,0,0.2312,0
ACC01598,40,227,9053.61,134,93,1349886.61,861610.05,112,93,11,85,0.3537,26,6,8,4,0.8485,1
ACC01599,66,318,12220.64,232,86,2648629.65,949253.28,226,49,8,114,0.3504,31,6,4,7,0.8113,1
ACC01600,1415,24,1008.38,9,15,10256.44,18435.3,2,2,2,1,0.0352,1,0,0,1,0.3276,0
ACC01601,773,93,3650.7,48,45,218855.02,162498.35,20,29,2,2,0.102,1,1,3,0,0.3232,0
ACC01602,2190,65,4749.34,33,32,169915.73,167196.47,7,15,1,3,0.0115,0,0,3,0,0.315,0
ACC01603,387,185,8380.18,96,89,839111.08,801351.52,96,59,14,71,0.2437,34,3,9,6,0.9128,1
ACC01604,129,193,29192.2,136,57,4540938.05,1928797.19,129,57,13,66,0.4356,24,8,8,6,0.7568,1
ACC01605,166,398,8069.16,209,189,1759904.56,1768925.93,170,148,15,167,0.3293,31,5,3,3,0.9497,1
ACC01606,128,495,22233.58,347,148,9073984.8,3472926.09,278,121,18,181,0.5835,23,8,3,4,0.704,1
ACC01607,203,145,13327.51,98,47,1526034.57,741074.89,76,47,21,51,0.4026,25,4,5,8,0.8128,1
ACC01608,440,213,13523.63,134,79,1945494.55,1140406.14,92,70,12,77,0.3289,19,8,3,1,0.8374,1
ACC01609,389,96,9000.75,50,46,517275.89,414247.02,50,46,14,37,0.364,24,4,9,2,0.7682,1
ACC01610,1110,141,1256.25,57,84,90766.66,81460.6,28,37,4,0,0.0122,2,1,1,1,0.1995,0
ACC01611,303,28,5235.91,15,13,72648.73,73380.53,5,11,2,1,0.0192,0,2,3,1,0.4287,0
ACC01612,481,50,3611.78,21,29,68964.73,112002.32,9,7,2,2,0.0432,3,0,3,0,0.1832,0
ACC01613,114,700,8266.54,467,233,4751308.48,2302608.32,413,199,12,311,0.6531,33,12,6,2,0.9127,1
ACC01614,589,70,7461.05,25,45,168861.31,369640.74,5,26,2,2,0.1531,0,0,2,1,0.3775,0
ACC01615,136,339,12107.51,266,73,3082487.97,837842.58,224,59,19,104,0.3352,25,6,3,4,0.7858,1
ACC01616,184,21,5162.17,8,13,51039.56,49345.88,7,7,2,1,0.0331,1,1,0,0,0.147,0
ACC01617,1490,41,668.47,19,22,11865.14,12464.51,9,11,0,2,0.0377,3,1,3,0,0.2002,0
ACC01618,277,66,10584.77,40,26,490399.45,270865.28,17,7,0,6,0.1689,2,0,3,1,0.1286,0
ACC01619,1121,26,2566.68,10,16,22082.99,38669.72,2,8,1,0,0.0399,0,0,0,1,0.4207,0
ACC01620,1230,54,2517.02,22,32,68718.12,82212.78,14,15,4,2,0.0552,1,1,0,1,0.1126,0
ACC01621,1387,37,3667.32,21,16,63230.75,68019.86,20,10,0,4,0.0413,1,0,2,0,0.2493,0
ACC01622,30,238,12409.21,160,78,1878035.24,1161020.88,151,61,17,96,0.2724,23,3,5,4,0.9562,1
ACC01623,130,296,18323.03,228,68,3769708.02,1142917.25,191,68,22,105,0.2881,27,3,7,1,0.6228,1
ACC01624,621,25,7613.07,12,13,94415.5,73933.98,5,8,3,2,0.0534,0,0,1,1,0.2881,0
ACC01625,18,189,24776.59,140,49,3434038.89,1486433.95,116,36,17,68,0.5182,26,9,1,3,0.9113,1
ACC01626,571,103,3788.62,54,49,266961.96,219635.11,24,21,2,2,0.123,1,0,1,1,0.1135,0
ACC01627,79,127,32963.43,90,37,3169118.46,1152855.95,79,31,26,33,0.3329,24,9,6,2,0.9442,1
ACC01628,1044,92,3358.87,42,50,161928.63,208353.03,15,28,4,2,0.0401,2,2,0,0,0.2947,0
ACC01629,1065,78,7510.05,37,41,296237.89,298621.57,14,14,5,2,0.0388,4,3,0,0,0.2027,0
ACC01630,1081,44,3891.35,27,17,121542.2,79467.66,14,14,2,1,0.0075,1,0,3,1,0.2892,0
ACC01631,687,70,2679.87,42,28,130841.21,70600.5,22,23,1,4,0.0321,0,0,1,2,0.1619,0
ACC01632,1116,104,2469.71,41,63,81802.32,110933.1,21,34,0,2,0.0521,2,2,0,0,0.3194,0
ACC01633,415,44,1345.47,19,25,25430.35,39125.16,9,16,0,2,0.0256,2,1,2,1,0.366,0
ACC01634,834,37,6362.44,23,14,193267.21,95951.01,16,10,5,1,0.0736,5,0,1,1,0.5326,0
ACC01635,173,167,16201.6,83,84,1615374.13,1171345.77,83,75,10,67,0.306,27,8,4,4,0.884,1
ACC01636,1094,18,1984.26,9,9,15070.13,16563.12,6,7,2,3,0.0868,0,0,1,0,0.3035,0
ACC01637,520,45,5134.97,29,16,200391.51,83076.49,7,13,1,0,0.0251,2,1,2,1,0.1611,0
ACC01638,85,839,6034.94,652,187,4571958.83,1358226.16,571,178,14,325,0.4057,26,4,7,2,0.6777,1
ACC01639,206,344,5445.76,249,95,1235239.15,531718.63,210,94,10,134,0.4157,18,7,2,4,0.969,1
ACC01640,907,30,838.53,14,16,12746.07,16970.25,9,13,4,2,0.0724,2,0,3,1,0.4627,0
ACC01641,1344,31,4331.54,16,15,55236.24,59633.31,8,9,1,3,0.0581,1,0,1,1,0.5536,0
ACC01642,1009,24,976.68,11,13,14257.82,10249.48,8,13,4,0,0.1591,4,1,2,0,0.1743,0
ACC01643,1103,73,1830.32,29,44,43577.52,93276.47,8,24,2,2,0.0698,2,2,1,1,0.4437,0
ACC01644,1923,49,650.31,18,31,13394.51,15442.75,3,12,2,1,0.0757,1,2,1,0,0.4268,0
ACC01645,2964,22,1494.45,10,12,16018.3,21122.44,2,12,1,3,0.0296,2,0,2,1,0.0998,0
ACC01646,430,36,746.84,17,19,10353.56,10234.92,2,19,1,0,0.0803,1,0,3,0,0.3192,0
ACC01647,271,188,7147.33,144,44,948250.26,354579.2,123,10,15,68,0.4362,17,5,3,2,0.8439,1
ACC01648,415,52,3041.32,19,33,48770.19,111805.07,9,17,0,0,0.0325,1,1,2,1,0.4189,0
ACC01649,1193,39,1420.92,14,25,17295.19,34818.78,2,9,5,2,0.0451,0,0,0,0,0.1071,0
ACC01650,1698,55,3019.05,35,20,139740.47,46464.03,16,6,3,2,0.0585,3,2,1,0,0.1861,0
ACC01651,77,794,8104.49,573,221,5006830.81,2192198.26,485,204,19,282,0.3862,25,5,6,3,0.7661,1
ACC01652,1136,67,2607.56,35,32,83850.76,107084.81,22,4,5,3,0.0244,3,0,1,0,0.124,0
ACC01653,93,561,20480.71,296,265,6319925.85,5667376.69,252,250,26,216,0.3247,22,2,7,8,0.9767,1
ACC01654,1554,51,853.12,28,23,28698.19,17812.42,9,15,1,3,0.0541,1,1,1,0,0.2277,0
ACC01655,1090,33,8979.11,13,20,117717.42,134959.4,4,12,3,1,0.1062,3,1,0,1,0.1738,0
ACC01656,189,546,15700.9,344,202,6457826.24,3663414.14,279,176,13,207,0.3415,24,6,6,1,0.9021,1
ACC01657,643,48,4472.6,25,23,107945.48,85698.32,8,12,3,0,0.0106,0,0,1,0,0.3299,0
ACC01658,69,742,10302.42,566,176,6610270.45,2166377.81,479,162,23,279,0.4999,22,5,4,4,0.8943,1
ACC01659,876,39,2464.24,20,19,63812.99,49966.26,5,9,4,0,0.1117,2,0,1,2,0.2327,0
ACC01660,2017,56,4753.62,24,32,127110.63,154858.0,12,23,2,1,0.0437,1,0,2,0,0.1058,0
ACC01661,568,41,2023.86,25,16,39801.78,36112.76,14,16,2,3,0.0906,1,0,1,1,0.2381,0
ACC01662,755,72,1994.51,28,44,71595.54,64226.88,17,27,5,6,0.1321,1,1,0,0,0.5234,0
ACC01663,69,226,36453.68,158,68,6391019.96,2947607.16,138,68,14,84,0.5148,32,5,4,7,0.6626,1
ACC01664,789,34,3167.21,21,13,54142.85,29270.66,11,12,1,2,0.0895,0,1,4,0,0.2611,0
ACC01665,395,142,3438.04,60,82,222868.48,221347.71,26,48,2,4,0.0325,0,0,2,4,0.3901,0
ACC01666,162,199,12403.42,123,76,1517706.63,1009230.07,99,72,17,78,0.2548,20,4,4,6,0.8694,1
ACC01667,123,766,3841.77,441,325,1994517.72,1238367.95,351,305,14,323,0.1946,27,5,3,2,0.8045,1
ACC01668,2255,32,2569.96,19,13,46848.53,35122.04,13,9,0,2,0.0407,2,1,1,1,0.2408,0
ACC01669,273,107,28640.39,56,51,1661793.13,1443349.02,50,51,11,44,0.2307,31,9,5,9,0.9489,1
ACC01670,74,134,10332.36,97,37,928659.95,390369.03,57,19,22,46,0.1843,17,6,6,9,0.8289,1
ACC01671,722,29,3378.96,15,14,55483.85,56132.13,3,5,2,4,0.0256,0,1,1,1,0.2981,0
ACC01672,2236,42,4571.83,26,16,146855.37,69494.38,7,11,1,1,0.0212,0,0,2,0,0.1589,0
ACC01673,62,393,10632.24,246,147,2378393.17,1797726.35,202,145,12,177,0.3282,29,5,3,7,0.9027,1
ACC01674,347,169,7231.2,85,84,532323.12,572563.91,75,77,6,65,0.4234,22,5,5,5,0.834,1
ACC01675,518,24,3393.83,14,10,48323.78,24102.45,2,5,1,2,0.0587,2,1,2,2,0.395,0
ACC01676,345,59,1558.93,33,26,45737.77,33505.78,3,10,2,4,0.0073,1,1,0,1,0.3863,0
ACC01677,425,40,944.47,24,16,22208.39,17477.1,2,12,1,1,0.0412,0,0,0,0,0.1633,0
ACC01678,161,222,12274.3,115,107,1216310.82,1560058.55,92,99,16,87,0.1743,27,8,4,2,0.8773,1
ACC01679,120,306,6977.04,211,95,1617210.02,701471.68,177,85,14,107,0.3378,28,4,4,3,0.8343,1
ACC01680,1050,41,1441.56,26,15,49137.06,23253.62,9,2,1,4,0.095,0,1,0,3,0.2085,0
ACC01681,1412,35,815.84,20,15,16812.99,8967.32,6,11,1,4,0.0638,2,0,1,0,0.2062,0
ACC01682,35,345,9201.43,252,93,2149174.17,1002859.2,196,71,11,129,0.6928,24,10,3,3,0.9854,1
ACC01683,68,410,12389.32,213,197,2766483.12,2774136.99,147,163,15,151,0.2551,24,6,14,4,0.6823,1
ACC01684,3168,78,1147.32,31,47,36734.69,52582.8,13,21,1,3,0.03,3,0,1,1,0.2866,0
ACC01685,830,68,2908.88,30,38,71201.84,142365.49,2,14,4,4,0.0815,0,0,0,0,0.0263,0
ACC01686,949,93,2799.67,32,61,118605.63,178241.3,17,34,2,5,0.0188,3,1,1,0,0.1076,0
ACC01687,1227,22,2193.31,7,15,14745.03,30240.61,7,5,0,2,0.0971,2,0,1,1,0.3003,0
ACC01688,71,181,19234.79,96,85,2037512.03,1561882.47,90,85,11,66,0.4069,36,7,5,5,0.9786,1
ACC01689,528,15,689.41,7,8,4999.21,4861.12,2,4,1,1,0.0959,1,0,2,1,0.0711,0
ACC01690,2005,40,2919.51,17,23,40764.0,66841.99,6,15,2,1,0.1635,1,0,2,1,0.0609,0
ACC01691,126,640,11661.12,465,175,6292911.49,2307124.32,380,145,12,241,0.4468,26,6,4,5,0.8548,1
ACC01692,67,746,19696.48,423,323,9868804.73,7827714.92,374,296,18,270,0.5772,25,2,4,3,0.8682,1
ACC01693,218,32,1325.84,18,14,31134.51,20614.01,3,2,3,2,0.0859,1,1,0,1,0.1242,0
ACC01694,685,95,1746.84,59,36,127329.02,47807.79,21,23,4,2,0.0312,0,0,2,1,0.256,0
ACC01695,474,110,1717.18,64,46,126160.3,73583.44,28,21,0,5,0.0337,1,0,1,0,0.2455,0
ACC01696,369,82,8559.55,38,44,316544.43,468485.08,18,24,1,2,0.0784,1,0,2,1,0.0975,0
ACC01697,967,127,1007.17,74,53,98659.69,61307.01,35,25,1,2,0.0882,3,0,1,0,0.1491,0
ACC01698,1087,63,6732.56,24,39,190115.8,212249.63,9,23,1,2,0.0245,1,2,0,0,0.3252,0
ACC01699,1914,58,6411.93,36,22,273481.15,163923.5,19,9,4,4,0.0185,2,1,0,0,0.0988,0
ACC01700,342,46,2248.34,19,27,55034.87,69079.76,8,13,2,2,0.0244,1,0,2,2,0.209,0
ACC01701,1028,33,874.89,19,14,21100.68,8598.69,14,4,0,1,0.0564,1,1,1,1,0.3826,0
ACC01702,1181,32,327.89,13,19,3967.5,5631.76,11,10,3,4,0.0775,1,0,3,4,0.3154,0
ACC01703,696,64,1688.67,37,27,50044.19,37388.68,21,22,2,2,0.0101,2,1,1,2,0.2758,0
ACC01704,44,344,7585.32,200,144,1572828.23,966594.63,155,100,20,134,0.313,29,7,3,7,0.7341,1
ACC01705,759,45,2096.51,22,23,43567.72,36737.85,12,12,1,0,0.1251,2,2,1,0,0.2081,0
ACC01706,673,53,6174.13,23,30,169819.02,238724.38,2,22,2,0,0.119,2,0,4,1,0.3917,0
ACC01707,265,154,19198.58,100,54,1755634.85,903221.63,62,54,12,73,0.6493,22,10,3,7,0.8452,1
ACC01708,509,89,7903.47,54,35,517989.98,287487.42,31,13,5,0,0.0417,2,1,0,0,0.1573,0
ACC01709,22,561,15931.72,357,204,5484229.76,3659314.43,311,184,17,194,0.4074,22,9,2,2,0.7994,1
ACC01710,884,27,2998.12,16,11,46740.54,25362.72,6,7,2,0,0.0453,2,2,1,2,0.5429,0
ACC01711,953,96,4277.76,39,57,176846.73,306827.65,23,31,3,2,0.0126,3,1,1,3,0.3065,0
ACC01712,1756,65,1924.1,23,42,48765.13,88013.47,6,21,3,5,0.0476,4,0,0,0,0.3419,0
ACC01713,184,205,13030.11,138,67,1834877.94,863690.96,117,67,13,80,0.2138,20,6,4,6,0.8278,1
ACC01714,22,161,10620.99,113,48,1474677.49,606508.74,113,33,11,59,0.4511,25,7,3,4,0.9649,1
ACC01715,298,407,8102.99,311,96,3026004.14,960254.43,273,96,18,171,0.4471,22,4,6,4,0.9839,1
ACC01716,164,382,15198.65,203,179,2988241.46,3222092.65,138,172,15,129,0.4577,18,5,5,1,0.8124,1
ACC01717,1002,24,11915.82,8,16,118376.31,234364.43,5,11,3,2,0.0268,1,2,1,0,0.0716,0
ACC01718,132,156,19085.69,111,45,2640253.69,1034091.79,99,45,14,69,0.4461,28,3,6,5,0.8341,1
ACC01719,558,76,2766.35,38,38,99237.11,106775.9,21,19,1,4,0.1244,3,2,2,2,0.3819,0
ACC01720,1130,86,5906.56,39,47,262633.94,245623.65,13,26,2,1,0.0395,1,3,2,0,0.4524,0
ACC01721,340,51,3867.5,28,23,83048.79,97444.56,14,16,2,3,0.2021,2,1,0,1,0.2335,0
ACC01722,75,353,26365.51,209,144,5125616.88,4646905.38,187,135,15,146,0.5304,19,9,3,2,0.6814,1
ACC01723,1113,14,2608.8,4,10,13117.15,29569.2,2,2,3,0,0.0419,3,0,1,0,0.1794,0
ACC01724,531,99,6764.68,50,49,259614.31,425153.84,27,18,2,3,0.0053,2,0,2,3,0.2425,0
ACC01725,133,219,5194.48,171,48,908214.28,291560.93,126,34,17,98,0.3341,27,5,6,4,0.9176,1
ACC01726,553,56,1617.64,28,28,52286.23,52447.98,16,12,3,0,0.0393,1,1,0,1,0.187,0
ACC01727,709,19,3006.2,11,8,42906.38,20019.72,9,8,2,1,0.0899,1,1,2,0,0.5666,0
ACC01728,299,28,1039.03,12,16,16503.98,13461.98,2,2,1,0,0.0276,0,1,3,0,0.176,0
ACC01729,814,34,7204.75,13,21,118443.09,128623.91,2,5,3,2,0.0696,1,1,1,0,0.4152,0
ACC01730,1191,57,11282.49,34,23,480186.97,272169.0,19,16,4,3,0.0211,0,2,0,1,0.2523,0
ACC01731,690,61,1103.72,35,26,29341.36,35395.13,27,12,3,2,0.0312,3,0,0,0,0.2681,0
ACC01732,66,241,7985.99,189,52,1846831.15,453169.27,181,35,18,84,0.5033,20,5,6,2,0.8264,1
ACC01733,1181,41,5758.06,14,27,89095.33,134011.15,2,19,1,2,0.0338,0,0,3,1,0.2072,0
ACC01734,585,39,1901.27,20,19,44361.89,28796.9,12,6,2,0,0.0144,3,1,0,1,0.1311,0
ACC01735,475,81,2892.45,42,39,163082.51,84557.14,11,24,5,4,0.055,0,1,0,1,0.3057,0
ACC01736,483,37,1115.83,17,20,15472.61,26293.19,2,2,1,0,0.0878,3,0,1,3,0.4289,0
ACC01737,491,67,3010.89,33,34,119757.73,89885.21,16,19,2,0,0.0467,5,0,1,0,0.383,0
ACC01738,108,427,23973.76,239,188,7072671.54,5336981.49,207,179,15,164,0.5854,16,8,6,7,0.7866,1
ACC01739,777,77,10607.88,33,44,351910.23,404044.93,5,27,2,3,0.099,1,0,0,1,0.4153,0
ACC01740,2020,49,1783.77,21,28,34809.61,45216.89,13,23,3,2,0.0953,0,0,1,0,0.305,0
ACC01741,196,43,1168.75,19,24,28740.05,25976.08,11,15,4,1,0.0965,3,0,1,1,0.4434,0
ACC01742,4312,38,3176.0,16,22,61486.32,74676.66,9,7,2,1,0.0452,1,1,2,1,0.1623,0
ACC01743,1026,47,2209.77,28,19,83301.83,40121.71,14,17,0,2,0.0921,3,0,1,3,0.357,0
ACC01744,1522,135,2433.73,84,51,209910.63,131505.18,35,24,3,0,0.0459,3,0,1,0,0.3932,0
ACC01745,2922,59,3007.26,21,38,63753.82,84291.22,16,12,0,1,0.0519,0,0,2,0,0.5655,0
ACC01746,121,184,16175.25,123,61,2144113.1,913582.22,121,59,13,64,0.2877,18,4,8,4,0.9583,1
ACC01747,1207,24,4334.65,12,12,51072.63,60683.82,10,12,0,1,0.0168,1,1,0,0,0.0874,0
ACC01748,1201,53,2534.38,28,25,69955.67,61700.75,10,20,2,1,0.0324,1,0,2,0,0.3053,0
ACC01749,957,72,3079.09,31,41,99894.11,96794.81,13,28,1,2,0.0395,0,0,0,0,0.2502,0
ACC01750,1116,13,1563.49,5,8,7215.5,10480.42,3,7,2,2,0.1583,0,2,1,1,0.4059,0
ACC01751,605,27,320.56,14,13,4502.96,3925.99,3,10,4,4,0.0495,0,1,1,0,0.3129,0
ACC01752,181,81,994.94,29,52,25452.87,50144.79,7,27,3,0,0.0642,0,1,4,0,0.434,0
ACC01753,2114,32,3172.65,19,13,70718.42,36436.66,11,8,6,3,0.0578,4,0,0,0,0.2348,0
ACC01754,968,69,4913.6,25,44,148456.57,273522.88,7,21,0,1,0.0984,1,1,2,0,0.6264,0
ACC01755,553,35,2295.3,15,20,28203.92,43132.65,4,12,3,0,0.0184,2,0,0,0,0.1703,0
ACC01756,636,51,3278.86,18,33,66818.23,85895.25,8,18,4,0,0.016,1,1,0,3,0.5505,0
ACC01757,646,56,1985.46,22,34,49512.09,79451.94,4,19,4,0,0.031,2,1,2,1,0.3787,0
ACC01758,1073,66,2374.46,39,27,80930.04,69542.4,14,8,2,2,0.0088,1,0,1,2,0.2787,0
ACC01759,328,480,3772.1,341,139,1588455.49,607548.47,282,111,23,169,0.6332,27,8,4,4,0.7501,1
ACC01760,744,27,1966.14,12,15,23203.82,23685.49,5,5,0,2,0.0296,0,0,1,1,0.2699,0
ACC01761,532,35,4790.94,20,15,127327.5,73908.58,2,10,1,4,0.0327,1,0,2,2,0.3122,0
ACC01762,1730,75,2541.4,31,44,94722.93,98891.4,6,25,1,3,0.1149,4,1,1,2,0.1711,0
ACC01763,1277,40,3548.14,20,20,89422.02,73401.56,11,5,3,1,0.0878,3,0,2,1,0.1843,0
ACC01764,76,388,6730.71,240,148,1914527.43,925557.35,180,142,8,161,0.5909,29,6,3,2,0.8819,1
ACC01765,102,390,16174.63,227,163,3911663.45,2499807.59,176,159,14,144,0.2618,32,2,5,7,0.7275,1
ACC01766,68,201,16877.05,130,71,2268397.86,1076272.51,92,71,9,62,0.3292,24,2,2,2,0.8058,1
ACC01767,90,376,28494.75,222,154,6448278.74,4832068.32,204,148,20,145,0.4034,28,5,6,1,0.7858,1
ACC01768,2969,57,2090.05,25,32,57934.66,75887.98,10,11,4,5,0.0104,2,0,3,0,0.4792,0
ACC01769,1065,95,3119.34,55,40,226505.34,117749.71,19,26,0,4,0.1364,4,0,1,1,0.2244,0
ACC01770,300,57,1433.18,22,35,33652.94,44487.51,11,12,0,3,0.0653,2,2,2,1,0.4221,0
ACC01771,2725,28,980.2,13,15,14105.59,16603.31,9,6,6,1,0.0804,1,1,3,2,0.3738,0
ACC01772,447,80,1999.47,48,32,121822.14,49979.34,25,20,1,3,0.0217,2,0,2,2,0.3519,0
ACC01773,1846,37,6193.35,20,17,93230.48,115599.27,14,14,0,5,0.0155,1,3,1,1,0.1153,0
ACC01774,259,33,2101.99,13,20,34498.39,44823.83,7,8,0,3,0.0432,3,2,2,0,0.5177,0
ACC01775,1053,79,1706.97,31,48,55301.84,89486.87,15,30,2,2,0.0366,1,1,0,0,0.0913,0
ACC01776,620,67,2819.98,27,40,68857.2,141990.18,12,25,3,1,0.0307,1,1,1,0,0.1917,0
ACC01777,566,190,1201.85,87,103,119469.36,128037.04,40,50,2,2,0.025,1,0,2,0,0.2668,0
ACC01778,913,76,494.42,31,45,19086.77,21838.6,18,23,3,0,0.0206,1,0,0,0,0.3668,0
ACC01779,836,27,2112.47,11,16,23363.0,25270.13,8,3,1,4,0.0142,2,1,2,0,0.5081,0
ACC01780,1260,14,1330.53,6,8,10462.85,7582.82,2,2,4,2,0.024,0,0,0,0,0.2049,0
ACC01781,449,22,2025.22,9,13,22178.77,26430.53,2,10,2,2,0.0089,4,0,0,0,0.3722,0
ACC01782,517,72,2028.28,37,35,99758.93,87645.91,17,21,3,2,0.0404,1,0,0,0,0.1609,0
ACC01783,101,265,9275.39,196,69,1965585.1,678740.7,190,47,5,115,0.6062,26,9,4,5,0.8902,1
ACC01784,1432,43,2475.28,26,17,49682.88,52817.68,16,6,0,0,0.0812,0,0,1,0,0.3647,0
ACC01785,948,54,3257.99,27,27,71193.99,102842.57,14,13,4,2,0.0449,3,1,1,0,0.4647,0
ACC01786,653,42,1251.26,26,16,33515.95,15840.73,11,4,5,2,0.0327,1,0,2,1,0.075,0
ACC01787,1304,22,2191.97,8,14,13617.71,33071.93,7,9,2,2,0.0206,2,0,2,0,0.4062,0
ACC01788,52,298,64303.17,203,95,12394872.76,6367686.61,164,95,12,116,0.5362,29,5,4,2,0.7723,1
ACC01789,2658,34,2088.49,13,21,33526.99,52638.71,11,6,4,1,0.0189,1,1,0,0,0.4173,0
ACC01790,871,9,2790.27,4,5,9485.06,15914.13,4,2,5,3,0.0008,0,0,2,1,0.2108,0
ACC01791,1333,83,2121.32,44,39,104062.9,73448.65,14,28,6,2,0.0335,3,0,0,1,0.2875,0
ACC01792,517,19,6923.42,8,11,46454.31,60850.75,2,2,1,2,0.1032,2,1,1,0,0.2843,0
ACC01793,532,36,1439.05,19,17,26656.22,28033.75,19,17,4,2,0.1058,2,0,0,0,0.0707,0
ACC01794,44,431,29623.61,218,213,7546333.3,7612928.4,189,186,10,151,0.4028,31,7,5,2,0.9556,1
ACC01795,564,65,5747.99,23,42,124177.48,268396.07,9,19,1,1,0.1087,0,0,1,2,0.3422,0
ACC01796,1343,48,1454.51,22,26,26227.33,27455.35,5,24,1,2,0.0657,0,1,1,0,0.1441,0
ACC01797,1276,41,2059.54,25,16,62754.22,25555.36,12,8,4,0,0.0248,2,0,2,1,0.1826,0
ACC01798,112,355,15626.69,187,168,3092665.51,2630168.66,157,154,8,137,0.4626,20,6,4,3,0.9038,1
ACC01799,293,88,3860.97,45,43,134912.99,181113.78,16,20,2,2,0.0805,2,0,0,1,0.1236,0
ACC01800,778,49,373.27,31,18,13701.71,5654.62,9,4,0,1,0.0627,0,0,1,0,0.1711,0
ACC01801,1607,47,3052.93,23,24,92209.18,84602.8,13,13,2,0,0.039,0,2,2,0,0.4587,0
ACC01802,440,60,1637.45,29,31,55946.81,49365.16,11,16,2,2,0.0423,0,0,1,0,0.4541,0
ACC01803,118,167,16359.25,113,54,1789752.32,858153.78,69,52,20,55,0.1871,18,4,6,1,0.9366,1
ACC01804,1342,46,2021.03,17,29,40286.97,74084.84,2,15,2,1,0.0545,3,1,2,0,0.2868,0
ACC01805,826,30,2015.35,17,13,28557.01,19370.07,2,6,3,4,0.0476,1,0,0,0,0.2645,0
ACC01806,135,280,13636.13,144,136,1830336.31,1602406.36,141,128,9,117,0.3331,42,4,5,1,0.9407,1
ACC01807,100,351,41047.09,235,116,10965242.12,5220622.18,173,90,17,122,0.4054,26,4,3,2,0.8413,1
ACC01808,868,102,881.27,45,57,49716.78,63025.46,20,25,1,0,0.0142,0,1,0,2,0.1199,0
ACC01809,158,172,7231.83,130,42,1005047.74,331143.84,91,41,9,69,0.5784,21,3,6,5,0.9354,1
ACC01810,1079,35,1383.15,15,20,17098.16,20855.72,5,6,0,5,0.052,3,1,4,0,0.4338,0
ACC01811,1415,31,2240.96,16,15,46546.91,24886.02,15,2,1,2,0.0447,6,0,1,0,0.5134,0
ACC01812,1021,24,5339.96,14,10,69090.9,58178.21,6,8,2,1,0.0301,0,0,1,0,0.2527,0
ACC01813,38,607,8013.49,366,241,2937147.52,2009326.46,329,214,12,236,0.3271,26,4,5,7,0.7581,1
ACC01814,1059,84,3964.75,51,33,204601.06,152414.01,33,16,1,2,0.0939,3,0,0,3,0.4196,0
ACC01815,509,66,2342.13,26,40,73058.93,111022.49,16,26,1,3,0.0673,1,0,0,2,0.1936,0
ACC01816,158,699,4992.48,476,223,2105114.79,1113605.26,404,200,9,262,0.3907,20,6,1,5,0.7608,1
ACC01817,55,220,12121.79,139,81,1508077.09,866317.59,107,76,22,85,0.3001,24,7,3,4,0.8911,1
ACC01818,815,124,4301.06,63,61,353153.7,257635.01,31,31,1,2,0.0827,4,0,1,2,0.1027,0
ACC01819,2346,98,3083.49,59,39,172965.75,108797.81,34,24,0,1,0.0296,0,0,3,2,0.2122,0
ACC01820,1164,26,1111.93,10,16,12334.25,13244.1,2,4,1,5,0.0903,0,0,3,1,0.1315,0
ACC01821,1247,26,2632.05,12,14,26639.72,39798.53,2,9,2,4,0.0146,3,0,2,0,0.1275,0
ACC01822,229,36,4546.23,20,16,79905.98,58255.03,8,9,3,2,0.046,1,0,0,0,0.0848,0
ACC01823,104,233,13674.63,155,78,2394871.55,1109615.34,155,78,18,95,0.4182,18,7,5,5,0.7558,1
ACC01824,3261,33,1227.08,12,21,15669.27,29151.85,4,9,1,2,0.03,1,1,0,1,0.1122,0
ACC01825,385,56,6493.25,22,34,179076.89,212934.48,12,6,1,0,0.0128,1,2,1,0,0.2306,0
ACC01826,88,451,9962.65,242,209,2248444.33,2150935.28,184,193,16,157,0.2781,21,5,4,3,0.7916,1
ACC01827,199,105,13762.83,52,53,746124.56,844424.68,52,41,23,34,0.4856,17,3,6,4,0.9135,1
ACC01828,1319,76,10849.27,37,39,306497.8,426194.72,13,19,0,2,0.0327,2,0,0,1,0.3005,0
ACC01829,848,30,2767.68,16,14,58617.22,36182.35,2,10,2,3,0.0984,1,0,1,1,0.1176,0
ACC01830,541,300,2884.42,186,114,474229.19,414158.5,84,64,2,3,0.0365,1,1,1,1,0.1728,0
ACC01831,1735,25,2707.79,14,11,41906.89,27938.26,7,5,1,3,0.1138,2,1,2,0,0.2243,0
ACC01832,75,410,12359.49,292,118,4046776.49,1721704.44,249,107,10,142,0.2522,27,3,5,3,0.892,1
ACC01833,674,40,4123.94,21,19,68159.19,72201.56,8,10,2,2,0.0192,3,1,1,1,0.3378,0
ACC01834,378,48,2585.02,26,22,56463.0,51477.33,9,9,1,6,0.006,0,1,0,1,0.3325,0
ACC01835,199,44,6991.22,21,23,125604.93,127747.46,2,17,1,1,0.0462,2,1,1,0,0.3525,0
ACC01836,740,95,1663.71,56,39,88577.94,64506.9,24,13,3,2,0.0673,1,1,0,1,0.147,0
ACC01837,689,24,2332.76,10,14,30787.33,32680.33,7,2,3,1,0.0162,0,0,4,1,0.4455,0
ACC01838,44,364,13290.2,276,88,4212396.02,1423109.76,250,80,20,130,0.1549,28,11,4,6,0.631,1
ACC01839,2400,62,1757.7,36,26,84842.52,58599.17,12,14,2,2,0.0646,4,1,2,0,0.251,0
ACC01840,520,98,16436.06,67,31,1349176.41,563757.31,56,13,14,33,0.3027,29,3,3,9,0.831,1
ACC01841,2762,51,4604.42,24,27,135186.64,144992.31,17,16,1,1,0.0307,3,0,2,0,0.0554,0
ACC01842,80,268,4068.59,192,76,763694.43,323143.06,149,64,14,109,0.5768,28,3,9,9,0.9597,1
ACC01843,157,104,12859.15,61,43,844657.19,572618.16,61,23,13,37,0.2587,27,9,6,2,0.7818,1
ACC01844,502,52,10538.48,26,26,308204.98,263659.96,11,13,0,2,0.0433,2,2,1,1,0.1632,0
ACC01845,122,255,40611.08,179,76,6957105.83,3848698.84,168,76,16,109,0.2493,24,6,4,6,0.7658,1
ACC01846,299,138,1879.04,54,84,103248.61,148239.58,19,57,0,3,0.0263,1,0,2,1,0.1386,0
ACC01847,382,24,2639.05,14,10,36060.48,23350.13,3,7,4,3,0.078,2,0,1,0,0.4593,0
ACC01848,510,67,4582.25,33,34,191138.11,185878.14,15,22,2,1,0.0228,1,1,2,0,0.4663,0
ACC01849,83,171,8315.17,129,42,1078860.14,425639.13,129,42,10,79,0.6258,20,13,5,1,0.466,1
ACC01850,594,48,976.54,19,29,21776.7,29468.28,10,23,1,2,0.0379,1,1,2,2,0.4355,0
ACC01851,1425,51,3419.61,31,20,111416.87,64691.02,8,10,5,1,0.019,4,1,2,2,0.2722,0
ACC01852,877,30,3855.33,15,15,72158.62,49191.34,14,13,3,7,0.0389,1,0,0,1,0.3666,0
ACC01853,470,26,854.97,10,16,8376.3,14209.47,4,14,2,3,0.0594,1,1,0,1,0.2526,0
ACC01854,967,22,1063.28,9,13,10039.17,10532.74,2,9,2,2,0.1456,2,0,1,0,0.1008,0
ACC01855,453,41,1621.56,16,25,32119.44,39219.77,16,16,1,2,0.0581,1,1,1,0,0.1459,0
ACC01856,1629,21,4310.46,12,9,43640.18,42283.79,2,2,3,1,0.0333,1,0,2,0,0.326,0
ACC01857,336,323,8724.4,167,156,1480461.1,1603226.67,154,140,18,142,0.4119,27,9,3,1,0.7991,1
ACC01858,1036,63,672.15,36,27,21372.86,22928.65,8,16,1,0,0.0292,0,0,0,2,0.2967,0
ACC01859,57,265,40387.87,160,105,7203276.35,5083733.27,118,91,16,82,0.5244,25,4,7,1,0.8537,1
ACC01860,636,42,1235.81,15,27,13922.37,30771.99,8,16,2,2,0.0465,0,0,0,0,0.2466,0
ACC01861,707,74,1548.32,32,42,50762.91,66895.66,8,25,0,1,0.0376,0,0,1,1,0.3741,0
ACC01862,112,97,10539.37,65,32,663475.49,365922.79,65,26,11,40,0.307,33,3,10,4,0.9356,1
ACC01863,362,539,12856.79,304,235,3559514.52,3369125.84,247,193,20,228,0.0814,27,13,7,8,0.9613,1
ACC01864,23,248,11663.74,166,82,2017114.77,1083378.38,143,82,17,98,0.1709,18,6,4,4,0.8775,1
ACC01865,461,140,3420.48,80,60,262900.22,161101.07,38,32,2,5,0.1136,1,0,0,0,0.4121,0
ACC01866,69,892,11017.21,690,202,6924937.86,2631188.81,590,198,13,338,0.3616,33,9,3,3,0.8631,1
ACC01867,892,45,1138.11,28,17,39320.09,18090.79,20,17,2,2,0.0337,2,1,1,1,0.0993,0
ACC01868,1271,30,4867.67,14,16,84204.03,59104.23,5,11,0,2,0.0059,1,0,3,0,0.2976,0
ACC01869,2411,49,3489.99,31,18,124963.33,80370.4,13,13,3,2,0.0936,3,0,1,0,0.408,0
ACC01870,129,258,12573.23,182,76,2427703.5,1129377.12,159,61,9,105,0.4992,23,4,2,5,0.8352,1
ACC01871,1021,18,3189.93,10,8,34738.3,32715.8,6,4,2,2,0.0157,3,1,0,1,0.2393,0
ACC01872,752,39,2841.23,13,26,43416.14,91757.76,2,6,2,1,0.0322,1,0,0,0,0.1812,0
ACC01873,858,27,2040.66,16,11,26240.99,22625.69,12,2,3,4,0.0419,1,1,1,2,0.3286,0
ACC01874,858,57,1724.07,30,27,65032.47,58227.56,7,16,2,4,0.1017,3,2,0,2,0.3796,0
ACC01875,152,352,11473.26,240,112,2421561.1,1234893.48,206,108,17,126,0.2965,38,6,4,5,0.8056,1
ACC01876,64,118,8957.28,60,58,557761.02,568141.62,25,55,10,35,0.1832,18,5,4,5,0.6334,1
ACC01877,1303,23,2076.1,14,9,31184.67,16109.19,9,6,4,0,0.0528,0,0,2,1,0.1336,0
ACC01878,1237,44,1506.02,22,22,36534.11,29349.77,4,12,2,4,0.0334,1,0,0,1,0.4307,0
ACC01879,660,45,2381.52,19,26,46553.99,74863.15,13,5,1,2,0.0824,2,0,0,1,0.1286,0
ACC01880,1299,60,2037.24,38,22,63220.76,56233.52,6,3,2,2,0.0582,3,1,3,0,0.3703,0
ACC01881,106,519,16097.99,400,119,7030024.13,2165381.6,317,118,7,194,0.3692,23,5,4,3,0.8147,1
ACC01882,112,319,22751.2,212,107,5036880.08,2747307.71,172,90,11,123,0.2136,25,5,5,3,0.7304,1
ACC01883,1226,55,1650.48,27,28,40526.11,55725.8,13,13,2,3,0.0414,3,2,0,0,0.1694,0
ACC01884,829,15,2067.94,5,10,8112.81,14782.93,3,2,2,1,0.0509,0,0,0,1,0.2025,0
ACC01885,154,114,9925.25,80,34,877393.79,375285.73,41,28,12,40,0.5493,23,5,3,8,0.7787,1
ACC01886,255,120,14298.79,67,53,891497.43,904907.02,58,53,17,48,0.2941,22,3,4,4,0.7616,1
ACC01887,56,298,10649.23,237,61,2934896.51,621532.07,197,45,13,123,0.2872,15,8,10,2,0.8776,1
ACC01888,741,23,4618.24,9,14,46689.85,71784.81,6,8,4,2,0.0613,2,0,1,0,0.3272,0
ACC01889,494,44,2131.92,22,22,52840.91,36349.28,4,10,3,5,0.0264,0,2,0,0,0.2115,0
ACC01890,758,26,1764.13,15,11,26773.08,18143.08,2,4,1,1,0.0924,0,0,0,2,0.259,0
ACC01891,2583,85,5040.59,35,50,172549.09,299533.37,21,30,2,1,0.0603,3,0,4,1,0.2269,0
ACC01892,822,40,1656.42,24,16,45930.7,25249.3,20,8,1,3,0.0172,3,0,1,0,0.3538,0
ACC01893,74,146,7666.74,79,67,741507.01,543481.18,52,67,24,53,0.2437,24,4,4,3,0.7824,1
ACC01894,745,166,19990.35,104,62,2556740.5,1146717.87,84,56,17,66,0.4089,29,9,7,4,0.7193,1
ACC01895,74,207,6264.29,137,70,794499.13,486883.85,130,70,24,82,0.5662,19,5,4,10,0.6358,1
ACC01896,288,327,39589.38,227,100,7728694.19,3453256.18,174,80,12,133,0.3791,28,5,6,3,0.8341,1
ACC01897,991,20,2504.98,7,13,15377.9,38565.69,2,4,2,0,0.1022,3,0,0,0,0.2493,0
ACC01898,1440,21,1301.43,10,11,15598.7,16333.93,4,8,1,4,0.0072,0,1,1,1,0.1887,0
ACC01899,2347,50,850.25,19,31,18606.85,20962.95,17,20,2,2,0.0532,1,2,1,0,0.0673,0
ACC01900,898,186,2609.32,91,95,266828.36,257977.34,44,51,0,3,0.0182,1,0,2,0,0.2266,0
ACC01901,416,115,4504.88,63,52,250750.27,185522.78,23,26,3,3,0.0188,2,1,1,0,0.1247,0
ACC01902,360,64,2951.17,35,29,114743.58,70549.78,18,14,1,2,0.0568,3,0,1,0,0.3213,0
ACC01903,344,72,1109.98,32,40,43737.11,37106.71,15,21,3,2,0.0486,4,0,1,0,0.4362,0
ACC01904,2640,33,1693.76,14,19,29038.87,37990.47,9,10,1,3,0.037,1,1,3,2,0.2744,0
ACC01905,784,45,1734.17,22,23,39114.66,51408.79,2,9,1,8,0.0573,3,0,4,0,0.2827,0
ACC01906,253,1005,14342.64,520,485,8352301.0,7447292.49,429,435,19,378,0.5276,29,4,4,4,0.7382,1
ACC01907,1217,98,1291.91,55,43,64624.7,48204.7,30,25,5,2,0.0805,1,1,1,1,0.3773,0
ACC01908,1476,71,2399.03,29,42,64567.65,76494.7,19,24,3,2,0.054,2,0,1,0,0.1848,0
ACC01909,107,281,10467.87,151,130,1917429.41,1629343.8,120,124,14,109,0.2469,22,5,3,6,0.8598,1
ACC01910,1538,92,1962.87,47,45,110084.68,81874.95,30,28,0,1,0.0666,0,0,3,0,0.2897,0
ACC01911,98,245,5856.28,181,64,1214288.58,446832.88,172,64,17,92,0.2499,31,6,5,3,0.85,1
ACC01912,525,56,810.35,24,32,25002.96,31711.63,15,19,3,1,0.1285,3,2,0,0,0.1794,0
ACC01913,2050,92,7085.88,50,42,286433.45,335215.84,26,22,4,1,0.0426,2,0,1,0,0.2763,0
ACC01914,70,220,7127.18,142,78,1072683.61,509429.01,130,78,15,88,0.5487,20,7,8,1,0.9404,1
ACC01915,1015,37,4815.36,16,21,103119.9,114523.13,7,14,0,3,0.009,1,0,1,1,0.2604,0
ACC01916,210,223,13545.39,126,97,1534844.59,1126176.57,115,85,12,92,0.3963,28,6,2,4,0.9059,1
ACC01917,1218,30,1655.21,11,19,19676.35,22716.55,11,7,2,0,0.0397,2,2,0,2,0.2807,0
ACC01918,138,326,12382.29,193,133,2780331.36,1477918.06,164,116,15,117,0.1043,25,1,5,5,0.965,1
ACC01919,717,48,2384.02,20,28,54079.13,66517.06,16,12,1,2,0.0675,1,1,2,0,0.3209,0
ACC01920,1406,71,4406.95,30,41,106270.6,156917.22,18,26,2,4,0.0328,2,0,0,0,0.2129,0
ACC01921,251,406,7308.84,223,183,1626166.29,1488412.73,178,140,10,149,0.3264,19,1,8,3,0.8193,1
ACC01922,383,38,2055.27,13,25,25089.08,47702.78,12,3,3,1,0.1422,4,0,2,0,0.3878,0
ACC01923,1009,36,1224.26,21,15,20509.56,15130.64,7,7,3,2,0.0029,3,0,0,0,0.3116,0
ACC01924,1055,32,1545.08,15,17,23995.21,31646.96,7,10,2,3,0.032,1,0,0,1,0.3072,0
ACC01925,1962,62,9712.38,23,39,274168.89,273987.71,16,28,2,2,0.0732,1,0,1,1,0.1676,0
ACC01926,1632,47,1119.71,20,27,19988.95,29467.78,8,13,1,2,0.0496,1,2,0,0,0.3526,0
ACC01927,1636,50,947.94,26,24,30348.67,16978.73,13,8,1,1,0.0379,1,0,2,0,0.3959,0
ACC01928,16,264,14158.23,204,60,3315664.31,812230.86,167,53,9,92,0.4566,24,4,6,5,0.8976,1
ACC01929,107,322,8022.53,221,101,1641876.53,908251.3,184,89,16,116,0.1902,25,5,10,7,0.8555,1
ACC01930,505,52,1410.26,26,26,47390.92,28461.25,8,11,8,2,0.0986,3,0,2,1,0.2391,0
ACC01931,78,195,10255.36,122,73,1520312.98,678153.6,100,73,8,75,0.5048,28,13,5,2,0.8491,1
ACC01932,1321,17,682.01,10,7,8735.47,4339.44,2,6,3,3,0.1074,4,2,0,1,0.1397,0
ACC01933,459,16,2104.69,8,8,18086.58,18253.06,7,2,2,3,0.0523,3,0,0,2,0.0931,0
ACC01934,80,300,12330.83,200,100,2507893.17,1245572.58,174,83,12,108,0.3554,29,5,6,2,0.9234,1
ACC01935,248,19,1681.91,9,10,18353.95,14495.19,7,3,1,1,0.0744,1,0,0,0,0.3334,0
ACC01936,588,63,3876.35,26,37,132808.61,156375.07,17,16,3,1,0.0477,1,0,0,1,0.4752,0
ACC01937,63,225,34975.97,145,80,6096449.26,3332502.67,128,65,11,83,0.2222,24,2,4,2,0.6474,1
ACC01938,201,119,5668.76,66,53,416070.61,293172.74,38,45,15,43,0.3162,21,3,8,5,0.6973,1
ACC01939,518,67,1315.7,28,39,27918.41,54595.25,6,16,1,3,0.0702,2,0,0,0,0.2448,0
ACC01940,2004,72,2385.98,35,37,75508.62,70249.12,15,20,2,3,0.0185,3,0,4,1,0.4241,0
ACC01941,656,50,2752.51,20,30,69704.35,101757.07,11,12,1,1,0.0888,1,0,0,0,0.3321,0
ACC01942,560,52,6326.24,20,32,121319.85,163124.97,5,20,4,1,0.0266,1,0,2,2,0.2997,0
ACC01943,573,27,1795.41,16,11,31706.46,17930.35,8,5,2,1,0.0285,1,0,0,0,0.3282,0
ACC01944,990,90,2701.04,37,53,75029.91,148778.29,20,31,1,3,0.009,3,0,0,0,0.5189,0
ACC01945,294,203,21533.79,125,78,2395794.77,1837526.4,91,64,9,84,0.2964,25,9,4,7,0.8173,1
ACC01946,1901,27,2072.64,17,10,39270.7,19790.42,10,6,0,2,0.0148,0,1,2,0,0.1972,0
ACC01947,1183,36,3942.7,18,18,63806.79,69734.9,11,7,1,0,0.0193,2,0,1,3,0.4666,0
ACC01948,91,296,14737.4,179,117,2784446.04,2110922.45,143,116,17,104,0.3218,30,5,5,4,0.7944,1
ACC01949,1492,31,5611.12,17,14,91557.81,98388.4,2,8,3,3,0.0307,2,0,1,2,0.3417,0
ACC01950,543,34,1291.34,20,14,22405.38,19909.03,3,2,1,6,0.0328,2,1,0,0,0.372,0
ACC01951,74,180,10799.36,112,68,1224293.72,675173.47,57,48,14,59,0.638,17,5,6,5,0.8802,1
ACC01952,2151,35,1783.81,14,21,30110.34,34285.04,8,7,3,4,0.0598,0,1,2,1,0.3091,0
ACC01953,604,90,1066.97,42,48,34724.17,43769.09,23,26,1,3,0.0208,0,0,3,1,0.1697,0
ACC01954,41,274,7969.78,216,58,1764511.15,433189.48,210,56,14,123,0.567,26,10,1,5,0.8356,1
ACC01955,46,215,39062.44,114,101,4589692.61,4581564.95,85,71,14,94,0.1265,27,6,6,2,0.9368,1
ACC01956,1797,45,1739.03,28,17,39660.48,27732.3,13,11,0,3,0.0364,2,1,0,1,0.2066,0
ACC01957,132,280,19103.57,169,111,3040118.28,1831531.22,129,96,20,116,0.5048,19,6,2,4,0.9482,1
ACC01958,929,68,8087.72,31,37,290436.97,335500.79,9,19,3,3,0.0062,1,1,2,2,0.1644,0
ACC01959,396,55,5916.43,21,34,133840.44,258849.93,3,19,3,2,0.0401,6,0,1,1,0.0575,0
ACC01960,502,18,1410.08,9,9,12033.6,14807.18,3,4,3,2,0.0095,2,2,3,1,0.1719,0
ACC01961,50,173,15545.21,114,59,1604605.29,1060700.03,61,54,20,73,0.457,29,3,2,3,0.7662,1
ACC01962,107,138,12231.15,105,33,1526501.86,490754.09,65,33,15,47,0.2717,24,4,3,3,0.9198,1
ACC01963,972,41,2169.68,18,23,43798.96,36165.91,18,10,1,4,0.0127,1,0,1,0,0.1626,0
ACC01964,452,49,1998.87,29,20,67888.8,29064.54,16,8,0,2,0.0499,3,0,2,0,0.0645,0
ACC01965,575,31,3214.59,14,17,43803.47,39373.08,4,8,2,0,0.0682,2,1,1,0,0.3611,0
ACC01966,984,44,2070.23,23,21,59455.25,31602.91,5,10,3,1,0.13,0,0,2,2,0.1,0
ACC01967,1161,80,1257.89,49,31,51026.32,48222.88,25,7,4,4,0.0207,0,1,1,2,0.4694,0
ACC01968,486,63,2485.47,24,39,79509.19,104726.12,18,21,2,3,0.0339,4,0,1,2,0.5952,0
ACC01969,1800,68,1106.97,24,44,26915.42,37838.78,11,15,1,2,0.0269,4,2,0,0,0.0997,0
ACC01970,153,336,30385.89,210,126,7777367.38,4561757.23,189,115,18,133,0.6852,24,9,4,3,0.9378,1
ACC01971,1030,34,4311.2,14,20,56319.13,91600.16,2,15,2,0,0.0226,1,0,1,1,0.1225,0
ACC01972,1448,116,1356.06,62,54,102906.52,57111.58,27,30,4,3,0.0403,1,0,3,1,0.2162,0
ACC01973,758,52,1108.48,20,32,24993.27,35425.49,8,18,3,3,0.0245,1,1,1,0,0.4863,0
ACC01974,685,41,1566.16,25,16,30836.02,24256.6,14,6,1,3,0.1364,0,0,1,1,0.2406,0
ACC01975,161,241,14845.41,192,49,2718788.66,695290.13,162,49,16,95,0.1284,26,8,1,5,0.8621,1
ACC01976,419,41,2531.13,25,16,78029.48,49719.86,11,16,4,1,0.1194,2,1,1,1,0.3566,0
ACC01977,543,58,2568.36,23,35,56013.65,95699.39,15,16,3,4,0.0626,1,0,1,0,0.0318,0
ACC01978,327,61,1831.49,24,37,47541.71,55104.95,12,20,0,3,0.0977,4,1,4,0,0.3555,0
ACC01979,1633,72,3908.0,42,30,169109.67,113050.47,16,19,2,2,0.0934,2,0,3,1,0.3483,0
ACC01980,204,350,35724.09,184,166,6184907.77,6536442.08,154,151,16,137,0.6996,31,8,9,3,0.8238,1
ACC01981,798,14,1751.3,4,10,7995.51,16541.67,4,9,3,3,0.0221,2,0,0,1,0.1634,0
ACC01982,289,38,1859.5,13,25,31407.54,48787.38,6,4,1,1,0.0311,1,0,1,1,0.2374,0
ACC01983,1241,32,1667.58,15,17,32504.37,23449.54,15,17,1,2,0.0232,1,2,3,0,0.1192,0
ACC01984,1191,79,1192.64,33,46,38439.52,54936.95,19,31,0,4,0.0277,2,0,1,2,0.2536,0
ACC01985,608,74,983.06,35,39,39061.74,47270.66,18,23,0,2,0.1085,3,0,1,2,0.2519,0
ACC01986,397,171,8562.67,130,41,1108867.26,391560.25,85,39,13,78,0.3639,32,5,3,2,0.8088,1
ACC01987,222,42,1130.52,24,18,23334.54,19109.54,15,16,1,1,0.0129,2,0,2,0,0.1982,0
ACC01988,514,24,6580.38,11,13,95203.89,111047.14,2,2,3,0,0.0378,4,0,3,0,0.3172,0
ACC01989,287,43,6370.3,18,25,116616.96,150662.57,16,19,1,1,0.0435,4,0,5,0,0.4664,0
ACC01990,1099,46,5043.56,23,23,152715.99,149156.6,6,8,3,1,0.0707,1,2,0,0,0.2646,0
ACC01991,184,19,2351.79,8,11,23544.98,20280.45,7,5,3,1,0.063,1,0,1,1,0.1867,0
ACC01992,673,81,2108.37,50,31,134808.57,80352.56,15,21,3,2,0.0207,3,0,0,0,0.1992,0
ACC01993,798,96,1628.93,43,53,86143.7,104760.07,24,34,2,1,0.0357,2,1,1,2,0.2774,0
ACC01994,531,34,2290.46,13,21,32122.95,55122.71,9,2,0,0,0.0827,0,0,0,1,0.2034,0
ACC01995,569,33,5478.65,14,19,79940.52,118091.7,7,18,0,1,0.0815,1,0,1,0,0.0682,0
ACC01996,1952,48,1019.61,25,23,20836.74,20765.12,13,9,0,0,0.1047,3,1,2,1,0.2439,0
ACC01997,732,81,2156.04,49,32,82265.52,52813.24,20,10,2,0,0.1006,1,0,0,0,0.2753,0
ACC01998,619,24,2371.95,15,9,40492.43,17492.36,13,2,3,3,0.0372,5,0,0,0,0.3679,0
ACC01999,1119,76,1224.75,30,46,41180.2,59477.87,17,30,2,3,0.0357,1,0,1,3,0.153,0
ACC02000,1125,18,4764.11,10,8,55456.46,47736.41,7,8,7,1,0.0376,5,0,3,1,0.5052,0
ACC02001,1967,110,1696.63,55,55,74000.29,75486.49,21,24,5,3,0.022,2,1,1,0,0.0672,0
ACC02002,1643,40,1645.97,18,22,31671.77,42109.96,2,19,1,1,0.0467,3,1,2,0,0.267,0
ACC02003,491,37,1766.95,17,20,32900.57,34486.73,10,10,5,4,0.0287,3,1,1,2,0.177,0
ACC02004,569,72,3619.93,29,43,83085.22,173203.8,18,18,4,2,0.0457,0,1,2,1,0.2333,0
ACC02005,281,29,2921.46,12,17,31819.28,49449.5,7,9,1,2,0.055,2,0,2,0,0.0673,0
ACC02006,108,285,7151.0,202,83,1522254.3,727451.04,163,82,6,98,0.3994,21,11,5,3,0.9598,1
ACC02007,1465,39,2009.87,20,19,54027.26,34288.77,2,9,4,3,0.0384,0,2,0,0,0.5487,0
ACC02008,519,51,853.05,28,23,27677.19,25182.35,14,12,2,3,0.1056,3,0,2,0,0.1721,0
ACC02009,386,55,1962.47,19,36,38984.11,79254.32,2,24,3,4,0.0813,2,0,1,0,0.3639,0
ACC02010,357,21,6664.93,12,9,95298.01,66543.71,2,4,0,0,0.0397,2,1,2,1,0.1739,0
ACC02011,1124,24,6743.14,9,15,57113.11,108306.56,2,15,2,4,0.0284,1,1,2,0,0.0954,0
ACC02012,611,25,1170.51,15,10,23431.37,9411.85,14,7,3,0,0.0711,3,1,3,1,0.364,0
ACC02013,735,223,12457.14,165,58,2177872.96,720325.82,127,58,14,87,0.4748,28,2,5,2,0.8437,1
ACC02014,1041,53,1990.33,31,22,57733.67,33163.23,17,21,2,3,0.009,3,0,2,1,0.2313,0
ACC02015,371,34,12009.62,18,16,169865.91,168669.32,2,4,2,2,0.0396,2,0,1,3,0.4103,0
ACC02016,223,279,7878.14,144,135,1323824.02,1243000.64,124,108,12,110,0.3914,30,4,5,4,0.575,1
ACC02017,1221,50,5342.42,20,30,124241.61,138734.71,6,11,4,1,0.0858,1,1,1,0,0.3862,0
ACC02018,1339,75,2448.95,26,49,61803.3,145500.47,18,29,1,2,0.1037,2,2,1,0,0.2764,0
ACC02019,504,17,1152.57,10,7,11170.08,5729.22,2,7,1,2,0.1158,1,1,0,0,0.2664,0
ACC02020,660,23,2436.33,10,13,27476.01,25927.34,10,2,4,4,0.0383,1,1,0,0,0.1442,0
ACC02021,1348,41,2142.06,26,15,56135.09,36937.02,6,11,0,4,0.0286,1,0,3,1,0.205,0
ACC02022,31,344,11265.15,189,155,2612794.92,2157309.6,148,144,23,131,0.1834,39,7,4,5,0.7357,1
ACC02023,732,44,5208.74,16,28,86627.53,161751.23,7,18,3,2,0.0212,5,1,0,0,0.3164,0
ACC02024,567,68,2768.36,30,38,83353.85,98215.3,17,18,0,2,0.027,0,1,2,0,0.3385,0
ACC02025,1198,89,2148.43,36,53,65954.36,84521.29,15,24,0,2,0.0575,1,1,1,0,0.3056,0
ACC02026,757,44,6632.09,27,17,140067.43,112711.67,22,11,2,3,0.0156,0,2,0,2,0.386,0
ACC02027,430,22,1699.27,13,9,20144.5,14529.46,2,2,2,1,0.1561,1,1,1,1,0.2221,0
ACC02028,470,88,3258.04,41,47,111261.73,178627.77,17,21,3,3,0.0833,2,1,3,1,0.3466,0
ACC02029,805,71,974.57,34,37,32786.27,25353.42,14,22,1,1,0.0919,2,0,0,0,0.1525,0
ACC02030,201,20,7645.24,12,8,86615.39,74322.58,11,3,5,3,0.0231,3,0,0,0,0.2656,0
ACC02031,1848,47,3262.49,17,30,44207.56,99519.42,5,22,2,2,0.0495,1,0,2,0,0.1221,0
ACC02032,1768,44,2111.52,24,20,54545.93,52143.84,20,9,0,2,0.0801,0,1,1,0,0.2485,0
ACC02033,193,92,7849.57,59,33,472365.95,242514.77,49,33,16,38,0.5838,28,6,11,5,0.9675,1
ACC02034,810,48,1334.16,18,30,28049.82,39726.72,7,13,2,4,0.0467,2,0,0,0,0.4333,0
ACC02035,30,218,12857.54,121,97,1891433.09,1268887.39,99,90,18,102,0.6106,21,5,6,5,0.6955,1
ACC02036,890,51,2430.61,22,29,44846.25,49812.0,13,17,1,2,0.0118,1,1,0,0,0.2104,0
ACC02037,158,92,9608.41,73,19,712053.84,219446.29,73,19,24,45,0.5404,19,7,3,2,0.8274,1
ACC02038,1467,67,1891.74,25,42,50828.55,103212.6,10,31,4,0,0.0739,0,0,0,1,0.2006,0
ACC02039,768,32,1833.24,16,16,34234.65,37061.07,8,8,1,0,0.0429,3,0,0,2,0.3492,0
ACC02040,105,153,20778.63,101,52,2157669.82,995125.95,73,40,15,67,0.5896,34,6,1,4,0.8847,1
ACC02041,2119,59,2401.63,22,37,49727.54,80290.56,3,11,2,4,0.0486,1,1,1,1,0.1829,0
ACC02042,826,31,2429.71,11,20,28811.25,43816.67,2,6,0,1,0.0084,3,0,1,1,0.1705,0
ACC02043,1631,11,2011.84,5,6,7994.84,12294.13,5,2,3,2,0.0203,0,2,1,0,0.4534,0
ACC02044,60,478,16901.69,313,165,6597316.45,3363838.03,265,135,23,179,0.3493,35,4,3,2,0.7496,1
ACC02045,911,78,1513.01,49,29,77116.35,52101.77,16,16,2,6,0.051,1,1,3,0,0.3348,0
ACC02046,177,15,4360.5,8,7,35603.9,35472.97,2,2,1,2,0.0461,1,0,0,1,0.4813,0
ACC02047,815,84,1928.7,31,53,58316.63,132189.71,19,32,2,1,0.1564,2,0,1,0,0.2548,0
ACC02048,826,26,10858.13,12,14,145583.8,193021.79,2,11,1,0,0.0234,0,1,1,2,0.5261,0
ACC02049,718,46,2245.31,29,17,53214.19,45693.46,15,9,4,2,0.0244,2,1,1,0,0.048,0
ACC02050,883,39,1599.75,16,23,22202.09,36486.41,8,20,1,3,0.0863,2,0,1,3,0.2565,0
ACC02051,331,27,1417.83,9,18,11048.07,22674.5,2,6,2,0,0.0369,0,1,3,1,0.4702,0
ACC02052,462,58,2815.11,21,37,77978.83,103922.45,14,25,1,1,0.123,1,1,0,1,0.2342,0
ACC02053,958,32,1659.83,17,15,35286.71,24565.13,11,10,7,0,0.0778,2,0,0,0,0.19,0
ACC02054,2156,26,3924.49,13,13,44500.32,55471.86,2,7,2,2,0.0511,2,1,1,1,0.6546,0
ACC02055,1786,18,3071.02,8,10,25533.18,34436.16,2,9,2,4,0.104,1,0,2,1,0.1029,0
ACC02056,2336,46,1957.4,23,23,38931.98,53982.02,16,16,3,2,0.0349,0,1,1,0,0.2914,0
ACC02057,868,26,1696.55,14,12,29153.01,14790.88,11,6,3,0,0.0643,1,2,1,0,0.4311,0
ACC02058,335,19,3416.93,8,11,24813.33,47948.72,2,11,3,2,0.0353,4,3,0,0,0.2424,0
ACC02059,355,142,4606.27,58,84,231518.33,498120.24,31,41,3,3,0.0462,0,0,1,0,0.2813,0
ACC02060,910,260,18047.51,136,124,2773094.25,2500416.53,133,113,17,114,0.4202,17,7,2,3,0.808,1
ACC02061,1969,38,2018.87,13,25,23588.75,64739.94,2,22,1,2,0.0308,1,0,1,0,0.3578,0
ACC02062,448,466,31563.78,246,220,8662828.67,7687216.31,199,204,18,170,0.3411,22,7,5,9,0.8373,1
ACC02063,89,152,26848.81,97,55,2452737.12,1441698.51,71,29,11,51,0.4025,26,1,3,5,0.6511,1
ACC02064,2119,90,4312.57,34,56,149299.87,194183.72,14,26,1,1,0.009,0,0,2,3,0.5782,0
ACC02065,2186,57,1319.58,33,24,40742.51,36691.12,16,8,4,2,0.0678,3,1,2,0,0.5589,0
ACC02066,1400,13,3600.44,7,6,25805.27,15681.49,3,2,3,0,0.0503,0,0,3,0,0.2219,0
ACC02067,689,53,5138.68,34,19,160178.86,107359.07,12,8,2,1,0.0607,2,0,2,0,0.1822,0
ACC02068,2290,65,523.48,27,38,17954.27,16048.09,8,24,1,0,0.0508,4,0,1,1,0.1665,0
ACC02069,427,49,1243.81,20,29,29802.01,42664.5,11,14,2,0,0.0134,0,0,1,1,0.1472,0
ACC02070,643,137,14393.84,90,47,1231488.65,783097.23,82,18,14,55,0.2953,15,6,3,2,0.8977,1
ACC02071,126,324,16706.19,240,84,4225382.68,1329620.25,209,59,16,141,0.1611,32,9,8,3,0.7092,1
ACC02072,187,36,1562.21,16,20,30473.95,39719.49,16,17,3,2,0.0452,2,1,1,0,0.3105,0
ACC02073,327,156,1779.36,72,84,106927.71,115514.13,37,48,2,2,0.0595,1,2,1,2,0.142,0
ACC02074,613,134,24090.57,105,29,2801902.35,730039.04,88,29,18,49,0.5088,30,8,6,1,0.6822,1
ACC02075,1212,60,2061.38,38,22,78586.16,53908.42,20,10,0,2,0.0021,1,0,1,1,0.2609,0
ACC02076,995,59,605.61,26,33,14892.45,15884.94,15,12,2,1,0.0368,1,1,0,1,0.2059,0
ACC02077,2687,22,6114.19,13,9,67985.66,58218.61,2,2,3,0,0.0258,1,1,3,2,0.2121,0
ACC02078,852,60,2367.83,26,34,69498.91,91280.73,18,18,1,1,0.1434,4,0,0,0,0.211,0
ACC02079,415,24,5904.37,15,9,96823.15,39793.2,3,8,1,3,0.0149,5,0,1,1,0.3755,0
ACC02080,769,46,4327.73,23,23,112244.49,124955.52,10,11,1,1,0.0661,2,0,1,0,0.2192,0
ACC02081,286,48,4739.99,26,22,161738.93,108933.87,7,8,1,1,0.0221,2,0,1,0,0.5028,0
ACC02082,1380,44,6234.45,24,20,176395.32,125268.33,17,7,1,3,0.0891,3,0,1,0,0.2684,0
ACC02083,1810,36,3096.97,20,16,51298.12,51891.61,6,11,2,3,0.0174,1,0,0,0,0.28,0
ACC02084,105,375,8908.37,256,119,2445230.54,1096079.11,226,108,18,155,0.348,32,8,4,4,0.8987,1
ACC02085,59,106,17107.76,71,35,1089797.38,667381.72,54,32,16,35,0.3603,17,5,4,3,0.7105,1
ACC02086,746,51,1201.51,31,20,30998.38,30572.95,5,9,1,4,0.1019,1,1,0,1,0.5074,0
ACC02087,790,31,2069.97,14,17,38309.18,28299.73,13,9,3,1,0.0673,1,0,1,0,0.6363,0
ACC02088,1759,66,5354.0,36,30,226227.51,175312.78,12,6,2,3,0.0133,1,0,1,1,0.2684,0
ACC02089,1765,59,776.9,34,25,29239.94,18018.15,14,11,1,2,0.0885,0,0,0,1,0.093,0
ACC02090,58,455,12376.66,232,223,3283703.02,2579834.0,212,201,14,187,0.3387,29,3,4,4,0.8972,1
ACC02091,19,216,13728.81,117,99,1691424.64,1390463.4,105,99,7,91,0.3392,14,7,7,5,0.9201,1
ACC02092,1376,52,5506.78,27,25,189999.05,178747.93,7,19,1,4,0.0396,1,0,1,0,0.2258,0
ACC02093,565,67,1682.17,42,25,81046.96,53732.16,24,13,0,1,0.0667,1,1,1,0,0.0605,0
ACC02094,973,59,2502.84,35,24,73105.83,46125.76,16,8,1,6,0.0822,1,0,2,2,0.4853,0
ACC02095,941,156,2448.32,64,92,171764.15,228617.16,29,45,3,0,0.0399,4,1,0,0,0.4837,0
ACC02096,78,267,12417.02,143,124,1733212.17,1862585.59,141,89,10,107,0.5162,7,7,2,2,0.6223,1
ACC02097,1158,31,2313.18,12,19,24468.48,46298.81,2,18,2,0,0.0975,2,2,1,0,0.1057,0
ACC02098,1201,53,1158.69,27,26,24449.42,28742.32,6,15,0,7,0.0031,1,2,2,1,0.4561,0
ACC02099,863,18,2568.73,6,12,11796.0,36554.9,2,7,3,1,0.0397,0,0,2,2,0.2104,0
ACC02100,664,15,1511.62,7,8,13524.63,15550.85,2,4,0,6,0.0294,2,0,1,0,0.0546,0
ACC02101,719,28,2046.24,10,18,26012.53,33239.89,2,8,2,4,0.1191,2,0,0,1,0.3084,0
ACC02102,343,46,7348.65,25,21,244910.01,194203.36,11,11,3,5,0.0973,3,2,0,0,0.3303,0
ACC02103,1178,60,10135.73,33,27,307639.67,343459.1,14,15,3,2,0.0501,2,0,1,1,0.2023,0
ACC02104,1010,43,3657.84,25,18,86232.46,73816.3,2,12,3,1,0.06,2,0,1,3,0.1505,0
ACC02105,91,463,10522.68,369,94,4409422.44,1079110.96,306,75,15,179,0.0734,38,6,4,3,0.8817,1
ACC02106,526,27,4031.82,16,11,66935.04,57651.38,10,10,3,3,0.1449,2,0,1,2,0.386,0
ACC02107,207,305,11787.31,239,66,3077417.95,899454.91,207,54,12,128,0.5182,28,1,9,4,0.9813,1
ACC02108,388,30,3279.64,11,19,47548.36,44202.22,5,11,0,1,0.0147,4,0,0,1,0.237,0
ACC02109,1330,33,2875.29,13,20,40862.2,69314.32,6,8,2,0,0.0464,2,1,0,1,0.3188,0
ACC02110,80,73,9166.93,57,16,645834.22,182399.81,33,6,12,27,0.5676,21,6,6,2,0.6463,1
ACC02111,268,132,10634.8,66,66,780008.03,719102.61,66,66,20,48,0.1286,22,9,3,6,0.7029,1
ACC02112,83,219,13034.71,166,53,2106316.93,718753.09,144,44,16,74,0.4019,23,2,4,2,0.9122,1
ACC02113,1301,27,1684.26,11,16,20739.06,27050.31,10,10,2,5,0.0495,3,0,1,0,0.1841,0
ACC02114,63,267,11806.43,206,61,2337665.4,735588.14,162,61,16,104,0.5189,21,5,9,1,0.7814,1
ACC02115,118,200,17825.19,131,69,2263557.11,1274545.85,121,69,17,59,0.2483,27,5,8,2,0.9755,1
ACC02116,206,277,6645.71,155,122,1004605.17,912290.7,126,88,13,106,0.2304,26,8,5,3,0.7876,1
ACC02117,756,140,1800.91,74,66,168475.19,120926.89,26,35,4,3,0.0793,1,0,1,1,0.1921,0
ACC02118,1196,63,1795.43,31,32,58602.6,59284.07,15,21,3,2,0.0358,2,1,0,1,0.329,0
ACC02119,1451,33,2117.54,17,16,46188.82,36429.27,6,12,2,3,0.0704,2,0,2,2,0.1054,0
ACC02120,845,49,8626.2,28,21,295046.64,218764.17,9,6,0,4,0.1026,0,0,0,0,0.1503,0
ACC02121,1136,28,2511.83,17,11,54068.9,30965.68,17,7,0,0,0.0579,0,1,1,0,0.411,0
ACC02122,1086,29,4449.16,11,18,60189.35,90397.05,7,16,3,2,0.0295,0,0,2,2,0.3455,0
ACC02123,61,497,12861.08,363,134,4385237.29,1631051.07,307,102,12,215,0.5588,20,5,3,8,0.8191,1
ACC02124,69,596,21513.97,390,206,7239066.96,4471670.43,293,186,16,224,0.2248,31,4,7,4,0.9048,1
ACC02125,263,45,8985.19,27,18,251796.55,139973.62,14,17,0,5,0.0152,0,2,0,0,0.1491,0
ACC02126,356,70,6215.21,37,33,184616.69,256076.87,9,18,1,2,0.0139,0,1,1,0,0.2482,0
ACC02127,1111,34,1407.85,16,18,28496.1,24664.36,15,8,3,1,0.0203,1,0,2,1,0.256,0
ACC02128,455,26,3220.18,11,15,39473.32,46264.73,11,2,1,3,0.0482,2,0,0,1,0.4348,0
ACC02129,656,33,4131.32,19,14,70047.58,60540.56,12,2,3,0,0.0651,0,0,1,1,0.4609,0
ACC02130,1908,96,5875.55,41,55,288270.12,384723.87,27,24,0,2,0.0434,0,0,0,0,0.0712,0
ACC02131,210,167,18580.1,110,57,2552808.05,1080681.81,96,57,13,64,0.3848,22,3,8,4,0.6898,1
ACC02132,105,484,14560.6,302,182,3810450.4,2599523.69,230,168,13,170,0.2858,11,7,6,2,0.9123,1
ACC02133,1076,50,882.53,30,20,22617.05,21426.66,15,4,4,1,0.028,3,1,0,0,0.4194,0
ACC02134,203,174,9273.11,111,63,1243107.61,559622.79,102,59,17,72,0.2465,13,5,3,1,0.722,1
ACC02135,605,75,2822.95,30,45,102311.15,162483.41,12,31,4,1,0.0473,4,0,2,0,0.1976,0
ACC02136,164,836,13296.73,551,285,8553646.43,4649611.95,468,260,15,308,0.2155,27,5,3,3,0.8595,1
ACC02137,1097,77,1817.71,37,40,54696.02,55139.39,4,23,3,1,0.0765,2,2,0,0,0.2613,0
ACC02138,1823,59,1930.9,33,26,55388.63,44678.3,18,13,0,3,0.0555,0,0,2,1,0.2999,0
ACC02139,208,27,2481.33,13,14,34214.85,44466.3,2,6,1,3,0.0771,1,0,2,1,0.233,0
ACC02140,1094,22,1893.41,10,12,14735.75,20548.18,8,2,5,2,0.0226,0,0,3,1,0.3452,0
ACC02141,1695,53,3107.26,30,23,80378.04,64540.2,18,14,4,3,0.0568,1,2,0,0,0.3355,0
ACC02142,60,380,8391.11,259,121,2387711.75,1172027.83,242,121,13,155,0.3833,28,6,4,4,0.7942,1
ACC02143,371,112,9774.15,59,53,602751.01,482589.35,59,50,15,52,0.6361,26,6,7,3,0.5825,1
ACC02144,41,248,14577.72,174,74,2156223.29,1164335.58,166,74,15,102,0.4794,29,6,8,5,0.8344,1
ACC02145,189,411,14488.63,286,125,5144704.13,1848759.63,264,105,16,168,0.3708,31,10,3,6,0.9165,1
ACC02146,488,38,12077.11,21,17,306577.99,172079.97,12,8,1,0,0.0477,3,0,1,0,0.2494,0
ACC02147,355,92,2405.15,38,54,98602.24,140658.46,14,30,2,2,0.0381,2,4,1,0,0.1263,0
ACC02148,296,68,2514.46,43,25,130814.1,65499.47,15,7,3,1,0.0065,4,0,0,0,0.6089,0
ACC02149,5000,70,1511.59,31,39,45837.17,67485.7,14,20,2,0,0.0327,1,2,1,1,0.1221,0
ACC02150,52,135,5732.6,81,54,416060.4,367788.49,56,39,7,53,0.3009,23,5,8,6,0.9675,1
ACC02151,803,36,2904.4,14,22,54840.49,68795.67,6,11,3,2,0.0625,2,1,0,0,0.2854,0
ACC02152,1674,54,2874.06,29,25,107243.71,81393.66,15,12,0,2,0.1451,1,0,0,1,0.0956,0
ACC02153,1969,31,2092.04,19,12,42480.01,17939.33,6,2,0,3,0.0341,1,0,3,1,0.3784,0
ACC02154,1922,104,1787.49,61,43,132115.43,73665.93,33,26,1,3,0.0099,1,0,5,2,0.2188,0
ACC02155,913,9,1897.22,5,4,9516.65,8271.02,2,4,3,2,0.2074,0,1,2,3,0.0731,0
ACC02156,750,9,1011.84,5,4,6023.77,3485.89,2,4,2,0,0.0537,0,1,1,0,0.1917,0
ACC02157,216,191,25472.42,122,69,3702091.08,1803438.2,73,55,18,73,0.2229,36,7,7,3,0.737,1
ACC02158,414,29,1838.14,15,14,28446.58,21427.12,8,14,0,0,0.0061,2,1,2,0,0.2104,0
ACC02159,57,311,15156.44,191,120,2671779.2,1909976.51,165,117,16,129,0.5142,20,10,3,3,0.803,1
ACC02160,721,19,721.83,11,8,8291.11,5624.79,11,2,4,1,0.0349,1,2,1,1,0.1502,0
ACC02161,809,43,1687.36,17,26,33729.97,36847.35,7,19,2,3,0.0855,0,2,2,0,0.1986,0
ACC02162,118,641,13028.98,458,183,6970573.35,2296203.03,392,164,14,250,0.283,20,5,6,3,0.6726,1
ACC02163,1785,38,2400.19,22,16,69109.38,41814.82,13,10,2,0,0.0128,1,1,2,1,0.3627,0
ACC02164,1213,96,1008.68,61,35,71335.53,39552.66,23,25,2,2,0.061,1,1,2,0,0.2849,0
ACC02165,75,160,15087.03,109,51,1552460.84,896997.56,87,49,17,52,0.6289,35,4,4,1,0.8373,1
ACC02166,1212,73,3015.44,26,47,94692.1,146748.82,8,21,1,1,0.0294,2,1,2,1,0.2577,0
ACC02167,821,50,7156.22,28,22,225203.09,195843.77,4,14,1,4,0.0677,2,0,1,0,0.2656,0
ACC02168,84,318,12470.67,159,159,1691697.27,2396113.11,159,153,16,144,0.3635,20,9,5,1,0.9801,1
ACC02169,1617,12,659.13,5,7,2664.91,4292.93,2,5,4,1,0.0678,0,2,0,0,0.205,0
ACC02170,707,30,903.98,14,16,15012.61,11720.87,2,2,2,1,0.0774,2,0,2,3,0.5063,0
ACC02171,41,188,7510.62,98,90,710903.81,795881.47,98,87,10,71,0.2896,25,6,2,2,0.7531,1
ACC02172,1273,35,2951.49,17,18,53927.86,51169.15,2,8,5,3,0.0592,3,0,2,2,0.1688,0
ACC02173,476,17,4718.57,8,9,47094.89,47051.5,6,4,1,1,0.0872,1,0,0,1,0.4733,0
ACC02174,1031,31,2257.28,13,18,23032.33,35098.46,2,13,2,2,0.0411,2,0,1,1,0.4779,0
ACC02175,1481,45,4892.77,20,25,122648.84,92263.49,5,4,4,2,0.2087,3,0,4,1,0.1742,0
ACC02176,806,19,1039.9,8,11,10046.88,11584.78,4,3,1,0,0.0355,2,1,2,2,0.4537,0
ACC02177,53,280,11362.01,177,103,2340058.58,1281791.91,155,81,14,102,0.3973,22,5,7,6,0.6424,1
ACC02178,680,70,7973.84,37,33,280421.86,286755.64,19,12,2,2,0.0954,2,2,1,0,0.1435,0
ACC02179,179,345,11914.15,209,136,2576185.12,1962617.43,176,115,9,129,0.4146,27,6,4,1,0.6759,1
ACC02180,743,45,1515.36,16,29,18623.87,54159.45,16,11,1,2,0.0156,2,0,0,0,0.1722,0
ACC02181,779,31,1081.34,13,18,13406.96,24811.0,2,10,2,2,0.0154,5,2,0,1,0.1103,0
ACC02182,34,619,13002.79,358,261,4636611.77,3946964.97,286,218,14,225,0.1978,18,7,4,1,0.8028,1
ACC02183,1599,13,1911.61,6,7,10861.4,13670.97,6,2,2,5,0.0557,1,0,0,0,0.2302,0
ACC02184,362,34,3503.82,16,18,64442.19,68837.08,9,6,0,2,0.0501,0,1,1,0,0.3963,0
ACC02185,759,82,1261.47,48,34,65065.2,35797.48,19,14,2,1,0.0695,4,0,3,0,0.195,0
ACC02186,1070,177,2414.79,66,111,158313.84,216820.16,31,67,5,1,0.0732,0,0,0,2,0.3303,0
ACC02187,146,756,23103.16,521,235,10315679.77,5768654.84,435,222,9,317,0.4295,40,4,3,5,0.7958,1
ACC02188,143,111,11400.91,79,32,769858.11,381564.41,68,29,14,39,0.7714,25,5,1,4,0.9596,1
ACC02189,889,95,1739.13,45,50,64947.38,82805.8,18,22,2,0,0.0894,1,3,0,0,0.278,0
ACC02190,600,37,2855.52,14,23,36007.77,72377.96,7,6,0,2,0.0224,3,0,1,1,0.3034,0
ACC02191,3222,50,3115.31,32,18,84631.48,52111.26,9,11,5,1,0.0298,1,0,0,0,0.2202,0
ACC02192,239,90,2931.59,54,36,156477.87,137014.2,20,27,1,0,0.0455,1,0,0,0,0.17,0
ACC02193,392,27,1707.48,15,12,22279.29,18070.55,13,8,3,2,0.0171,1,1,1,0,0.0397,0
ACC02194,1007,57,6092.04,36,21,241719.52,117187.05,16,12,2,2,0.0492,3,0,0,1,0.2603,0
ACC02195,1029,52,1025.14,29,23,30328.47,30503.11,22,9,3,1,0.0035,0,0,0,1,0.1382,0
ACC02196,1088,218,4842.75,125,93,720935.03,517578.98,59,60,3,3,0.0102,1,2,0,3,0.1813,0
ACC02197,1086,66,6435.84,39,27,332150.1,194123.22,8,18,3,1,0.0387,2,1,0,1,0.2912,0
ACC02198,380,31,1998.83,19,12,33485.2,19516.35,14,4,3,1,0.0532,1,1,0,1,0.1306,0
ACC02199,2046,42,3288.55,26,16,114912.95,38078.18,9,14,1,1,0.0672,1,2,2,1,0.3089,0
ACC02200,72,138,7566.2,81,57,563138.91,450651.78,61,41,11,52,0.1032,25,4,3,7,0.8671,1
ACC02201,148,147,35717.49,98,49,3449463.42,1544496.03,66,37,16,65,0.3103,29,5,4,3,0.7627,1
ACC02202,1454,39,594.35,17,22,8148.29,10797.06,17,14,2,5,0.0777,0,0,3,0,0.1273,0
ACC02203,1030,44,2300.35,27,17,63339.95,37095.12,7,17,1,0,0.0844,1,1,1,0,0.1029,0
ACC02204,506,48,2232.07,26,22,44929.51,44155.4,5,12,3,2,0.0591,0,0,0,0,0.1255,0
ACC02205,57,447,5682.08,233,214,1153130.96,1111685.66,198,177,17,168,0.2945,21,3,5,7,0.877,1
ACC02206,61,309,6462.15,241,68,1815260.35,489449.21,185,68,14,125,0.5495,33,4,3,5,0.8852,1
ACC02207,666,22,1880.03,10,12,17212.46,22567.6,4,11,0,3,0.0453,3,0,1,0,0.5023,0
ACC02208,792,197,1278.23,83,114,123823.49,170123.66,33,63,4,2,0.177,3,0,0,0,0.4649,0
ACC02209,1068,37,2769.82,23,14,69647.55,42310.73,4,2,2,1,0.0914,3,0,0,2,0.1733,0
ACC02210,1192,62,8747.09,25,37,290908.88,370728.38,8,18,2,0,0.0145,3,1,3,1,0.1995,0
ACC02211,1970,44,1703.2,22,22,45648.74,32387.43,8,12,3,6,0.0071,1,1,2,2,0.2969,0
ACC02212,569,64,2386.01,31,33,81856.39,87140.07,18,20,4,1,0.1337,1,0,0,1,0.0898,0
ACC02213,759,57,3309.97,24,33,74070.66,89028.9,3,21,5,4,0.0276,1,0,1,0,0.3351,0
ACC02214,352,34,3172.2,18,16,72975.06,54760.66,5,8,3,2,0.0306,4,1,1,1,0.3244,0
ACC02215,489,269,11794.63,158,111,2177847.68,1546392.31,136,109,11,92,0.3019,30,2,7,4,0.7697,1
ACC02216,444,81,2598.73,32,49,79152.69,110266.22,14,27,1,0,0.0685,0,1,3,1,0.5935,0
ACC02217,776,64,2104.04,32,32,80744.37,72450.67,24,21,3,2,0.1739,4,2,1,2,0.1172,0
ACC02218,3102,27,2397.63,16,11,48036.3,23480.15,2,8,2,2,0.0314,1,1,0,1,0.1147,0
ACC02219,954,47,1982.1,21,26,44537.62,55493.56,6,19,1,0,0.0092,1,0,0,1,0.3604,0
ACC02220,348,40,4154.77,14,26,55273.17,105239.35,4,15,2,1,0.0851,2,1,2,0,0.2423,0
ACC02221,742,79,7813.92,44,35,343557.78,225903.69,21,27,0,1,0.0291,3,1,1,1,0.2429,0
ACC02222,398,45,2563.89,22,23,73612.54,41602.22,12,9,0,2,0.0821,4,1,1,1,0.2484,0
ACC02223,470,64,3889.62,34,30,112449.4,137744.83,11,11,4,2,0.0354,0,0,1,2,0.3416,0
ACC02224,1485,63,2735.55,33,30,114547.7,94928.66,11,14,2,4,0.0491,2,0,2,1,0.3074,0
ACC02225,535,23,4843.77,14,9,55561.92,56607.83,5,9,2,2,0.0593,3,0,1,0,0.2593,0
ACC02226,270,393,9619.23,215,178,2138634.21,1653070.66,154,164,10,150,0.4146,20,7,8,3,0.9454,1
ACC02227,2358,144,6953.1,84,60,642085.94,368296.68,43,30,3,2,0.0368,3,0,2,0,0.4359,0
ACC02228,572,33,4856.51,18,15,65644.21,75560.68,4,9,3,0,0.0094,1,0,1,1,0.2834,0
ACC02229,909,76,830.55,32,44,34862.34,47091.75,16,24,3,2,0.0882,2,1,0,0,0.3158,0
ACC02230,1393,71,1372.9,27,44,31326.96,68254.66,16,23,2,1,0.0651,2,2,0,0,0.1275,0
ACC02231,1914,37,5248.6,22,15,105691.95,68248.28,2,11,4,4,0.1451,1,0,0,0,0.2499,0
ACC02232,1820,33,4775.57,17,16,108220.35,66449.5,13,14,1,2,0.0482,1,1,2,0,0.2889,0
ACC02233,251,143,5487.48,65,78,311502.73,538121.68,18,48,1,2,0.079,0,0,3,1,0.6722,0
ACC02234,2588,41,1215.74,20,21,32602.58,20867.56,3,10,6,3,0.0133,6,2,0,0,0.2609,0
ACC02235,1383,71,1378.31,35,36,41355.98,47016.76,16,24,1,2,0.2321,1,0,1,0,0.3868,0
ACC02236,1540,71,453.41,26,45,14058.16,17537.98,14,24,0,3,0.0481,1,2,0,0,0.3188,0
ACC02237,502,27,2299.09,15,12,28690.56,30655.78,7,2,4,4,0.0216,1,0,0,0,0.3738,0
ACC02238,310,14,2675.05,7,7,23994.06,15212.7,7,7,2,6,0.0732,1,0,1,0,0.5231,0
ACC02239,235,455,9931.77,242,213,2270324.84,1900837.93,238,198,9,167,0.3181,27,4,5,3,0.8663,1
ACC02240,1509,24,1314.98,11,13,17252.81,14307.26,7,10,3,2,0.0155,2,1,1,0,0.5785,0
ACC02241,97,635,14580.85,387,248,6174991.41,4295284.08,339,224,15,243,0.3889,24,12,5,3,0.935,1
ACC02242,2487,31,1736.9,15,16,32658.59,25721.4,2,8,1,2,0.0936,0,0,1,1,0.2546,0
ACC02243,787,35,1553.7,18,17,31366.64,18791.41,2,4,1,4,0.057,0,0,1,0,0.4139,0
ACC02244,3561,22,1622.63,13,9,20952.7,13882.82,2,5,0,5,0.0153,1,0,0,0,0.2852,0
ACC02245,832,20,1248.5,12,8,16233.15,12480.54,7,8,4,2,0.0546,1,1,0,1,0.3695,0
ACC02246,169,231,9856.81,167,64,1861022.16,613247.43,153,64,16,86,0.5472,19,9,8,6,0.893,1
ACC02247,58,306,16326.52,227,79,3687924.11,1452719.46,209,69,18,104,0.3129,25,6,3,6,0.7857,1
ACC02248,482,93,2564.22,40,53,105050.89,172188.92,9,23,3,3,0.0325,0,0,1,0,0.269,0
ACC02249,469,73,4004.95,43,30,187685.76,109563.11,17,22,2,1,0.0244,1,0,2,0,0.1237,0
ACC02250,1661,73,2666.98,37,36,109459.49,112309.37,22,29,4,2,0.0459,1,0,1,1,0.3076,0
ACC02251,634,88,1592.52,34,54,47659.46,79683.85,14,29,3,5,0.0194,0,0,3,0,0.433,0
ACC02252,418,73,4074.24,46,27,185060.81,124665.46,16,14,3,0,0.0561,1,0,3,0,0.2029,0
ACC02253,602,74,5556.11,28,46,185425.56,183525.82,20,21,2,2,0.0526,3,1,0,1,0.2852,0
ACC02254,145,212,28786.71,123,89,3608526.95,3024782.54,89,75,21,103,0.4227,19,4,3,6,0.5364,1
ACC02255,1278,40,3512.98,23,17,98378.49,53513.67,19,3,0,2,0.0472,1,0,0,0,0.1233,0
ACC02256,103,167,11127.32,106,61,1108120.96,795607.71,71,48,10,75,0.2975,33,4,5,1,0.9155,1
ACC02257,1026,124,2775.35,61,63,195051.32,153017.57,33,31,6,3,0.0687,1,0,0,0,0.0777,0
ACC02258,546,78,3978.21,48,30,180176.07,83905.85,26,13,2,3,0.0245,2,1,0,0,0.3864,0
ACC02259,1620,43,4459.47,27,16,143684.52,60572.05,6,2,0,2,0.0315,1,0,0,1,0.1738,0
ACC02260,936,44,3634.17,26,18,75210.66,67543.11,2,10,0,3,0.0563,1,0,1,0,0.3394,0
ACC02261,771,64,5034.85,36,28,204145.16,112596.32,14,7,4,4,0.0692,1,0,0,1,0.1727,0
ACC02262,2589,45,4046.7,27,18,115765.53,59189.92,9,17,1,0,0.0179,1,1,0,1,0.1189,0
ACC02263,739,500,28643.68,304,196,8931852.16,6717774.05,265,170,17,193,0.5081,37,6,2,5,0.8645,1
ACC02264,372,42,3454.93,23,19,81206.27,53021.19,12,12,2,0,0.1333,2,0,0,0,0.373,0
ACC02265,136,184,14463.78,126,58,2163579.16,1001887.62,126,46,12,65,0.3075,29,8,8,5,0.9079,1
ACC02266,1712,39,4359.12,17,22,88704.43,67790.77,2,8,1,3,0.0346,3,0,3,1,0.5755,0
ACC02267,1205,13,616.58,8,5,5317.09,3573.53,2,4,5,5,0.0483,2,0,0,1,0.1894,0
ACC02268,276,41,5931.22,24,17,185432.24,101750.85,23,14,4,2,0.0449,0,1,0,2,0.2923,0
ACC02269,80,699,14149.65,354,345,5604817.69,5862802.56,294,328,17,260,0.3916,26,5,5,5,0.9509,1
ACC02270,513,18,4082.13,8,10,33302.63,46493.64,2,7,4,2,0.0642,2,0,0,2,0.117,0
ACC02271,855,42,2401.64,15,27,32461.59,75800.47,13,19,2,4,0.0264,1,0,1,0,0.2429,0
ACC02272,689,67,3403.63,41,26,171016.32,84609.25,15,15,3,1,0.0401,1,0,0,0,0.1201,0
ACC02273,510,47,4070.33,24,23,78714.58,66697.12,17,15,0,3,0.0462,1,2,2,0,0.2587,0
ACC02274,462,20,4868.48,9,11,39995.9,52929.54,9,9,4,0,0.013,3,1,0,0,0.3009,0
ACC02275,142,504,17462.92,345,159,6495305.95,3255564.79,299,140,11,213,0.3173,33,7,5,4,0.8443,1
ACC02276,111,321,16862.2,225,96,4314947.97,1913363.99,197,91,16,102,0.3438,30,6,4,3,0.7688,1
ACC02277,89,73,23186.3,55,18,1098375.72,516913.61,55,5,10,36,0.3299,26,12,3,4,0.801,1
ACC02278,1039,44,4501.45,19,25,73113.4,115729.77,10,4,3,2,0.0397,0,0,0,0,0.2964,0
ACC02279,1252,42,2704.74,16,26,42691.88,81210.49,12,9,1,1,0.0812,1,1,0,0,0.3222,0
ACC02280,121,395,13873.39,203,192,2883241.74,2499222.78,179,174,17,169,0.3173,30,6,4,8,0.9617,1
ACC02281,157,175,5320.35,132,43,863556.55,217350.92,128,43,11,64,0.403,23,9,4,4,0.8108,1
ACC02282,26,307,13850.0,215,92,3425918.47,1279493.26,180,79,9,106,0.3963,32,8,2,4,0.984,1
ACC02283,66,213,21118.76,164,49,4230633.09,1062543.55,150,48,18,70,0.2181,23,5,5,4,0.9155,1
ACC02284,89,316,8061.1,187,129,1678818.21,1198384.59,184,118,15,121,0.2921,25,8,6,3,0.7528,1
ACC02285,293,317,23653.88,175,142,4629910.68,3098920.42,160,133,7,116,0.3035,29,7,5,4,0.7922,1
ACC02286,1475,72,3274.96,31,41,79924.9,117884.95,11,27,3,3,0.0676,2,0,0,0,0.624,0
ACC02287,1017,52,3741.3,32,20,93709.97,85282.52,8,15,3,1,0.1032,2,0,2,0,0.1024,0
ACC02288,2813,30,4952.7,16,14,82838.12,49266.46,6,6,3,4,0.041,1,1,1,0,0.1814,0
ACC02289,393,45,547.42,28,17,13744.31,11341.9,16,13,2,4,0.0748,0,0,2,3,0.5589,0
ACC02290,1299,108,4120.97,68,40,372798.54,196872.75,26,24,2,3,0.1276,3,0,1,0,0.3493,0
ACC02291,568,31,3914.66,19,12,72698.05,59386.64,5,6,2,4,0.0443,4,0,2,0,0.0523,0
ACC02292,481,71,1617.75,31,40,46603.72,55857.75,13,26,0,5,0.0368,3,0,2,1,0.4789,0
ACC02293,781,30,2642.63,14,16,38466.28,45277.45,12,6,1,0,0.0353,1,1,0,0,0.2809,0
ACC02294,1720,64,3862.87,26,38,87583.74,179855.18,8,11,3,5,0.0188,2,0,2,0,0.2644,0
ACC02295,671,48,1836.22,18,30,28336.87,69926.1,7,15,3,0,0.0214,2,2,1,2,0.3307,0
ACC02296,689,43,1608.42,18,25,33939.97,51430.53,10,17,1,3,0.0979,1,0,2,0,0.2204,0
ACC02297,188,242,5633.1,165,77,867159.65,528892.14,134,74,12,90,0.4491,24,5,5,4,0.6391,1
ACC02298,145,96,44432.62,62,34,2918954.1,1454827.08,54,25,10,39,0.2935,29,7,5,7,0.9376,1
ACC02299,975,41,5032.92,17,24,113898.18,117946.75,16,9,3,0,0.0303,3,0,0,0,0.2244,0
ACC02300,62,251,14422.62,187,64,3042106.86,1092743.37,179,47,15,106,0.4219,27,3,2,1,0.8561,1
ACC02301,1262,54,2295.43,24,30,64995.96,61982.08,22,11,2,3,0.0811,1,0,3,2,0.2044,0
ACC02302,572,27,997.47,11,16,10536.94,17143.86,3,11,3,4,0.1018,1,0,2,0,0.149,0
ACC02303,817,27,6399.44,16,11,103653.44,59859.53,7,6,3,0,0.0088,1,1,1,0,0.2375,0
ACC02304,255,341,38395.24,235,106,8379134.56,3723278.88,216,106,13,134,0.4663,25,8,6,9,0.8475,1
ACC02305,71,251,10049.3,126,125,1425766.48,1563337.95,101,97,16,96,0.3304,20,11,2,2,0.4914,1
ACC02306,5000,43,2449.79,17,26,54065.26,49787.82,2,8,2,2,0.086,1,1,1,1,0.4513,0
ACC02307,276,128,5226.73,84,44,452753.77,237272.17,72,33,20,44,0.3201,35,1,8,4,0.7907,1
ACC02308,501,12,9051.66,4,8,41796.24,85870.77,4,2,6,1,0.0483,5,0,1,0,0.1426,0
ACC02309,475,53,4438.11,24,29,107879.68,102471.56,9,16,2,1,0.0299,0,0,2,2,0.318,0
ACC02310,128,175,26745.79,96,79,2554096.98,2456155.94,72,45,9,72,0.3221,25,2,14,3,0.893,1
ACC02311,371,49,4522.54,27,22,131898.13,123776.8,11,9,4,1,0.0609,2,0,1,0,0.3021,0
ACC02312,1371,34,955.19,15,19,12201.52,20096.55,6,10,1,2,0.0084,0,0,2,0,0.1363,0
ACC02313,1359,39,4799.39,18,21,79388.27,101837.94,12,19,3,1,0.1207,0,0,0,0,0.2301,0
ACC02314,294,32,2764.51,13,19,46210.36,66614.86,9,17,2,1,0.0595,2,1,0,0,0.2524,0
ACC02315,58,166,26211.38,127,39,3295297.02,1008185.97,124,22,17,69,0.3061,21,3,1,5,0.8031,1
ACC02316,429,206,2677.94,75,131,181505.19,441147.74,37,70,4,2,0.1435,2,1,1,2,0.2727,0
ACC02317,195,254,12837.1,134,120,1769049.89,1817017.0,106,119,12,107,0.0731,28,6,8,1,0.7019,1
ACC02318,343,27,2862.62,13,14,41855.03,50080.93,2,7,2,5,0.1277,4,1,5,1,0.2393,0
ACC02319,1407,70,1244.59,33,37,42434.17,45565.17,19,20,6,2,0.0593,0,0,1,0,0.3121,0
ACC02320,387,27,4977.79,15,12,86366.45,61179.57,9,7,1,1,0.1114,2,1,3,1,0.0995,0
ACC02321,214,538,11969.07,344,194,3571199.63,2543902.09,274,172,17,211,0.5376,30,5,6,1,0.9086,1
ACC02322,280,16,1074.31,5,11,6787.27,9914.74,5,2,2,3,0.0346,2,1,2,0,0.2638,0
ACC02323,2152,31,1233.3,14,17,15199.11,26117.21,8,13,1,1,0.0159,0,0,0,1,0.3138,0
ACC02324,1223,15,1741.11,5,10,10594.35,19869.73,4,8,1,2,0.0154,1,0,0,1,0.5996,0
ACC02325,3109,14,2155.11,8,6,20500.87,15577.93,8,3,3,1,0.1137,2,0,1,0,0.2968,0
ACC02326,1171,28,3840.76,16,12,59794.52,49549.46,6,12,3,2,0.0369,0,0,1,0,0.3306,0
ACC02327,239,115,16884.8,84,31,1619977.27,501961.12,54,16,16,42,0.1414,26,6,3,4,0.9059,1
ACC02328,592,86,1964.5,32,54,48554.45,105376.36,13,35,1,2,0.0337,2,0,1,1,0.3471,0
ACC02329,606,79,2946.7,36,43,106939.08,110681.0,17,19,2,2,0.0926,4,0,2,0,0.175,0
ACC02330,5000,89,1207.89,54,35,69220.68,52072.09,26,21,0,1,0.0712,0,1,0,1,0.204,0
ACC02331,160,86,11681.92,60,26,866016.44,369758.18,50,5,13,29,0.308,35,5,8,3,0.921,1
ACC02332,1178,78,10482.96,31,47,379634.19,412423.07,20,25,3,4,0.0421,3,0,3,0,0.4263,0
ACC02333,180,163,12583.47,105,58,1605164.83,685173.04,98,56,8,71,0.3823,23,7,3,7,0.7065,1
ACC02334,54,212,7404.0,116,96,792578.54,619050.01,116,85,15,89,0.4407,25,7,6,4,0.6115,1
ACC02335,149,79,23676.59,40,39,1088672.71,1065906.87,15,39,12,36,0.3789,18,9,4,4,0.9638,1
ACC02336,1059,37,1993.92,20,17,32492.13,43366.98,11,15,4,1,0.0283,2,3,0,0,0.1911,0
ACC02337,163,151,32196.09,89,62,2573505.53,2079356.59,50,54,15,60,0.4221,25,3,4,3,0.8632,1
ACC02338,546,14,1387.63,7,7,11603.52,11765.74,2,7,1,3,0.066,2,1,1,1,0.0965,0
ACC02339,1713,86,2551.31,30,56,62572.7,106801.19,16,23,3,1,0.0379,1,0,1,2,0.21,0
ACC02340,509,321,13562.48,165,156,2619104.34,2288109.8,147,135,15,104,0.2678,27,8,4,1,0.8864,1
ACC02341,620,35,2363.78,19,16,48841.54,33426.01,8,3,1,2,0.0674,1,0,3,0,0.4874,0
ACC02342,1196,45,4038.48,21,24,113465.95,91947.48,11,12,2,3,0.0457,2,1,0,0,0.2747,0
ACC02343,263,273,20156.19,191,82,3480640.62,1883659.6,135,64,15,108,0.3949,30,10,5,7,0.8275,1
ACC02344,403,64,635.99,37,27,27794.59,18904.84,23,13,1,2,0.0303,2,0,2,1,0.287,0
ACC02345,866,39,2602.8,25,14,55015.76,39095.92,6,9,3,1,0.0322,4,1,0,0,0.1862,0
ACC02346,681,34,4771.83,13,21,78951.29,94035.45,2,5,3,1,0.0654,1,0,1,1,0.3101,0
ACC02347,921,111,3312.24,51,60,154053.68,227043.56,22,28,0,3,0.0007,2,1,3,1,0.1815,0
ACC02348,990,27,1826.28,14,13,30942.65,26449.36,6,9,1,4,0.0964,2,1,1,1,0.1431,0
ACC02349,118,316,5992.01,214,102,1447309.11,682100.61,174,90,14,119,0.4067,32,4,10,6,0.7737,1
ACC02350,695,62,1660.9,27,35,40918.13,44237.76,11,23,2,3,0.0048,0,1,2,0,0.2448,0
ACC02351,101,474,12724.29,271,203,3569388.32,2400625.29,234,178,18,173,0.4702,26,10,4,7,0.9083,1
ACC02352,65,171,7530.4,104,67,802861.73,549790.44,54,67,11,61,0.4036,23,4,2,4,0.8662,1
ACC02353,934,39,4062.15,18,21,65719.89,69863.74,13,21,0,3,0.027,0,1,2,2,0.4194,0
ACC02354,156,353,7146.37,231,122,1455810.91,1081522.3,215,111,7,130,0.1595,19,4,5,3,0.8766,1
ACC02355,1052,28,3434.7,17,11,64936.82,40805.25,2,2,3,3,0.0236,3,0,0,0,0.1151,0
ACC02356,2378,32,2991.86,14,18,47835.59,51130.84,14,17,2,3,0.0585,4,0,1,2,0.4249,0
ACC02357,29,120,10294.98,93,27,1051021.12,330972.59,93,27,14,39,0.352,25,4,5,6,0.45,1
ACC02358,750,31,970.49,12,19,11586.25,17611.02,7,13,1,4,0.0149,1,0,0,0,0.3007,0
ACC02359,182,695,12824.33,369,326,5509159.97,4618636.97,316,289,16,275,0.2617,25,10,7,7,0.7372,1
ACC02360,950,29,1668.89,12,17,15186.07,30555.02,4,7,2,1,0.0624,0,0,1,1,0.1646,0
ACC02361,101,117,10122.03,67,50,754238.9,517707.61,67,34,13,32,0.4534,25,4,4,1,0.8709,1
ACC02362,181,248,11061.53,161,87,1810901.04,1090059.85,156,87,15,97,0.3712,33,4,6,4,0.983,1
ACC02363,84,280,10934.81,188,92,2056815.81,968365.16,181,83,13,98,0.4059,29,7,5,1,0.8116,1
ACC02364,1064,41,1700.02,14,27,29693.76,49131.7,7,9,3,2,0.0546,2,0,2,1,0.2232,0
ACC02365,604,50,557.23,31,19,14606.51,7933.87,4,8,2,2,0.0649,3,0,2,1,0.2472,0
ACC02366,2006,153,2265.2,75,78,218716.26,201431.9,37,46,1,0,0.0318,1,0,1,1,0.3465,0
ACC02367,1047,24,12336.13,10,14,99114.73,191566.23,2,3,2,2,0.0453,2,0,0,0,0.2512,0
ACC02368,1589,32,11970.64,11,21,131512.45,230648.6,9,10,2,3,0.0356,4,1,0,1,0.3707,0
ACC02369,1876,40,1663.31,19,21,41638.15,43536.4,8,21,1,2,0.0459,3,1,0,0,0.6651,0
ACC02370,136,324,5207.24,166,158,819201.51,875600.3,150,158,7,113,0.8604,24,3,3,2,0.9294,1
ACC02371,219,313,12535.22,246,67,3795640.75,1048587.2,191,42,18,119,0.3901,37,9,10,3,0.8412,1
ACC02372,1219,130,3244.66,50,80,185871.75,330252.46,26,40,1,2,0.0543,0,0,5,0,0.1914,0
ACC02373,22,767,11837.21,440,327,5264989.84,3862375.61,393,308,11,286,0.435,32,8,4,4,0.95,1
ACC02374,482,19,9702.91,11,8,128633.98,83768.32,7,3,0,1,0.0927,1,0,1,0,0.2278,0
ACC02375,751,17,991.73,9,8,9307.03,7374.13,2,8,3,3,0.1366,2,0,1,1,0.3277,0
ACC02376,289,329,10396.45,255,74,3045715.58,736632.95,208,74,17,118,0.4481,29,4,2,2,0.9438,1
ACC02377,834,31,1677.32,11,20,22188.34,25219.56,4,7,1,4,0.0518,2,0,1,0,0.193,0
ACC02378,1921,40,3268.5,15,25,54813.82,95473.27,14,14,4,0,0.0381,3,2,2,1,0.07,0
ACC02379,942,67,3081.28,26,41,83175.78,159060.03,22,16,2,3,0.1242,3,1,0,0,0.1156,0
ACC02380,280,527,9275.77,393,134,3183223.54,1428574.49,335,127,16,171,0.4877,36,2,9,4,0.833,1
ACC02381,101,118,11272.33,62,56,628782.05,724369.39,62,45,14,31,0.2284,23,1,4,4,0.9299,1
ACC02382,1227,52,3185.05,20,32,70355.09,73894.37,4,19,1,2,0.1133,1,0,3,2,0.1378,0
ACC02383,3391,101,1228.34,56,45,78088.55,42571.14,20,28,1,2,0.0331,1,2,0,2,0.4441,0
ACC02384,615,26,2173.13,12,14,34503.22,22095.59,6,5,0,2,0.0261,1,0,2,1,0.2724,0
ACC02385,113,168,11994.67,96,72,1133673.24,936326.44,83,72,15,55,0.4503,29,4,0,1,0.9644,1
ACC02386,131,432,11429.4,308,124,4148901.14,1211368.92,252,116,20,148,0.3037,27,6,4,6,0.9295,1
ACC02387,216,164,9819.89,124,40,1347779.57,413650.24,89,29,13,76,0.6528,14,10,6,4,0.9678,1
ACC02388,60,545,19493.56,401,144,6659256.22,2905482.59,328,144,20,189,0.3089,27,10,7,6,0.865,1
ACC02389,570,66,879.57,25,41,26302.87,42171.65,18,21,2,1,0.0965,1,0,1,0,0.1697,0
ACC02390,571,30,2042.55,17,13,30959.0,26640.08,9,5,2,3,0.0564,2,0,1,0,0.0607,0
ACC02391,1223,17,6416.89,7,10,41574.12,70607.06,2,2,0,3,0.0968,1,1,0,2,0.4759,0
ACC02392,286,27,8290.42,16,11,101970.46,65617.71,10,3,1,4,0.083,1,0,3,1,0.4398,0
ACC02393,553,282,7484.37,142,140,1113047.88,1004441.57,126,124,24,94,0.6202,26,8,4,6,0.9134,1
ACC02394,856,100,4660.48,58,42,221972.84,143020.94,21,26,4,0,0.0795,1,0,3,0,0.1298,0
ACC02395,1666,26,1917.79,11,15,24171.19,36301.89,4,10,2,0,0.0515,0,1,1,0,0.1172,0
ACC02396,551,72,5032.74,27,45,141308.76,207651.36,20,31,2,0,0.0292,1,0,0,0,0.2763,0
ACC02397,758,49,1508.01,26,23,38866.92,34031.37,16,23,0,1,0.0133,3,2,0,0,0.2933,0
ACC02398,428,71,2606.27,25,46,49322.11,131429.65,6,30,1,3,0.0069,1,0,0,1,0.3106,0
ACC02399,116,70,5217.28,26,44,158586.8,184482.74,15,22,1,2,0.0329,3,0,2,2,0.4263,0
ACC02400,85,252,29951.19,152,100,4608485.02,3305434.77,127,89,7,106,0.5117,28,3,9,6,0.6362,1
ACC02401,1831,49,1521.38,29,20,54922.53,27698.05,15,15,3,1,0.0246,0,1,1,2,0.3641,0
ACC02402,405,67,4489.35,32,35,136705.84,170200.49,13,22,1,0,0.0136,0,1,1,0,0.2747,0
ACC02403,967,79,7549.57,36,43,255363.51,408457.34,12,25,2,0,0.007,0,0,0,1,0.2584,0
ACC02404,83,171,23663.32,136,35,3876881.86,857490.61,102,30,9,77,0.3661,25,5,1,8,0.9345,1
ACC02405,711,81,1023.2,31,50,40085.4,62636.0,14,32,2,1,0.1585,0,1,2,0,0.1181,0
ACC02406,184,75,16670.05,46,29,867603.33,502578.32,8,29,12,30,0.2616,30,2,3,1,0.7461,1
ACC02407,861,44,2153.84,23,21,41242.84,44750.36,12,15,1,3,0.1512,0,0,0,0,0.2819,0
ACC02408,586,109,1319.39,64,45,105644.53,42691.54,33,15,0,1,0.0669,1,1,3,0,0.2788,0
ACC02409,811,74,6478.26,35,39,203915.89,291055.18,18,25,1,2,0.0295,4,0,1,4,0.2872,0
ACC02410,506,92,16071.32,44,48,764415.83,707302.84,16,21,1,2,0.0818,1,0,0,0,0.2322,0
ACC02411,576,100,6483.15,56,44,279157.83,257334.16,27,23,5,1,0.0474,0,0,0,1,0.242,0
ACC02412,58,139,3116.17,81,58,290015.92,225360.55,80,58,15,55,0.3493,26,10,3,3,0.9303,1
ACC02413,2017,46,3163.49,19,27,65632.72,69096.98,3,19,3,3,0.0089,1,0,1,0,0.4139,0
ACC02414,538,42,1042.38,27,15,28763.52,13879.59,13,6,1,5,0.1363,3,0,1,2,0.2154,0
ACC02415,215,66,4726.23,24,42,150505.56,194560.58,11,34,3,0,0.0426,2,0,1,1,0.2522,0
ACC02416,53,173,11380.47,117,56,1319157.73,618823.7,90,56,13,69,0.3321,21,6,7,2,0.5637,1
ACC02417,23,305,25997.95,175,130,5391432.82,3029087.62,165,113,19,119,0.3419,25,5,6,4,0.9518,1
ACC02418,1543,84,2311.78,49,35,149957.59,92695.8,21,11,2,1,0.1254,2,1,0,1,0.4342,0
ACC02419,1394,48,1331.39,30,18,45321.49,27014.9,19,13,3,1,0.0727,0,0,1,0,0.1415,0
ACC02420,967,65,10287.67,24,41,289097.9,524882.99,3,22,1,0,0.0325,0,1,4,0,0.3659,0
ACC02421,1826,31,2428.49,11,20,28295.93,59228.55,2,7,2,2,0.026,1,0,1,1,0.3993,0
ACC02422,1853,100,3114.16,51,49,173624.34,176217.48,22,24,2,0,0.011,2,0,1,1,0.1473,0
ACC02423,2943,60,3384.44,24,36,72645.21,138730.27,14,15,4,4,0.0255,1,0,0,1,0.3098,0
ACC02424,1103,50,3646.68,25,25,79218.82,88877.26,7,5,2,3,0.0558,0,0,2,1,0.4516,0
ACC02425,312,315,5116.97,210,105,1089541.74,587435.86,173,78,23,136,0.1282,24,7,3,1,0.8272,1
ACC02426,564,121,3389.9,77,44,315249.51,144081.01,40,34,4,0,0.0325,1,0,1,0,0.3212,0
ACC02427,461,37,970.12,15,22,16319.75,24806.91,4,7,3,3,0.0451,2,1,0,1,0.2458,0
ACC02428,82,305,24677.51,165,140,4702514.64,4310872.62,142,133,23,100,0.3913,24,7,3,2,0.8848,1
ACC02429,1033,25,725.41,13,12,8226.92,10954.29,12,2,4,2,0.0078,1,0,0,0,0.1394,0
ACC02430,536,81,1748.63,43,38,89647.12,79904.55,21,19,3,3,0.0927,2,1,3,0,0.363,0
ACC02431,1442,22,578.2,9,13,4419.62,8506.6,2,2,2,3,0.0151,0,2,1,0,0.1088,0
ACC02432,1044,37,2106.59,18,19,35676.34,43404.87,4,11,4,2,0.0044,4,1,0,0,0.2311,0
ACC02433,769,21,2625.3,12,9,30836.15,20504.46,3,9,1,0,0.0493,1,1,1,0,0.191,0
ACC02434,1061,78,6138.37,27,51,180618.14,240650.69,18,19,0,3,0.11,3,0,0,0,0.2663,0
ACC02435,641,44,1909.01,25,19,54782.43,29677.82,19,5,2,2,0.0467,1,1,2,1,0.1466,0
ACC02436,14,172,17308.44,100,72,2065947.48,1353624.12,71,64,13,60,0.3326,12,10,4,2,0.849,1
ACC02437,293,30,866.72,12,18,11800.63,19274.55,7,7,1,3,0.0607,0,0,1,0,0.3574,0
ACC02438,948,37,2385.46,15,22,30096.08,47517.05,4,8,3,3,0.0358,3,0,2,1,0.2366,0
ACC02439,453,116,6476.5,65,51,438881.81,339602.07,33,27,1,1,0.0259,0,0,2,0,0.2677,0
ACC02440,1506,43,2840.6,15,28,46217.97,67637.61,10,9,1,2,0.0116,0,2,2,0,0.2324,0
ACC02441,711,35,2037.48,18,17,42894.38,24896.59,6,14,4,0,0.052,0,2,2,0,0.2646,0
ACC02442,262,431,5383.01,262,169,1751153.58,878020.53,207,159,13,163,0.5136,25,5,5,3,0.8838,1
ACC02443,88,152,14941.74,82,70,1389967.36,1278191.32,73,64,15,50,0.2646,28,8,3,6,0.7624,1
ACC02444,1662,75,1295.75,39,36,51835.17,42030.41,17,27,4,2,0.0299,0,0,1,1,0.4291,0
ACC02445,649,61,1886.79,36,25,71783.12,58471.34,21,12,3,1,0.0521,2,1,0,0,0.3114,0
ACC02446,79,191,18432.16,128,63,2351164.24,1102793.38,112,48,11,72,0.5896,24,3,8,1,0.8859,1
ACC02447,4067,61,2051.53,29,32,66028.86,80252.3,13,19,2,1,0.0286,0,0,0,2,0.1979,0
ACC02448,774,77,16137.98,39,38,606094.43,571728.29,39,33,16,26,0.2327,28,12,7,1,0.9451,1
ACC02449,372,36,899.45,18,18,14904.78,15842.63,2,9,4,2,0.0217,2,0,2,0,0.131,0
ACC02450,1595,64,1971.45,30,34,64693.52,75941.3,21,17,1,2,0.0179,1,0,2,0,0.1395,0
ACC02451,413,27,709.23,15,12,12981.66,7790.38,6,12,1,2,0.0468,0,1,3,0,0.2564,0
ACC02452,1938,23,2131.19,12,11,34515.65,27419.87,2,5,2,2,0.0744,2,1,0,3,0.2473,0
ACC02453,51,172,2741.62,133,39,411106.77,109512.07,112,26,19,65,0.4005,29,2,2,5,0.8641,1
ACC02454,73,302,42554.57,233,69,11586930.89,2703866.46,193,37,17,126,0.3553,39,8,5,4,0.5342,1
ACC02455,136,197,7738.61,152,45,1104707.85,326490.02,139,45,15,86,0.3204,19,4,6,5,0.8828,1
ACC02456,69,183,7296.4,99,84,729461.77,750745.89,67,63,21,71,0.3756,14,6,7,4,0.8168,1
ACC02457,146,424,6495.66,229,195,1816477.63,1316239.01,174,183,11,144,0.4963,30,4,5,6,0.9926,1
ACC02458,867,76,6604.73,42,34,284612.16,222930.07,14,16,3,0,0.0292,3,0,1,1,0.132,0
ACC02459,226,73,1903.48,39,34,66860.82,75342.44,16,20,2,3,0.0173,2,1,0,0,0.307,0
ACC02460,978,24,563.49,11,13,6229.61,7368.03,5,3,3,2,0.0122,0,1,0,1,0.4561,0
ACC02461,308,227,8715.94,151,76,1552924.67,803140.95,129,56,10,93,0.3757,20,2,6,3,0.8021,1
ACC02462,2609,70,5361.45,27,43,145589.5,234846.07,11,19,5,0,0.109,1,1,2,0,0.3043,0
ACC02463,468,32,3315.87,15,17,46162.42,54800.64,7,17,1,0,0.1017,0,1,1,1,0.2716,0
ACC02464,354,18,1356.6,10,8,10693.39,12947.05,2,2,1,2,0.0976,1,0,1,1,0.1705,0
ACC02465,30,401,18404.38,280,121,6379077.52,2349390.66,210,103,12,157,0.422,29,5,7,3,0.9037,1
ACC02466,67,915,7358.75,537,378,4873881.13,2392408.77,466,326,12,358,0.3163,16,5,4,1,0.6469,1
ACC02467,2061,34,3096.5,21,13,58460.63,39016.24,17,13,2,1,0.0224,1,0,2,0,0.2246,0
ACC02468,50,528,7355.06,389,139,3517913.09,967872.76,353,132,17,213,0.4545,19,3,5,6,0.9409,1
ACC02469,1071,43,1819.52,21,22,31400.88,45406.34,14,15,1,2,0.0752,1,0,1,1,0.1373,0
ACC02470,719,18,2049.98,9,9,17965.07,22576.26,6,9,3,0,0.0196,1,0,2,0,0.225,0
ACC02471,1461,55,5440.05,31,24,214126.33,169161.8,16,10,1,1,0.0281,0,1,2,0,0.3316,0
ACC02472,2429,35,1897.54,17,18,37596.56,25165.88,3,10,1,1,0.0182,0,0,1,0,0.4568,0
ACC02473,995,39,2966.2,17,22,66859.92,70487.25,5,14,1,1,0.024,1,2,1,0,0.1689,0
ACC02474,20,279,18502.18,147,132,3251444.48,2271922.54,127,120,11,113,0.1509,24,3,6,3,0.9829,1
ACC02475,2149,29,1158.53,13,16,17866.15,23390.19,2,13,0,1,0.0537,1,3,0,0,0.3545,0
ACC02476,1159,56,2486.78,20,36,57538.85,94418.48,2,34,2,0,0.0446,1,1,0,2,0.5318,0
ACC02477,859,130,1355.77,64,66,114858.22,82265.44,31,33,2,3,0.1118,2,1,1,2,0.1111,0
ACC02478,779,66,4172.72,27,39,91484.94,121738.18,10,16,0,4,0.1383,0,1,1,0,0.307,0
ACC02479,54,152,13912.06,116,36,1697794.7,582286.15,88,36,17,60,0.371,18,11,4,2,0.9632,1
ACC02480,353,73,1528.85,36,37,46114.43,47234.48,12,29,2,4,0.0276,1,0,2,2,0.2412,0
ACC02481,491,90,3342.97,55,35,232381.37,136482.08,30,15,1,1,0.0323,3,0,2,0,0.4487,0
ACC02482,293,124,1091.45,70,54,60485.89,52836.26,37,21,6,4,0.0147,0,1,0,0,0.1896,0
ACC02483,1445,31,8060.87,12,19,74112.36,186204.85,8,8,2,2,0.0161,4,0,0,0,0.1274,0
ACC02484,1082,81,2456.89,47,34,149388.87,87064.6,17,15,7,4,0.1091,1,1,2,0,0.3674,0
ACC02485,590,17,3735.05,6,11,22398.66,49180.73,2,2,1,2,0.0022,3,0,1,0,0.2016,0
ACC02486,2280,70,4582.74,45,25,210669.56,106168.04,13,8,2,1,0.0142,1,3,0,0,0.5301,0
ACC02487,1303,22,2588.04,8,14,25170.28,45867.72,4,2,3,0,0.0382,2,0,0,1,0.4316,0
ACC02488,1070,30,1068.05,11,19,14175.37,18028.85,2,12,2,0,0.0397,0,1,2,0,0.4384,0
ACC02489,172,144,15196.67,90,54,1406446.79,868941.01,87,46,8,56,0.323,29,4,5,3,0.6955,1
ACC02490,907,49,3433.44,19,30,53419.13,133548.57,11,15,1,0,0.0386,1,0,1,1,0.2837,0
ACC02491,790,66,1195.97,26,40,24716.94,37806.44,9,25,2,3,0.1647,2,0,3,0,0.185,0
ACC02492,792,153,1154.63,90,63,79190.46,76286.14,38,27,3,5,0.0681,2,1,2,0,0.2854,0
ACC02493,672,31,5551.28,17,14,91665.74,100642.47,9,5,4,1,0.0314,2,2,1,0,0.406,0
ACC02494,1180,49,4355.7,31,18,122533.58,66382.15,22,16,2,2,0.0324,1,0,0,0,0.3567,0
ACC02495,1655,18,4672.11,7,11,36587.27,61017.91,7,6,0,4,0.0291,2,0,2,0,0.2667,0
ACC02496,128,81,23559.88,43,38,930403.72,949814.33,32,38,13,38,0.5555,31,7,12,3,0.9384,1
ACC02497,91,312,12953.07,189,123,2510773.86,1895970.15,167,123,19,109,0.2719,19,8,7,3,0.8975,1
ACC02498,119,347,15911.8,216,131,3616732.82,2132675.77,176,114,20,139,0.487,26,6,5,4,0.6139,1
ACC02499,296,447,16168.78,333,114,6246335.1,2079952.61,281,105,10,158,0.2152,29,6,3,3,0.9038,1
ACC02500,154,285,7974.44,207,78,1587522.03,616142.28,186,55,12,115,0.3387,27,10,7,1,0.9091,1
ACC02501,663,45,1366.1,26,19,28965.9,29942.09,11,5,1,3,0.0276,2,1,3,0,0.1637,0
ACC02502,166,257,17872.86,148,109,2874192.5,2193687.41,148,93,17,92,0.4229,17,6,5,4,0.8374,1
ACC02503,1589,26,4632.27,14,12,80081.48,50518.94,4,9,1,3,0.0531,1,3,0,0,0.1522,0
ACC02504,139,321,22262.07,218,103,4839272.73,2134326.39,195,86,18,131,0.355,26,3,8,2,0.9493,1
ACC02505,429,90,1280.73,33,57,43891.1,90296.54,17,35,1,2,0.0951,2,0,1,0,0.405,0
ACC02506,156,370,5880.38,283,87,1807010.62,543521.79,239,55,15,141,0.3385,19,5,3,3,0.8703,1
ACC02507,182,306,22513.52,156,150,4276199.25,3774849.53,103,131,14,107,0.5306,23,8,5,6,0.7551,1
ACC02508,526,34,2191.98,18,16,43735.91,28315.0,14,6,1,2,0.031,2,0,0,0,0.2994,0
ACC02509,30,381,27566.22,295,86,8668631.2,2067580.82,256,59,14,150,0.3202,29,6,1,5,0.8686,1
ACC02510,551,49,3076.43,29,20,116045.87,56196.12,18,10,3,0,0.0999,0,0,1,2,0.2103,0
ACC02511,98,54,7856.14,31,23,228735.18,200011.79,15,23,11,19,0.3713,27,9,8,1,0.8775,1
ACC02512,532,89,2114.2,53,36,147921.38,90707.68,21,21,0,5,0.0727,3,0,2,0,0.287,0
ACC02513,735,13,2804.2,7,6,16034.41,14773.73,2,2,1,1,0.0753,2,0,0,1,0.1761,0
ACC02514,705,26,1657.79,14,12,25153.61,14107.01,9,2,5,2,0.0471,1,0,1,1,0.1691,0
ACC02515,1090,55,6188.9,33,22,252448.85,106785.68,8,9,3,2,0.0562,2,0,0,1,0.2933,0
ACC02516,712,110,1840.05,58,52,132591.85,86977.53,20,31,3,2,0.0497,2,1,2,0,0.1146,0
ACC02517,959,25,3246.09,16,9,47997.68,28099.17,5,5,4,1,0.0695,0,1,1,0,0.3798,0
ACC02518,1002,40,2389.68,21,19,52014.58,42654.53,6,6,4,1,0.0536,1,1,3,0,0.1058,0
ACC02519,2289,71,1600.36,45,26,68802.59,51702.02,20,4,5,0,0.0225,1,0,2,0,0.2414,0
ACC02520,510,53,901.06,29,24,21362.2,17160.53,11,9,1,2,0.0346,0,1,0,1,0.2038,0
ACC02521,563,25,4869.03,12,13,45703.01,72998.45,2,3,0,5,0.0842,2,0,1,1,0.1557,0
ACC02522,128,110,1503.95,66,44,85890.8,79279.79,38,18,1,1,0.0435,1,1,1,0,0.1334,0
ACC02523,1136,17,3739.19,9,8,45034.46,21591.53,2,4,4,2,0.0224,2,2,0,0,0.2537,0
ACC02524,1100,15,825.96,8,7,5874.81,7191.58,2,7,3,1,0.0668,1,0,1,1,0.3821,0
ACC02525,981,136,2204.02,80,56,132388.99,94502.37,40,34,1,3,0.0146,0,1,0,0,0.1286,0
ACC02526,160,563,13418.35,382,181,5392258.23,2461838.94,335,156,18,196,0.3013,26,4,5,4,0.7867,1
ACC02527,56,104,29023.83,80,24,2075005.87,815669.66,80,24,15,47,0.3759,27,8,5,3,0.9601,1
ACC02528,61,197,17328.36,129,68,2480510.62,1279711.64,120,68,11,76,0.5208,29,3,6,3,0.9868,1
ACC02529,1254,89,1443.56,48,41,54831.89,54185.16,18,16,4,2,0.0271,2,0,0,1,0.3129,0
ACC02530,1138,62,1611.72,24,38,34625.38,74440.21,6,21,4,0,0.0103,3,1,0,0,0.1048,0
ACC02531,980,81,1647.3,42,39,83211.68,51952.56,14,26,2,0,0.0662,0,0,0,3,0.4233,0
ACC02532,2023,32,1442.35,15,17,25693.69,26501.07,9,7,2,3,0.0063,2,1,0,1,0.3181,0
ACC02533,49,356,20456.77,213,143,4614852.16,3087513.14,160,135,15,130,0.2988,34,12,6,6,0.7631,1
ACC02534,1263,24,2942.3,13,11,41324.45,26892.58,4,6,0,1,0.0149,1,0,0,0,0.4471,0
ACC02535,658,52,635.04,26,26,17399.59,15952.99,4,8,0,2,0.0281,1,0,0,1,0.1407,0
ACC02536,67,171,17377.91,109,62,1863300.59,1086521.09,106,57,20,70,0.5394,27,8,4,2,0.8464,1
ACC02537,384,56,1480.33,32,24,44999.4,36868.53,13,6,3,3,0.0494,1,0,0,0,0.1981,0
ACC02538,1208,44,5368.71,20,24,128357.07,92075.71,6,16,3,3,0.0329,3,1,2,0,0.3311,0
ACC02539,747,55,6373.86,33,22,189365.6,134655.42,14,9,1,0,0.0703,0,2,1,1,0.1799,0
ACC02540,1792,50,1505.93,30,20,49172.35,37811.34,18,11,1,1,0.0411,2,1,3,0,0.0876,0
ACC02541,661,35,1533.99,19,16,36775.32,23189.45,2,9,3,2,0.0269,0,0,1,1,0.2947,0
ACC02542,339,28,1094.75,12,16,17517.41,16963.93,2,8,0,4,0.0452,3,0,0,0,0.306,0
ACC02543,214,157,19681.59,113,44,2165450.52,1026350.61,68,44,10,61,0.4312,23,6,6,6,0.8534,1
ACC02544,892,82,6175.66,34,48,236583.42,287299.89,10,29,3,0,0.0242,1,1,0,0,0.2666,0
ACC02545,55,150,12293.19,116,34,1709768.75,515135.0,85,12,6,59,0.1895,30,6,7,1,0.9083,1
ACC02546,3692,22,1381.69,7,15,9107.17,15237.71,7,5,1,3,0.0452,1,0,1,0,0.2959,0
ACC02547,610,39,1792.84,15,24,21393.07,36465.27,6,11,4,0,0.1611,1,1,3,1,0.0674,0
ACC02548,366,69,7200.73,28,41,264974.84,315449.09,6,17,2,2,0.0986,2,0,2,0,0.4775,0
ACC02549,544,51,2005.12,29,22,62106.69,54557.59,13,13,0,2,0.0399,2,0,1,0,0.2127,0
ACC02550,55,257,16637.03,171,86,3379295.27,1381512.48,120,77,16,95,0.5845,30,3,6,8,0.9101,1
ACC02551,526,163,2977.38,74,89,248132.56,259553.31,27,46,4,6,0.0523,1,0,2,1,0.3672,0
ACC02552,486,35,1735.74,16,19,32802.51,24750.33,5,16,3,3,0.0438,0,0,1,1,0.1663,0
ACC02553,88,204,20969.79,123,81,2604983.65,2072959.78,96,61,15,90,0.3931,29,3,5,4,0.8835,1
ACC02554,1356,19,9619.63,9,10,88662.12,84943.51,9,2,0,0,0.0426,2,0,5,0,0.4072,0
ACC02555,199,251,6676.93,194,57,1440783.16,459699.25,192,57,12,90,0.3333,29,15,5,4,0.7882,1
ACC02556,1476,51,2307.88,30,21,72357.86,44711.92,14,10,4,2,0.0059,3,0,2,1,0.4172,0
ACC02557,16,168,7017.18,128,40,910025.41,269699.55,108,37,15,63,0.2771,30,5,3,4,0.9192,1
ACC02558,48,81,7958.99,43,38,401517.49,343519.12,30,31,12,27,0.6222,20,8,8,3,0.9187,1
ACC02559,1118,27,1518.82,13,14,26015.85,24092.94,13,12,3,1,0.0196,1,1,1,0,0.2869,0
ACC02560,53,206,11876.0,128,78,1598224.68,800894.88,111,70,17,73,0.4366,27,4,4,1,0.838,1
ACC02561,659,36,496.61,14,22,7750.52,13186.4,8,16,1,2,0.0615,1,0,0,0,0.3209,0
ACC02562,1858,53,3357.89,32,21,83823.21,56871.42,15,7,2,3,0.0393,1,2,3,0,0.3845,0
ACC02563,1363,72,3660.19,41,31,180354.22,137752.88,15,19,3,2,0.0164,2,0,0,0,0.369,0
ACC02564,648,71,1218.35,44,27,69767.19,28132.52,19,12,4,2,0.0192,0,1,0,0,0.2711,0
ACC02565,772,110,1599.39,43,67,65006.28,129750.08,23,30,3,2,0.0863,3,0,2,1,0.1241,0
ACC02566,2677,40,3368.9,21,19,66159.28,46509.36,2,8,2,3,0.0046,0,1,2,1,0.0493,0
ACC02567,538,52,3622.11,31,21,147641.66,70309.2,4,13,1,2,0.0366,1,2,0,1,0.5175,0
ACC02568,80,156,14150.28,106,50,1774138.96,658547.19,97,40,18,72,0.2309,27,3,6,4,0.887,1
ACC02569,3401,56,1335.34,30,26,43687.24,39225.08,11,6,2,2,0.0532,3,1,1,0,0.2686,0
ACC02570,1477,41,525.49,22,19,14832.23,7325.03,4,7,1,1,0.0074,1,0,1,0,0.2873,0
ACC02571,196,90,7825.47,54,36,505415.29,348985.41,50,36,11,47,0.4879,23,5,10,6,0.9342,1
ACC02572,51,183,36987.39,140,43,5465229.7,1444258.3,115,33,25,65,0.5526,18,7,3,3,0.7386,1
ACC02573,314,25,1803.67,14,11,28110.73,22067.29,11,2,1,2,0.0413,2,0,4,0,0.1617,0
ACC02574,2066,34,5739.85,21,13,142092.35,79449.47,6,8,0,2,0.0196,2,0,3,1,0.3064,0
ACC02575,97,230,5807.82,116,114,681699.22,584512.59,81,81,14,84,0.6799,13,8,7,4,0.9154,1
ACC02576,1206,29,4638.73,15,14,65540.58,66534.49,6,14,3,2,0.027,0,1,2,1,0.4687,0
ACC02577,1070,55,1356.04,32,23,57109.33,28952.12,12,17,2,2,0.0242,2,1,1,0,0.2333,0
ACC02578,408,42,2025.54,17,25,35501.85,38089.92,13,14,2,4,0.0083,2,0,2,1,0.1973,0
ACC02579,250,352,9009.89,224,128,2442316.34,1424993.02,206,128,18,129,0.4091,24,6,6,8,0.9274,1
ACC02580,820,53,2332.15,21,32,49881.13,90174.39,11,18,1,0,0.0425,3,0,3,1,0.1608,0
ACC02581,932,34,3236.54,15,19,39982.65,78586.28,15,4,0,0,0.0154,0,1,4,0,0.1779,0
ACC02582,1410,75,4997.63,39,36,212938.36,152018.2,10,14,3,4,0.0391,1,0,0,0,0.1388,0
ACC02583,718,26,1442.11,10,16,12934.76,25443.8,4,15,2,0,0.0772,0,0,2,0,0.0628,0
ACC02584,149,627,14497.81,317,310,4154271.04,4046714.76,269,275,12,246,0.3971,20,7,5,5,0.8382,1
ACC02585,1341,19,6934.5,8,11,49059.94,69886.17,3,11,2,2,0.0516,0,0,2,0,0.1921,0
ACC02586,121,143,41511.32,102,41,4636879.05,1912828.29,99,41,14,58,0.2921,27,6,4,5,0.9038,1
ACC02587,382,198,9984.26,122,76,1334268.67,820753.5,116,53,18,67,0.374,23,7,4,2,0.8836,1
ACC02588,1830,37,1071.61,18,19,15733.91,14863.21,17,9,1,2,0.0313,3,1,3,0,0.2217,0
ACC02589,59,419,21281.27,215,204,4098911.28,4340208.79,181,170,12,168,0.3265,20,5,4,4,0.7733,1
ACC02590,331,64,1501.42,23,41,33606.27,59734.54,3,27,1,3,0.0224,0,0,0,1,0.191,0
ACC02591,2586,38,10267.05,22,16,183199.86,138131.55,18,4,2,3,0.059,3,0,2,0,0.1744,0
ACC02592,1094,16,1915.82,8,8,19722.16,14836.61,2,2,2,3,0.0708,0,0,1,0,0.1856,0
ACC02593,482,165,28145.4,128,37,3809707.21,936567.33,94,23,10,62,0.4995,28,8,3,2,0.8092,1
ACC02594,911,139,10888.3,81,58,890665.51,640959.16,53,35,13,54,0.3822,24,5,3,8,0.9513,1
ACC02595,477,77,6545.12,27,50,225031.58,282907.91,11,27,1,4,0.0454,2,1,2,2,0.2481,0
ACC02596,121,784,15959.92,580,204,8046341.0,3506693.85,529,200,14,271,0.2314,24,5,5,7,0.7983,1
ACC02597,1357,26,1692.85,11,15,23174.62,27952.02,9,7,2,0,0.0179,6,0,1,0,0.1388,0
ACC02598,766,18,2134.43,7,11,12629.72,29875.0,5,2,3,1,0.1167,0,1,1,0,0.4381,0
ACC02599,906,198,1228.59,95,103,125567.28,146730.33,46,59,2,2,0.0369,0,1,1,2,0.4358,0
ACC02600,1853,30,2758.26,18,12,38276.26,40418.02,2,2,3,5,0.0577,4,1,0,0,0.1733,0
ACC02601,62,323,24210.56,227,96,5667865.41,2050327.25,177,94,14,131,0.2237,29,5,5,6,0.7469,1
ACC02602,118,298,8563.93,234,64,2320081.23,532942.57,213,40,16,107,0.3839,25,6,4,5,0.8883,1
ACC02603,496,38,2457.7,17,21,47454.1,40516.6,2,17,5,2,0.0284,2,1,1,1,0.2656,0
ACC02604,88,446,12893.55,352,94,4256829.3,1077974.43,279,81,20,171,0.4072,20,1,3,7,0.6053,1
ACC02605,753,49,6293.01,17,32,117147.33,230788.05,10,28,0,1,0.0592,3,1,0,0,0.368,0
ACC02606,338,835,5372.14,543,292,2911953.71,1525361.6,465,248,15,343,0.4516,25,7,7,4,0.8486,1
ACC02607,2280,26,3229.62,9,17,33137.65,53128.3,2,8,2,2,0.0188,2,0,1,0,0.1939,0
ACC02608,577,18,1824.47,10,8,15784.51,10815.67,10,2,0,2,0.0442,0,0,4,1,0.2469,0
ACC02609,146,239,12570.98,160,79,1989827.11,997444.06,160,70,20,92,0.5477,18,4,5,3,0.97,1
ACC02610,363,570,8347.02,381,189,3796827.83,1955260.46,319,166,17,205,0.3925,27,3,2,3,0.8929,1
ACC02611,213,192,11899.51,152,40,2040254.93,552201.85,122,31,14,78,0.4357,29,5,8,2,0.4826,1
ACC02612,713,33,2535.69,19,14,43909.65,40248.1,12,13,2,1,0.0619,1,2,0,1,0.2673,0
ACC02613,1727,64,1094.34,39,25,32575.66,31356.93,20,19,2,3,0.0614,2,0,0,0,0.3069,0
ACC02614,106,490,12885.28,253,237,3850811.49,2705614.83,187,237,18,189,0.439,24,5,6,3,0.9187,1
ACC02615,222,353,10863.63,207,146,2488488.25,1808051.9,169,141,8,115,0.3299,24,3,9,2,0.6743,1
ACC02616,226,235,16319.62,177,58,3547362.18,1163177.26,170,45,10,92,0.5111,30,5,5,3,0.8865,1
ACC02617,797,60,1795.6,35,25,69589.02,42773.79,17,19,2,4,0.0128,1,1,4,1,0.3793,0
ACC02618,420,30,4061.54,15,15,61291.4,54866.1,5,7,2,3,0.0509,0,1,0,0,0.1162,0
ACC02619,2929,87,1523.51,42,45,67216.67,85628.89,13,29,1,1,0.0867,1,0,0,2,0.3209,0
ACC02620,1803,143,2757.47,78,65,274086.75,183797.63,30,41,4,0,0.0213,1,1,1,0,0.2675,0
ACC02621,200,43,1683.59,21,22,41164.27,45366.37,7,10,2,3,0.0147,1,1,2,0,0.2685,0
ACC02622,1295,30,4482.08,11,19,54462.04,94008.11,8,7,2,1,0.0655,3,0,1,1,0.199,0
ACC02623,1294,48,769.71,24,24,14542.66,15653.45,6,9,2,3,0.022,2,0,1,0,0.2732,0
ACC02624,2472,46,1994.02,16,30,34473.8,48236.3,6,21,2,1,0.0986,0,1,3,0,0.2922,0
ACC02625,538,28,1692.78,16,12,31768.83,15681.21,6,10,0,1,0.0751,3,1,0,2,0.4003,0
ACC02626,611,116,2694.32,70,46,229716.42,102519.63,31,23,0,2,0.0389,1,0,1,1,0.3965,0
ACC02627,234,223,5557.7,115,108,575464.23,745587.33,78,94,8,78,0.4226,27,9,9,5,0.7928,1
ACC02628,1335,42,920.92,21,21,24211.2,14273.83,4,13,1,1,0.0304,1,1,1,0,0.2191,0
ACC02629,59,517,28157.76,401,116,10097737.65,3750377.4,354,116,15,211,0.5375,17,3,6,2,0.8348,1
ACC02630,3593,86,1338.03,50,36,79210.8,52745.11,31,32,3,2,0.0578,2,1,2,1,0.2283,0
ACC02631,180,74,2657.08,25,49,60953.31,154211.32,9,24,1,1,0.0967,2,1,1,0,0.3174,0
ACC02632,431,28,1524.3,11,17,20969.03,23295.21,10,3,2,2,0.0236,0,0,0,4,0.2625,0
ACC02633,1123,49,1689.2,20,29,29761.91,38045.48,9,16,1,1,0.0235,0,0,0,0,0.319,0
ACC02634,775,24,726.07,15,9,9929.9,7966.31,6,2,3,2,0.0378,1,0,1,0,0.3303,0
ACC02635,2451,22,2248.82,10,12,17150.16,24311.34,2,6,2,2,0.0673,3,0,1,0,0.1424,0
ACC02636,2236,77,2475.28,32,45,60679.92,119597.27,7,17,2,3,0.0934,3,1,2,0,0.2549,0
ACC02637,782,36,2591.84,22,14,58538.12,34964.64,2,10,1,3,0.1694,1,0,0,0,0.3574,0
ACC02638,326,42,2886.18,15,27,35042.9,65391.45,4,18,3,4,0.0425,2,0,1,1,0.45,0
ACC02639,866,101,4787.31,43,58,174123.08,280884.04,17,31,0,2,0.0637,0,0,2,0,0.1154,0
ACC02640,129,241,41488.28,141,100,6011932.24,3626246.77,122,100,22,94,0.4178,36,6,9,1,0.9032,1
ACC02641,2174,38,3081.62,16,22,51811.89,55751.19,6,6,3,0,0.0145,4,0,1,0,0.2386,0
ACC02642,693,32,7680.28,15,17,104733.72,129027.78,11,6,0,2,0.0545,4,0,1,1,0.2522,0
ACC02643,243,42,2122.11,17,25,41504.12,58122.07,5,4,2,3,0.0418,0,0,1,2,0.1301,0
ACC02644,688,174,23196.83,112,62,2269791.96,1568832.22,94,62,16,73,0.3517,25,6,7,5,0.8003,1
ACC02645,92,575,4990.0,378,197,1678659.17,898340.34,292,192,11,211,0.571,39,8,3,4,0.9614,1
ACC02646,1357,62,862.0,32,30,28569.61,24557.04,21,7,4,1,0.0464,2,0,0,0,0.2407,0
ACC02647,34,208,17466.09,117,91,2020981.01,1664201.14,86,79,13,85,0.3853,22,7,8,3,0.887,1
ACC02648,878,48,2614.59,30,18,76293.78,49534.02,11,6,0,2,0.036,3,0,1,0,0.1623,0
ACC02649,1104,116,1779.15,47,69,65648.7,128126.61,22,31,2,4,0.0366,4,1,2,0,0.1918,0
ACC02650,1585,75,1543.54,33,42,68208.25,52047.57,18,17,1,1,0.0328,1,3,3,3,0.2955,0
ACC02651,1961,19,3634.27,7,12,30881.59,31698.64,2,7,0,3,0.0618,4,0,0,0,0.2306,0
ACC02652,190,187,6123.22,122,65,902717.25,489342.89,81,48,14,64,0.523,22,7,5,1,0.7925,1
ACC02653,56,110,10442.14,64,46,835233.93,572759.27,48,35,17,30,0.3135,19,2,8,1,0.9164,1
ACC02654,3304,35,1039.89,17,18,15083.64,14005.98,11,15,2,0,0.0864,2,0,1,1,0.5333,0
ACC02655,224,116,12105.72,69,47,923986.16,617531.65,69,38,17,46,0.2907,25,3,6,2,0.8921,1
ACC02656,693,101,762.57,53,48,53307.22,46432.88,18,26,1,2,0.0361,1,1,1,0,0.2359,0
ACC02657,2935,43,1460.11,16,27,29046.41,46205.32,5,22,4,0,0.0469,3,0,1,0,0.1982,0
ACC02658,113,725,4474.54,426,299,2203999.46,1477498.43,355,275,19,247,0.164,19,6,5,1,0.8035,1
ACC02659,47,261,16415.03,157,104,3077515.38,1857758.19,123,94,14,111,0.2119,19,7,4,5,0.7403,1
ACC02660,421,30,3933.08,17,13,86318.62,41789.74,11,2,1,2,0.0488,0,0,0,0,0.1507,0
ACC02661,813,45,1675.81,29,16,38055.76,26711.32,15,11,2,3,0.0452,1,0,2,1,0.1121,0
ACC02662,327,88,1253.96,51,37,63729.58,39257.84,26,15,2,0,0.0852,2,0,1,1,0.4171,0
ACC02663,49,196,7666.35,148,48,1169891.13,410013.4,131,17,15,73,0.5292,25,8,6,1,0.9592,1
ACC02664,1398,58,1846.88,25,33,57679.66,45608.22,12,28,3,3,0.02,1,2,0,0,0.1269,0
ACC02665,498,241,10572.07,181,60,1779807.54,578499.0,151,52,15,83,0.3126,26,7,10,2,0.8545,1
ACC02666,983,14,1738.1,6,8,11577.46,17758.96,2,4,1,0,0.0392,0,0,1,1,0.0916,0
ACC02667,423,43,886.81,22,21,20962.67,24102.28,6,12,4,3,0.0532,4,0,0,0,0.2879,0
ACC02668,2522,23,1889.82,14,9,26263.59,17668.14,8,5,5,1,0.0502,2,0,0,0,0.1186,0
ACC02669,1379,23,5329.77,12,11,84368.26,68525.15,5,10,1,4,0.0132,0,2,1,0,0.2715,0
ACC02670,2856,91,2622.27,58,33,157268.48,98133.91,16,10,1,0,0.0476,1,0,4,0,0.1125,0
ACC02671,728,60,4142.21,30,30,121285.43,91167.76,8,20,0,0,0.098,0,0,3,0,0.3638,0
ACC02672,995,81,1605.97,28,53,50025.77,71592.17,20,25,1,4,0.1493,3,1,0,0,0.0253,0
ACC02673,3310,45,1036.19,16,29,16954.53,34981.96,2,19,3,1,0.0571,2,2,1,1,0.189,0
ACC02674,31,336,19514.11,229,107,4382506.95,2381674.96,167,89,18,118,0.5707,25,16,4,4,0.7454,1
ACC02675,514,84,3621.99,44,40,200632.25,155821.06,19,17,2,4,0.0788,1,2,1,0,0.3696,0
ACC02676,794,49,912.53,21,28,22195.51,32349.99,2,13,2,1,0.045,1,0,0,0,0.1993,0
ACC02677,400,279,23837.67,197,82,5306125.22,1854366.49,160,77,19,99,0.2511,26,6,7,4,0.9493,1
ACC02678,992,157,4162.73,90,67,446281.2,277361.3,48,29,2,1,0.0242,0,1,0,0,0.5975,0
ACC02679,520,81,24860.24,44,37,1216690.86,867209.53,26,37,13,29,0.1098,30,3,8,5,0.8087,1
ACC02680,535,108,21520.77,80,28,2111747.11,555529.33,80,23,21,35,0.4312,20,5,7,2,0.6796,1
ACC02681,552,83,1826.58,29,54,48793.65,83932.77,2,27,2,2,0.0984,2,0,2,1,0.1574,0
ACC02682,1195,18,3026.03,7,11,19151.54,28943.65,4,6,2,3,0.0453,2,1,3,1,0.172,0
ACC02683,99,349,21369.36,245,104,5802755.5,2231791.98,208,104,13,145,0.2857,24,9,2,3,0.8972,1
ACC02684,839,39,1212.99,23,16,28026.51,22071.19,8,7,1,4,0.0042,1,0,0,2,0.0632,0
ACC02685,508,66,6884.96,33,33,225803.83,187758.85,25,20,0,2,0.0712,1,0,0,0,0.2493,0
ACC02686,161,255,6706.96,172,83,1034695.85,549710.44,168,59,16,87,0.1882,21,8,1,3,0.848,1
ACC02687,328,72,2002.14,34,38,76364.38,86945.63,16,25,0,3,0.0593,4,0,2,0,0.2903,0
ACC02688,1215,32,1828.75,14,18,31161.81,39472.3,2,10,3,4,0.0247,1,0,2,0,0.5011,0
ACC02689,108,79,18172.71,57,22,924020.12,427824.4,55,20,9,26,0.5066,20,4,5,8,0.9413,1
ACC02690,2009,93,2111.86,60,33,100633.59,86899.83,22,18,3,0,0.0785,1,2,1,1,0.2223,0
ACC02691,762,63,3843.99,32,31,165399.88,91416.27,9,17,3,3,0.0345,3,0,0,1,0.2155,0
ACC02692,551,27,3330.99,10,17,29843.62,62757.72,2,4,3,0,0.0161,3,0,3,0,0.5266,0
ACC02693,1349,21,7014.48,8,13,52153.4,69980.85,2,9,2,2,0.0089,1,0,0,1,0.2597,0
ACC02694,21,160,13870.78,87,73,1288520.82,907379.42,87,63,12,61,0.2459,26,4,3,6,0.5645,1
ACC02695,1113,21,1531.09,9,12,14781.54,23672.35,2,3,0,5,0.0434,4,1,0,0,0.1849,0
ACC02696,70,216,10413.45,144,72,1725246.08,790711.69,119,72,8,92,0.1065,29,9,6,6,0.8816,1
ACC02697,985,50,2536.66,25,25,54503.87,65859.84,11,22,4,3,0.0388,0,0,2,0,0.1404,0
ACC02698,627,33,1735.0,18,15,41174.41,24066.33,6,15,0,1,0.0944,2,0,1,1,0.1944,0
ACC02699,127,232,12182.2,163,69,2112464.59,793590.43,115,42,10,98,0.2167,31,7,3,1,0.8851,1
ACC02700,1308,50,2564.57,25,25,59015.34,72198.93,11,18,4,3,0.0693,3,0,1,0,0.5071,0
ACC02701,1375,53,4252.56,34,19,194557.98,71757.05,9,4,3,2,0.1037,5,0,2,0,0.2893,0
ACC02702,179,120,12303.06,82,38,1027389.98,529172.69,65,38,16,48,0.4232,20,3,2,4,0.7701,1
ACC02703,801,40,1485.29,20,20,22798.08,31144.36,3,6,3,0,0.0319,3,2,1,2,0.1922,0
ACC02704,287,34,4131.05,16,18,68581.25,61393.44,8,7,2,1,0.087,1,3,1,0,0.1077,0
ACC02705,350,26,11437.06,13,13,137487.26,120326.48,4,2,3,1,0.0181,0,0,1,1,0.3851,0
ACC02706,138,329,32535.51,253,76,9510622.59,2898165.09,227,69,13,125,0.3292,16,5,6,1,0.9191,1
ACC02707,94,130,17201.52,79,51,1218190.6,754647.55,79,44,15,39,0.1399,15,3,4,1,0.8925,1
ACC02708,531,34,3242.41,22,12,82532.62,42254.37,3,2,3,1,0.0342,1,0,0,0,0.1753,0
ACC02709,3157,44,2359.29,17,27,35850.07,75440.77,4,19,5,1,0.0513,1,1,0,0,0.4408,0
ACC02710,733,44,4037.47,18,26,66425.79,104740.01,6,9,0,2,0.0842,1,0,0,0,0.2638,0
ACC02711,748,41,3083.06,25,16,75949.19,46375.79,13,14,4,4,0.0859,1,0,2,1,0.3784,0
ACC02712,74,997,34335.06,507,490,18948263.58,14457929.81,434,446,19,405,0.1761,27,2,5,5,0.8639,1
ACC02713,566,110,2660.39,50,60,173150.51,168361.43,20,33,0,4,0.0514,2,0,2,0,0.2238,0
ACC02714,661,88,1169.87,45,43,64614.42,57228.88,16,20,1,4,0.1039,3,1,1,0,0.1828,0
ACC02715,1752,100,1348.59,46,54,74448.06,53458.94,19,30,0,3,0.0987,1,1,0,0,0.0806,0
ACC02716,163,605,17729.61,341,264,7218451.92,4371338.3,295,223,15,246,0.5821,32,8,3,4,0.9076,1
ACC02717,69,76,7997.19,51,25,504210.84,205300.59,38,25,15,21,0.5102,30,5,4,4,0.9191,1
ACC02718,950,40,2561.71,24,16,76266.46,40136.03,5,16,1,1,0.0165,0,0,1,0,0.0864,0
ACC02719,746,42,1930.37,23,19,48762.97,31667.01,16,14,1,5,0.0543,0,0,0,2,0.2683,0
ACC02720,3103,65,2575.26,40,25,78327.4,67667.71,17,5,0,0,0.0112,1,0,2,2,0.3442,0
ACC02721,1958,28,871.39,11,17,8315.55,16353.94,6,5,1,1,0.0155,1,0,2,1,0.1664,0
ACC02722,913,40,3102.04,24,16,94315.27,40087.78,17,9,3,3,0.0186,3,0,3,2,0.4221,0
ACC02723,248,450,20264.89,331,119,7422757.51,2772658.68,255,101,19,167,0.4462,30,3,5,7,0.8983,1
ACC02724,2218,84,3955.58,46,38,205573.26,126392.53,19,22,2,3,0.0748,3,1,1,0,0.2928,0
ACC02725,294,10,4210.22,5,5,19704.79,16728.99,3,5,1,2,0.0398,1,0,1,1,0.2866,0
ACC02726,1055,58,1350.28,26,32,40719.45,31904.34,2,19,3,2,0.0316,3,0,1,0,0.2129,0
ACC02727,137,195,13811.63,117,78,1836711.77,961134.07,104,57,20,67,0.5319,21,5,7,4,0.8481,1
ACC02728,549,59,5943.49,27,32,178282.19,151046.8,3,10,5,3,0.0202,2,0,1,1,0.2415,0
ACC02729,925,73,6699.77,28,45,222491.16,346639.64,16,23,2,3,0.0346,3,0,1,0,0.4411,0
ACC02730,1611,57,3949.63,27,30,100532.5,116646.3,5,16,1,2,0.0678,0,1,0,0,0.2027,0
ACC02731,862,18,3286.29,8,10,35358.18,24762.3,3,7,1,0,0.0118,2,4,1,0,0.0386,0
ACC02732,1288,127,6190.6,65,62,457496.5,470708.51,32,33,4,2,0.0107,1,0,2,0,0.3628,0
ACC02733,1294,33,862.4,17,16,17537.73,11290.94,2,8,3,3,0.061,1,0,1,0,0.265,0
ACC02734,5000,52,817.33,32,20,23685.72,17670.1,20,8,1,0,0.0243,2,1,2,1,0.5511,0
ACC02735,877,119,3529.92,50,69,144439.01,272698.36,23,38,3,1,0.0182,3,0,0,2,0.5382,0
ACC02736,275,230,23291.52,137,93,3289563.82,1915055.83,114,93,24,65,0.3726,26,7,6,4,0.6668,1
ACC02737,53,175,16129.98,93,82,1772232.84,1526030.12,77,82,10,65,0.6186,31,7,8,2,0.8697,1
ACC02738,974,56,1271.96,29,27,42742.66,27814.4,15,17,2,1,0.0355,2,1,6,0,0.3253,0
ACC02739,900,74,3046.22,34,40,83988.56,139912.58,10,22,1,4,0.0397,2,0,1,0,0.2678,0
ACC02740,332,66,1661.46,40,26,86225.06,41781.62,6,17,1,0,0.0684,0,1,3,2,0.4968,0
ACC02741,52,336,11039.79,180,156,2426917.4,1720716.7,126,146,9,120,0.2196,32,5,4,4,0.7212,1
ACC02742,342,45,2049.04,25,20,39989.22,45540.23,5,10,3,2,0.0224,2,1,3,0,0.4537,0
ACC02743,872,105,1093.15,57,48,60612.82,42656.56,29,23,1,3,0.0216,1,1,0,0,0.2851,0
ACC02744,2572,55,7064.93,29,26,225507.65,234674.33,15,9,1,0,0.0316,1,0,0,1,0.1479,0
ACC02745,57,98,3660.83,51,47,165628.94,180659.45,17,46,11,23,0.4282,34,4,3,3,0.6949,1
ACC02746,30,386,4858.11,296,90,1700729.12,411367.82,249,80,13,149,0.4826,29,8,3,3,0.8894,1
ACC02747,283,601,30497.79,433,168,13107930.17,6306327.27,358,134,13,226,0.4622,22,6,6,5,0.8785,1
ACC02748,971,59,688.34,29,30,20170.75,24450.15,14,15,0,0,0.0652,4,1,1,0,0.134,0
ACC02749,1188,33,4637.82,19,14,80182.62,60689.55,9,7,5,0,0.0917,1,1,0,1,0.1961,0
ACC02750,728,21,1287.5,12,9,11984.82,9798.13,6,8,0,1,0.065,1,0,0,1,0.2134,0
ACC02751,1182,17,2850.67,8,9,30529.21,28864.3,7,2,3,2,0.0652,1,0,1,1,0.1069,0
ACC02752,50,455,6887.72,289,166,2393470.01,1265880.32,248,146,10,172,0.6897,20,7,13,7,0.9167,1
ACC02753,330,115,25085.33,82,33,1891760.83,803533.81,52,12,22,36,0.4399,32,8,11,7,0.9861,1
ACC02754,546,255,1532.0,158,97,255016.01,152301.96,67,43,5,2,0.0773,1,0,5,1,0.2305,0
ACC02755,839,79,1982.28,46,33,97496.51,80029.79,20,7,2,0,0.1075,2,2,0,0,0.2714,0
ACC02756,99,425,22928.03,250,175,5258905.45,4299485.09,216,168,7,164,0.2393,30,5,9,1,0.9578,1
ACC02757,1632,49,4661.25,18,31,99737.49,112943.96,2,19,1,4,0.0382,4,0,0,0,0.5216,0
ACC02758,1929,60,1014.91,28,32,32985.41,41463.74,15,15,3,3,0.0176,1,1,1,2,0.2435,0
ACC02759,1316,15,1286.11,6,9,5795.45,8722.69,4,6,3,0,0.0548,1,0,0,0,0.3562,0
ACC02760,985,69,3861.39,31,38,153067.25,133583.22,13,12,3,1,0.0859,0,1,1,0,0.3658,0
ACC02761,128,194,23990.83,111,83,2891725.21,2190557.02,89,65,14,86,0.5848,31,5,6,4,0.835,1
ACC02762,1231,40,1520.15,25,15,34790.01,20225.07,6,14,0,0,0.0465,0,1,1,1,0.1788,0
ACC02763,27,280,15724.24,196,84,2623245.43,1626165.03,178,47,19,112,0.2088,25,9,2,4,0.9645,1
ACC02764,436,91,2027.7,35,56,69880.31,87819.81,11,27,2,4,0.0594,1,1,2,2,0.1233,0
ACC02765,2174,78,4049.67,44,34,206261.9,165580.58,15,21,1,2,0.0673,1,0,0,0,0.4662,0
ACC02766,74,529,5486.49,370,159,2050927.18,796771.37,307,131,17,202,0.4733,27,2,6,3,0.7866,1
ACC02767,92,188,16742.88,103,85,1896360.41,1293066.67,88,69,18,81,0.2794,31,12,1,2,0.6713,1
ACC02768,151,693,31322.07,380,313,13906685.28,8893769.07,344,271,15,240,0.384,27,10,1,8,0.9316,1
ACC02769,1570,50,2482.72,23,27,74096.15,50146.23,14,16,4,0,0.033,1,1,4,0,0.2383,0
ACC02770,2671,26,2581.48,13,13,43757.96,40050.39,6,12,1,3,0.1184,2,1,0,1,0.1888,0
ACC02771,153,444,6786.78,247,197,1596023.38,1249073.34,177,182,11,163,0.3902,30,5,6,3,0.8964,1
ACC02772,811,42,1139.86,15,27,13703.62,33974.88,15,14,3,2,0.013,4,0,1,1,0.256,0
ACC02773,324,140,11485.67,88,52,930124.14,668506.06,61,52,11,53,0.2642,27,7,5,5,0.7907,1
ACC02774,1186,102,1005.87,59,43,61559.26,52497.65,30,22,5,2,0.1138,1,1,2,0,0.1586,0
ACC02775,690,19,2338.03,6,13,18193.23,23829.04,3,2,4,6,0.0348,0,0,2,1,0.1938,0
ACC02776,67,944,10655.48,623,321,7298302.52,4246562.4,539,307,24,358,0.3173,24,3,5,7,0.9842,1
ACC02777,2333,53,4772.76,27,26,97436.07,146084.0,7,13,3,2,0.0198,4,0,0,2,0.29,0
ACC02778,664,248,2478.1,139,109,274659.81,233688.79,69,62,0,4,0.044,1,1,0,1,0.1805,0
ACC02779,191,224,7755.35,143,81,1174219.3,704077.61,138,81,19,103,0.194,25,4,4,8,0.8599,1
ACC02780,561,63,2822.2,30,33,92057.14,81535.32,21,15,0,4,0.101,1,0,0,2,0.2763,0
ACC02781,454,38,5960.73,18,20,90597.86,140339.49,12,9,6,1,0.0071,1,1,2,2,0.078,0
ACC02782,810,48,3079.1,27,21,83674.96,69865.81,23,13,1,1,0.0121,1,2,2,0,0.1993,0
ACC02783,330,332,27097.3,205,127,5053073.28,4185437.88,148,127,11,117,0.5002,20,6,8,6,0.9622,1
ACC02784,108,233,22595.64,182,51,4932110.74,1330415.29,170,41,12,95,0.4814,17,4,5,5,0.8854,1
ACC02785,495,53,1253.26,30,23,44315.26,35170.06,20,8,3,3,0.06,2,1,2,1,0.3374,0
ACC02786,363,29,1121.16,13,16,16266.67,15944.18,13,8,0,3,0.0136,2,1,0,1,0.1681,0
ACC02787,603,33,2402.04,14,19,32842.59,47061.06,9,10,4,4,0.0577,0,1,2,2,0.2065,0
ACC02788,855,52,3442.31,33,19,93079.15,63117.76,12,10,2,2,0.0965,1,0,0,0,0.2862,0
ACC02789,5000,35,2793.02,20,15,45405.91,29560.88,12,10,1,0,0.0072,2,0,1,0,0.4024,0
ACC02790,1827,72,2265.61,40,32,102464.14,65826.99,24,21,0,0,0.0586,2,1,4,2,0.4473,0
ACC02791,320,435,13235.35,294,141,4107453.08,1869251.0,256,113,14,161,0.48,29,7,7,8,0.9646,1
ACC02792,538,33,724.62,19,14,16542.8,7323.67,4,10,3,2,0.0233,1,0,1,1,0.2588,0
ACC02793,292,156,7269.22,119,37,956251.4,264255.21,71,37,12,66,0.3699,23,3,5,9,0.7652,1
ACC02794,1352,105,5759.4,67,38,312130.9,165874.76,27,15,0,1,0.0758,1,0,0,1,0.1208,0
ACC02795,808,28,2913.71,10,18,36904.54,41955.56,8,11,0,1,0.1221,2,2,1,0,0.2525,0
ACC02796,175,294,11098.76,230,64,2797951.65,646171.85,198,60,10,94,0.2226,18,5,11,4,0.9291,1
ACC02797,325,102,16582.38,76,26,1281818.59,387185.47,76,26,10,31,0.4398,20,4,6,1,0.9566,1
ACC02798,173,487,10249.21,331,156,3793510.62,1593474.67,258,142,16,205,0.4352,26,4,5,7,0.7377,1
ACC02799,853,56,1124.61,27,29,40745.79,37046.14,4,12,1,1,0.0262,1,0,0,2,0.319,0
ACC02800,34,153,17388.98,106,47,1570596.26,710229.95,83,45,25,67,0.5005,18,7,5,1,0.7484,1
ACC02801,470,75,590.92,33,42,17596.96,18860.71,15,20,2,0,0.0122,3,0,2,1,0.3302,0
ACC02802,927,49,2655.98,22,27,61123.02,69583.56,10,20,1,6,0.1043,2,0,0,1,0.5006,0
ACC02803,1035,54,1706.16,29,25,61629.54,53117.35,5,9,4,2,0.0211,1,1,1,0,0.1869,0
ACC02804,363,67,8758.11,37,30,286913.7,257729.63,19,13,2,5,0.0204,0,0,1,0,0.1065,0
ACC02805,801,47,5115.52,21,26,89567.28,100369.38,6,15,3,2,0.0373,0,0,3,2,0.1873,0
ACC02806,500,103,29409.11,77,26,2434420.31,812747.12,77,5,14,51,0.2575,32,9,4,5,0.922,1
ACC02807,2180,34,1922.92,14,20,23401.47,42490.22,7,15,2,0,0.0498,2,1,1,1,0.2117,0
ACC02808,100,385,27700.28,209,176,5433483.02,5073241.99,174,156,15,142,0.2445,25,10,10,1,0.9225,1
ACC02809,1478,37,2148.47,17,20,29346.24,52520.79,2,6,0,2,0.0329,1,1,0,0,0.2401,0
ACC02810,548,35,2869.76,15,20,46259.72,56877.45,6,12,2,4,0.0214,1,0,0,1,0.1622,0
ACC02811,3272,63,4580.33,32,31,117755.81,112961.04,9,12,2,3,0.0821,2,2,0,0,0.2874,0
ACC02812,433,26,1742.54,11,15,25226.78,23818.48,2,3,2,0,0.0679,1,0,3,0,0.2331,0
ACC02813,701,89,1248.17,36,53,49333.89,66091.69,8,27,1,1,0.0064,1,1,2,0,0.3317,0
ACC02814,62,276,17944.58,215,61,4530029.74,1173971.81,173,45,16,103,0.2386,23,6,10,6,0.9871,1
ACC02815,1436,62,3621.54,29,33,120946.3,108886.68,17,26,2,2,0.0119,0,2,2,0,0.4374,0
ACC02816,848,94,3574.29,57,37,186474.93,111820.92,23,18,3,2,0.0337,0,0,2,1,0.1645,0
ACC02817,1500,62,4592.29,31,31,139253.13,172865.56,15,13,2,4,0.1278,1,0,1,2,0.3095,0
ACC02818,711,28,3717.74,11,17,47232.03,65206.88,2,8,1,2,0.072,4,2,2,0,0.3058,0
ACC02819,836,11,1197.12,3,8,2740.18,10745.59,2,4,2,0,0.0896,5,0,1,0,0.2681,0
ACC02820,275,36,5754.59,15,21,88731.32,134106.82,5,14,1,4,0.0088,1,0,2,0,0.399,0
ACC02821,77,150,12424.33,88,62,1362639.38,737249.32,62,49,12,56,0.4465,32,5,7,3,0.7923,1
ACC02822,96,107,5261.99,63,44,334306.83,217312.38,27,37,18,49,0.3158,25,10,3,2,0.8394,1
ACC02823,118,315,16392.81,245,70,4631471.73,1079468.14,208,46,15,117,0.4122,31,5,4,1,0.9215,1
ACC02824,130,158,10597.09,88,70,1156379.52,693532.03,69,69,11,47,0.4102,17,11,11,5,0.8632,1
ACC02825,872,23,1770.35,13,10,26092.52,18968.87,6,7,2,0,0.0849,4,0,1,2,0.4099,0
ACC02826,426,31,2515.65,15,16,35513.97,49261.81,2,9,3,2,0.0077,2,0,0,0,0.1855,0
ACC02827,166,184,5764.17,100,84,659019.08,412751.09,70,84,9,73,0.3547,25,6,5,1,0.7801,1
ACC02828,996,67,887.64,38,29,34879.91,18223.03,14,9,4,4,0.0308,2,1,0,0,0.0559,0
ACC02829,143,137,34353.4,77,60,2941793.68,2113109.37,50,60,18,49,0.3859,23,3,6,7,0.8869,1
ACC02830,881,70,5534.03,30,40,184349.52,278873.16,14,18,4,4,0.1524,2,1,3,0,0.3621,0
ACC02831,127,368,13825.45,286,82,3366356.12,1249818.54,250,59,12,164,0.2092,20,13,5,5,0.9856,1
ACC02832,892,28,3352.55,11,17,30546.27,47517.19,2,10,2,2,0.0842,1,0,0,0,0.2804,0
ACC02833,509,393,39406.61,234,159,8328613.02,5710965.53,219,117,7,147,0.1934,32,5,5,5,0.8168,1
ACC02834,1699,34,850.98,19,15,19670.39,11822.35,6,15,0,6,0.0279,1,2,1,0,0.1255,0
ACC02835,63,251,17558.19,195,56,2918578.0,953406.71,179,53,19,93,0.4594,22,9,2,2,0.7764,1
ACC02836,855,134,5502.59,83,51,610776.14,352074.14,35,22,1,1,0.0715,3,0,5,1,0.4185,0
ACC02837,26,247,19056.83,166,81,2890695.21,1649929.53,150,70,13,95,0.3975,24,12,4,3,0.8476,1
ACC02838,151,220,10770.12,138,82,1389157.5,969392.81,118,72,14,80,0.5367,27,5,6,3,0.855,1
ACC02839,606,121,4041.53,65,56,273824.44,199147.56,38,39,3,3,0.0078,4,0,1,1,0.175,0
ACC02840,570,20,3128.47,12,8,35781.6,20747.24,8,4,1,2,0.0424,1,1,0,1,0.2574,0
ACC02841,1936,32,3537.14,17,15,50437.2,65047.53,4,11,1,0,0.0535,2,0,4,2,0.2434,0
ACC02842,107,136,8965.97,80,56,793985.83,477742.42,59,44,16,50,0.1702,28,9,5,3,0.6328,1
ACC02843,1500,38,4844.59,23,15,134127.61,57910.51,13,10,2,2,0.0354,0,0,0,0,0.3608,0
ACC02844,475,28,1674.52,16,12,20629.62,19009.27,5,8,3,2,0.0813,0,1,0,0,0.1587,0
ACC02845,2187,36,1369.71,21,15,31727.65,24729.75,9,6,2,3,0.0189,1,2,1,0,0.0843,0
ACC02846,590,23,751.26,13,10,10248.16,7693.11,2,4,0,0,0.002,2,0,2,0,0.1312,0
ACC02847,1903,83,1272.37,45,38,57021.15,52709.22,16,22,4,2,0.0768,0,0,3,0,0.2789,0
ACC02848,1610,57,2253.99,32,25,82670.49,57392.25,8,9,3,2,0.0482,2,1,1,2,0.2522,0
ACC02849,118,209,7072.07,106,103,898522.05,889098.64,77,89,14,84,0.2935,36,6,7,4,0.5478,1
ACC02850,1057,39,3742.69,17,22,54447.3,62986.89,7,19,2,2,0.0297,3,1,1,0,0.1607,0
ACC02851,815,106,2387.54,48,58,97426.47,136885.47,30,28,2,1,0.0393,0,1,2,2,0.4629,0
ACC02852,313,197,1288.53,112,85,193923.44,76808.56,49,48,2,1,0.1095,1,1,2,0,0.4718,0
ACC02853,84,291,29851.6,211,80,7431911.54,2355907.98,175,69,14,101,0.406,15,1,8,5,0.6388,1
ACC02854,2366,61,2843.81,23,38,72309.44,105085.73,5,18,3,0,0.0448,5,0,1,0,0.1707,0
ACC02855,973,20,2799.16,7,13,18741.17,31202.75,3,2,0,1,0.0343,3,0,1,0,0.0439,0
ACC02856,2170,38,4886.55,19,19,117797.77,89106.38,3,6,0,2,0.1337,0,1,1,0,0.1546,0
ACC02857,144,345,10858.93,242,103,3233229.25,1079211.92,224,103,12,137,0.3162,22,8,1,7,0.9041,1
ACC02858,572,14,1842.5,8,6,17669.63,13149.33,3,6,0,1,0.1151,0,0,1,0,0.2364,0
ACC02859,1143,28,2408.32,15,13,33216.6,29230.25,4,10,2,1,0.165,1,0,1,0,0.1975,0
ACC02860,1166,70,1015.18,36,34,45769.85,42119.01,26,13,2,2,0.0304,0,0,4,0,0.5323,0
ACC02861,275,47,913.65,18,29,13754.71,19773.36,7,20,4,0,0.0302,2,1,3,1,0.1513,0
ACC02862,493,19,5494.07,6,13,42300.85,72876.58,5,8,2,0,0.0335,1,1,1,0,0.3193,0
ACC02863,5000,37,1955.47,21,16,49769.0,38776.63,10,2,0,1,0.0126,4,0,0,0,0.2843,0
ACC02864,991,32,2804.89,18,14,65753.01,36657.69,2,2,1,2,0.0518,2,0,2,1,0.3692,0
ACC02865,1569,54,4192.77,25,29,118455.0,107683.08,7,20,2,6,0.0657,1,1,1,0,0.38,0
ACC02866,652,58,1370.25,30,28,37790.6,45200.9,18,9,2,3,0.049,3,0,0,0,0.2342,0
ACC02867,1280,60,1073.1,24,36,31385.08,33343.48,11,26,2,2,0.0384,2,0,1,0,0.2741,0
ACC02868,1297,53,1874.87,30,23,68381.33,51221.81,19,13,1,1,0.0529,2,0,1,2,0.2829,0
ACC02869,2112,53,5982.44,32,21,241959.94,150618.5,18,7,1,6,0.0539,2,2,1,2,0.207,0
ACC02870,404,485,6984.68,343,142,2743729.1,1094752.12,280,142,7,170,0.5224,29,7,6,3,0.5843,1
ACC02871,72,100,25428.69,56,44,1434126.63,1130716.91,56,19,16,35,0.2694,28,8,9,6,0.7287,1
ACC02872,1778,82,1156.27,49,33,71727.28,47038.97,29,19,1,1,0.0272,1,1,1,1,0.1841,0
ACC02873,1478,23,1252.67,8,15,8621.75,18241.53,3,14,1,1,0.0235,1,0,0,0,0.4287,0
ACC02874,2322,57,8103.21,31,26,312281.93,222119.54,13,19,4,6,0.0886,1,1,0,0,0.2735,0
ACC02875,572,23,1820.43,11,12,19879.27,17505.62,3,8,3,2,0.0944,1,1,1,0,0.2129,0
ACC02876,1108,96,6516.05,45,51,352067.49,263464.26,12,28,1,2,0.0144,1,1,1,0,0.2051,0
ACC02877,566,65,1614.44,28,37,45591.9,71233.69,8,27,4,1,0.0475,1,1,1,2,0.2243,0
ACC02878,274,24,8499.2,9,15,94318.21,132041.51,9,10,4,2,0.0828,1,2,1,0,0.236,0
ACC02879,71,235,7317.41,174,61,1251987.91,472126.37,151,49,19,90,0.2125,16,3,4,5,0.9781,1
ACC02880,713,38,1401.46,19,19,32340.44,21870.5,10,6,4,1,0.0134,2,1,0,0,0.26,0
ACC02881,60,463,15700.42,365,98,6340189.07,1631731.46,303,89,12,165,0.523,26,8,2,6,0.8321,1
ACC02882,1890,137,2077.16,58,79,135862.37,195678.13,25,38,1,1,0.1459,0,1,0,0,0.1974,0
ACC02883,2045,42,1408.88,19,23,34186.7,30636.73,8,12,2,4,0.049,0,0,1,0,0.1734,0
ACC02884,257,52,1552.51,22,30,35637.07,38855.71,7,9,2,4,0.0448,2,0,1,0,0.1505,0
ACC02885,946,22,2629.32,11,11,22891.3,23720.52,2,5,2,1,0.0219,2,0,1,2,0.1491,0
ACC02886,78,557,26553.5,407,150,9557444.5,3732770.81,356,131,19,190,0.4075,21,8,7,5,0.8832,1
ACC02887,1342,42,1069.63,16,26,16136.98,25414.8,2,15,0,2,0.0637,4,1,1,1,0.2178,0
ACC02888,429,43,2845.16,19,24,43289.88,71206.72,9,16,4,1,0.0774,1,1,0,2,0.4944,0
ACC02889,184,334,10049.83,187,147,1925427.15,1276239.78,162,112,14,121,0.4057,22,2,9,3,0.7292,1
ACC02890,1525,73,1962.41,35,38,86307.55,56070.22,4,21,0,1,0.0371,1,1,5,1,0.1814,0
ACC02891,203,79,23021.6,62,17,1445915.25,467129.08,62,17,11,28,0.2995,27,9,6,5,0.8209,1
ACC02892,811,115,4356.35,43,72,178638.59,355627.45,18,34,1,1,0.0243,1,1,0,0,0.1879,0
ACC02893,92,213,10367.3,116,97,1112000.09,1053631.75,98,95,12,88,0.4434,30,6,6,7,0.8468,1
ACC02894,494,37,2919.43,20,17,72827.13,61004.96,7,8,4,0,0.0131,1,0,3,0,0.5058,0
ACC02895,309,20,5579.73,7,13,37454.11,92610.78,2,11,1,3,0.1273,2,1,2,1,0.1944,0
ACC02896,2515,14,3679.47,6,8,21217.63,28885.38,2,6,1,1,0.0011,4,0,1,0,0.2682,0
ACC02897,1225,18,5035.57,10,8,66919.3,41835.44,9,7,2,0,0.0151,3,1,1,0,0.4308,0
ACC02898,515,75,2140.19,29,46,67882.56,69950.46,16,26,0,2,0.0258,0,2,1,2,0.1152,0
ACC02899,155,396,5110.66,308,88,1639759.93,435236.84,254,88,7,138,0.3198,25,9,4,8,0.9882,1
ACC02900,361,383,10651.92,230,153,2204535.11,1613443.41,189,109,16,153,0.4527,26,4,3,4,0.8791,1
ACC02901,2447,38,3292.14,22,16,85864.93,60558.0,18,5,0,4,0.0794,1,1,1,1,0.2863,0
ACC02902,37,90,32786.09,64,26,1844041.0,1001979.05,45,15,12,46,0.4829,25,6,3,7,0.9545,1
ACC02903,152,328,7941.27,233,95,1750469.18,683391.5,197,81,17,119,0.5846,25,7,7,3,0.9089,1
ACC02904,2017,22,1433.73,8,14,11276.77,20413.1,2,14,2,0,0.0963,2,0,0,2,0.2929,0
ACC02905,1488,22,3737.76,7,15,34809.83,57942.16,2,2,2,4,0.0176,1,0,0,1,0.3076,0
ACC02906,42,177,12541.2,94,83,1416440.51,889221.81,80,83,15,76,0.5225,26,5,5,3,0.8739,1
ACC02907,1334,27,2752.32,12,15,37449.27,40231.49,12,5,1,3,0.0559,0,0,3,1,0.241,0
ACC02908,1841,14,1769.22,5,9,9888.61,16854.27,2,2,0,1,0.0147,3,0,1,0,0.5282,0
ACC02909,858,20,1864.88,7,13,13304.45,27306.65,2,10,2,1,0.045,1,1,0,1,0.4783,0
ACC02910,403,29,3747.18,13,16,61600.46,65861.75,11,7,3,0,0.0907,0,0,2,0,0.2812,0
ACC02911,1165,17,5814.05,8,9,37846.45,46143.32,5,9,2,1,0.0274,1,1,1,0,0.1747,0
ACC02912,2416,72,2218.24,43,29,88059.03,57997.32,19,14,4,2,0.0039,0,0,1,0,0.1819,0
ACC02913,1814,150,1806.75,82,68,157089.28,156858.1,32,26,0,0,0.0441,2,0,2,0,0.4491,0
ACC02914,1212,19,6613.28,12,7,97069.63,44273.84,2,2,0,3,0.0036,1,1,2,2,0.5449,0
ACC02915,155,385,17123.76,304,81,4771934.28,1701143.87,257,57,7,173,0.2541,28,5,9,3,0.7234,1
ACC02916,34,88,6552.99,48,40,281180.43,299842.89,48,11,16,36,0.2214,25,5,4,4,0.6464,1
ACC02917,2700,47,3808.4,24,23,98114.26,104990.56,11,6,3,0,0.0404,0,1,3,1,0.2176,0
ACC02918,687,70,2682.73,34,36,88326.95,111789.22,15,16,2,3,0.0485,1,0,0,1,0.2193,0
ACC02919,50,165,12140.89,109,56,1299618.36,663552.31,87,45,10,65,0.4252,21,6,5,2,0.8809,1
ACC02920,619,60,3697.77,35,25,148227.66,84997.13,15,11,2,2,0.0367,0,1,1,1,0.1516,0
ACC02921,73,142,29604.19,85,57,2527219.09,1461761.51,77,57,17,46,0.3701,31,3,3,1,0.7325,1
ACC02922,659,75,2413.27,41,34,107076.31,74086.5,2,25,3,1,0.1005,2,1,1,0,0.1995,0
ACC02923,1251,48,1106.01,25,23,36409.84,26500.74,10,8,2,5,0.0901,0,1,1,0,0.276,0
ACC02924,434,70,3316.39,24,46,98228.57,150600.22,16,14,1,5,0.0544,1,1,3,0,0.2116,0
ACC02925,819,28,1890.41,12,16,17757.94,30167.87,2,11,0,1,0.0622,1,3,2,0,0.222,0
ACC02926,536,47,1690.22,26,21,46624.79,41501.93,7,20,2,3,0.0176,1,0,0,0,0.373,0
ACC02927,1282,40,3064.88,22,18,69504.9,63243.34,10,14,4,0,0.0337,2,0,1,1,0.3808,0
ACC02928,608,24,1435.22,13,11,17814.52,16372.56,8,2,3,3,0.0367,1,0,3,1,0.1408,0
ACC02929,39,239,26410.88,151,88,3722621.01,2705614.73,95,82,21,85,0.3385,24,9,5,4,0.9588,1
ACC02930,48,136,5611.72,78,58,523508.58,377583.41,64,57,14,64,0.5598,24,8,6,4,0.9524,1
ACC02931,190,89,9043.45,49,40,527640.53,310540.0,49,40,14,29,0.5622,27,6,1,5,0.8063,1
ACC02932,1040,42,4443.47,20,22,92520.83,72781.11,12,13,2,4,0.086,3,1,1,1,0.2872,0
ACC02933,110,174,19410.49,110,64,2098401.11,1368343.27,98,47,13,66,0.3447,29,8,3,3,0.9295,1
ACC02934,566,42,7102.53,15,27,114880.09,243931.29,3,11,3,1,0.0409,2,0,1,0,0.345,0
ACC02935,71,324,8918.61,201,123,1654479.96,1211890.36,181,117,19,121,0.2872,24,5,7,5,0.6591,1
ACC02936,2051,31,1990.91,13,18,20635.86,43666.61,2,2,3,3,0.0146,1,0,2,2,0.2195,0
ACC02937,861,55,794.13,23,32,20981.48,24383.44,2,15,3,2,0.046,3,0,1,1,0.1318,0
ACC02938,1544,32,4768.39,15,17,79074.18,104992.9,5,12,5,0,0.0307,0,0,1,0,0.191,0
ACC02939,977,12,5163.88,7,5,40807.14,18185.12,2,2,4,3,0.1029,1,0,1,1,0.5843,0
ACC02940,81,132,17129.27,94,38,1925889.02,622037.29,57,36,12,48,0.1535,25,8,6,8,0.7441,1
ACC02941,729,173,866.96,106,67,118418.86,43269.32,57,37,3,4,0.009,2,1,1,2,0.2366,0
ACC02942,2287,114,4570.84,51,63,277345.37,221953.42,23,25,1,4,0.0188,3,0,1,0,0.3001,0
ACC02943,548,22,3741.29,11,11,38682.33,34645.99,3,3,1,1,0.0912,2,0,2,0,0.1731,0
ACC02944,1585,67,4134.47,33,34,130885.68,113948.15,15,16,0,1,0.0382,1,0,0,1,0.2574,0
ACC02945,1942,43,2234.07,21,22,36758.57,47122.63,16,11,1,3,0.0545,1,1,1,2,0.2073,0
ACC02946,460,29,2033.42,15,14,34933.67,19933.79,2,11,1,0,0.0522,1,0,1,1,0.1722,0
ACC02947,943,17,4463.89,9,8,32435.37,28027.78,2,8,3,3,0.03,3,0,0,0,0.1174,0
ACC02948,1109,87,3485.4,43,44,148567.3,169163.24,18,30,3,1,0.0316,1,1,2,0,0.4639,0
ACC02949,863,19,1506.11,11,8,13108.9,15033.55,11,2,3,6,0.0063,1,2,0,3,0.1856,0
ACC02950,725,37,2004.61,13,24,25188.9,56622.8,2,11,1,1,0.1,1,0,0,1,0.2599,0
ACC02951,239,434,6590.89,303,131,1714825.12,1037930.96,234,108,13,168,0.4028,21,7,9,4,0.8542,1
ACC02952,160,156,12799.12,105,51,1538533.2,811679.73,85,51,15,51,0.5149,22,1,6,6,0.9065,1
ACC02953,160,138,13190.45,104,34,1502251.68,515737.9,65,34,9,42,0.2542,24,3,4,3,0.8527,1
ACC02954,386,33,3165.64,17,16,63822.59,50098.21,2,8,0,2,0.115,2,1,1,0,0.4371,0
ACC02955,1270,34,2524.13,20,14,42039.52,37258.63,12,5,1,3,0.0331,0,1,0,1,0.4862,0
ACC02956,473,36,2062.55,12,24,25865.89,56798.58,2,10,2,1,0.0396,0,0,1,1,0.2709,0
ACC02957,2238,70,6592.74,35,35,303790.74,203035.54,19,20,2,2,0.0135,1,1,0,1,0.271,0
ACC02958,1021,90,4235.55,35,55,143676.7,265199.16,16,31,1,1,0.0119,1,0,1,0,0.2395,0
ACC02959,475,27,5713.45,16,11,120097.27,56703.56,2,2,3,1,0.0258,1,0,0,0,0.4349,0
ACC02960,1334,51,1561.45,26,25,34767.1,49344.9,4,11,2,0,0.0222,2,1,0,1,0.2255,0
ACC02961,697,22,812.91,12,10,7507.41,7266.83,6,2,0,3,0.0324,0,0,4,0,0.3377,0
ACC02962,778,50,2432.77,18,32,58482.24,95823.85,4,23,2,2,0.0541,0,0,1,1,0.1088,0
ACC02963,508,97,1605.96,59,38,121230.81,78897.8,35,28,0,2,0.1079,4,0,1,0,0.259,0
ACC02964,713,21,1050.64,8,13,10426.44,13816.38,3,9,0,1,0.0323,4,0,0,1,0.0909,0
ACC02965,54,205,12475.46,154,51,2123344.72,674948.18,117,51,15,85,0.1322,25,8,8,5,0.6945,1
ACC02966,282,17,775.89,8,9,7707.5,6472.97,2,2,2,2,0.1552,1,1,1,0,0.5427,0
ACC02967,598,26,1576.16,9,17,12633.0,21458.68,2,9,3,1,0.0846,1,0,1,0,0.2154,0
ACC02968,85,308,23375.33,239,69,6402627.37,1948244.98,179,69,17,113,0.2925,21,9,9,4,0.592,1
ACC02969,725,27,2098.28,16,11,43342.57,22660.91,3,10,1,2,0.037,2,0,0,0,0.1017,0
ACC02970,85,148,4115.63,81,67,297905.78,249771.09,66,59,12,50,0.424,24,5,7,3,0.8195,1
ACC02971,79,466,15083.1,240,226,3454540.61,3180081.74,203,198,12,185,0.3228,23,8,5,3,0.8892,1
ACC02972,454,28,7014.39,10,18,66787.5,126820.26,9,10,4,3,0.0427,1,1,2,1,0.2679,0
ACC02973,2073,26,1620.67,12,14,19355.61,16375.22,6,14,3,4,0.0189,0,1,0,2,0.1204,0
ACC02974,1563,43,4745.85,16,27,98145.9,121557.8,2,7,1,1,0.0815,3,0,0,1,0.2731,0
ACC02975,481,80,1537.86,29,51,57122.83,79568.01,6,24,2,1,0.0218,3,1,0,2,0.3188,0
ACC02976,1539,11,6324.66,4,7,21080.48,51274.28,2,7,1,2,0.106,3,0,1,1,0.3706,0
ACC02977,3079,48,1943.19,24,24,38762.52,34991.98,10,22,5,2,0.0139,2,0,1,0,0.1398,0
ACC02978,264,124,9553.46,85,39,907593.77,343151.57,85,39,9,51,0.4505,26,1,4,5,0.9044,1
ACC02979,1942,20,2339.93,8,12,23688.34,28513.29,2,8,2,7,0.0808,2,1,0,0,0.1371,0
ACC02980,48,261,12790.32,170,91,2578757.71,1429724.08,140,84,20,106,0.1664,26,8,4,4,0.7996,1
ACC02981,1393,18,4021.17,8,10,40067.98,40765.06,6,8,6,2,0.1216,2,1,0,2,0.5077,0
ACC02982,135,378,7636.47,214,164,1996694.74,1246187.85,181,158,13,155,0.4302,30,9,2,3,0.6582,1
ACC02983,1103,26,1020.77,13,13,10505.88,9800.16,7,2,3,3,0.0473,1,0,2,1,0.282,0
ACC02984,76,143,30056.72,102,41,2974926.57,1298415.59,82,21,10,48,0.3392,27,5,4,2,0.6575,1
ACC02985,312,310,4662.42,172,138,956213.49,734560.11,143,101,7,121,0.5307,24,7,9,2,0.7162,1
ACC02986,1314,56,7593.36,23,33,225845.09,319803.09,4,13,3,2,0.0126,0,0,1,1,0.1677,0
ACC02987,49,589,7851.39,395,194,3067627.23,1551768.61,313,159,10,221,0.0804,23,7,5,3,0.8262,1
ACC02988,538,34,813.46,20,14,16926.68,11309.48,7,11,1,1,0.0426,0,1,1,0,0.4117,0
ACC02989,91,128,8824.37,66,62,726573.22,506712.54,62,49,15,46,0.4056,23,6,2,5,0.6106,1
ACC02990,2503,68,4428.89,41,27,241614.39,144288.22,28,7,3,1,0.0301,0,1,2,0,0.2025,0
ACC02991,765,71,2111.99,44,27,70149.78,58751.46,27,12,3,0,0.0042,0,0,0,0,0.238,0
ACC02992,70,104,11755.14,78,26,1085514.34,291008.03,67,26,15,37,0.2921,21,4,9,6,0.8839,1
ACC02993,1251,40,1595.51,20,20,36450.31,34320.98,7,18,3,6,0.063,1,1,0,0,0.2699,0
ACC02994,525,65,1657.72,38,27,71561.05,42235.09,15,6,2,0,0.0484,1,0,1,3,0.2643,0
ACC02995,328,181,18759.89,93,88,1840616.54,1577106.16,84,88,14,66,0.6458,30,7,8,4,0.9746,1
ACC02996,1724,52,1020.31,26,26,28832.25,20570.61,15,19,2,2,0.0192,1,0,0,0,0.1705,0
ACC02997,381,23,4787.1,14,9,89806.94,51887.25,10,9,3,2,0.0264,2,0,2,2,0.3158,0
ACC02998,938,29,1474.02,17,12,28949.87,22493.29,2,8,1,0,0.0148,2,3,0,0,0.2079,0
ACC02999,90,204,13611.53,134,70,1695169.65,853799.69,126,70,12,88,0.4422,23,4,6,2,0.8734,1
ACC03000,796,21,2390.54,12,9,35906.85,23851.15,2,7,2,1,0.0657,0,0,0,0,0.4728,0
ACC03001,161,781,10766.62,599,182,6052550.46,2067628.06,537,182,10,295,0.4603,25,9,4,5,0.6456,1
ACC03002,443,55,1173.93,21,34,19911.97,33400.84,15,24,2,1,0.0462,3,0,0,1,0.253,0
ACC03003,1118,50,1984.07,31,19,80993.26,39161.36,10,9,1,1,0.0265,1,0,1,0,0.1846,0
ACC03004,1988,26,18976.0,15,11,299521.53,197383.11,11,11,3,2,0.0228,0,1,1,0,0.3635,0
ACC03005,1084,66,1503.67,34,32,65925.5,42278.0,16,19,0,2,0.0194,1,0,0,2,0.4656,0
ACC03006,925,126,1003.62,55,71,66152.45,78506.89,28,39,2,3,0.0572,2,0,1,0,0.2027,0
ACC03007,587,37,2286.6,21,16,51511.19,46845.4,6,9,2,2,0.1052,2,1,1,0,0.1771,0
ACC03008,453,88,7644.34,31,57,189591.03,537939.57,12,25,4,2,0.0145,2,0,0,0,0.3245,0
ACC03009,166,132,6233.45,73,59,553846.32,417390.84,33,59,17,51,0.3704,23,7,4,1,0.9007,1
ACC03010,262,179,15507.65,131,48,2171629.09,915398.01,110,7,14,83,0.4953,29,4,5,4,0.9612,1
ACC03011,3430,65,1548.92,26,39,33700.47,47776.87,17,20,2,0,0.0848,2,0,2,0,0.3927,0
ACC03012,875,68,6535.8,29,39,232874.7,295953.13,15,22,2,1,0.1209,3,0,0,1,0.2737,0
ACC03013,582,168,2220.56,62,106,164079.07,215474.96,31,50,2,2,0.0199,0,0,1,1,0.2921,0
ACC03014,652,44,1939.29,18,26,42813.1,64746.97,14,16,0,2,0.0294,3,0,0,1,0.1677,0
ACC03015,130,117,16516.97,71,46,1090194.55,703351.95,69,43,19,35,0.3599,26,5,8,7,0.6451,1
ACC03016,283,164,16467.36,124,40,2098367.36,667323.49,75,34,26,71,0.2203,27,3,2,5,0.8945,1
ACC03017,1436,35,2957.45,14,21,46892.02,52991.49,11,13,1,3,0.0694,0,0,0,0,0.2322,0
ACC03018,184,308,9613.07,192,116,2273978.91,996754.46,139,105,24,119,0.2086,27,7,7,4,0.9324,1
ACC03019,1871,23,1214.9,11,12,16512.11,15888.94,2,8,2,2,0.0218,0,0,2,0,0.1901,0
ACC03020,750,39,2852.81,13,26,37855.94,54836.35,5,22,2,1,0.0997,1,3,1,0,0.1007,0
ACC03021,931,50,1669.84,29,21,43395.56,35883.59,22,17,5,3,0.0122,2,0,2,2,0.2803,0
ACC03022,1663,29,3729.06,18,11,80374.01,46016.56,11,4,1,7,0.0445,0,0,0,0,0.5466,0
ACC03023,57,218,8480.53,110,108,958796.18,860985.36,99,86,10,78,0.1753,30,7,4,5,0.946,1
ACC03024,569,63,3642.42,33,30,95158.5,103335.84,13,12,4,2,0.0167,0,2,1,1,0.1703,0
ACC03025,2434,43,5699.21,21,22,95722.94,105327.84,3,17,2,3,0.0688,1,1,2,1,0.2524,0
ACC03026,56,305,34208.28,226,79,8051469.15,3284404.25,180,79,15,92,0.2571,34,12,4,6,0.8127,1
ACC03027,1038,18,3998.07,9,9,32216.59,44832.05,3,9,0,2,0.0253,1,0,0,0,0.2769,0
ACC03028,2663,59,1636.14,28,31,49179.41,46175.68,5,13,3,1,0.1024,2,1,1,0,0.2887,0
ACC03029,995,9,3894.04,5,4,20204.33,18109.34,2,4,2,0,0.2808,2,0,1,0,0.2619,0
ACC03030,1518,99,16660.72,62,37,787239.83,580557.94,30,17,3,1,0.0979,0,1,0,1,0.1635,0
ACC03031,840,41,1852.36,18,23,41439.75,39301.71,13,10,3,4,0.0387,2,1,1,1,0.3357,0
ACC03032,253,172,64222.76,129,43,10131842.19,3092604.37,123,43,13,57,0.2205,27,5,4,2,0.7309,1
ACC03033,1516,47,1243.05,19,28,18439.37,30513.37,18,15,1,4,0.0379,1,2,1,2,0.3562,0
ACC03034,841,31,3115.24,12,19,46522.07,70495.06,6,13,1,3,0.0466,1,1,2,0,0.2156,0
ACC03035,526,99,1963.68,35,64,84811.84,144370.77,13,35,1,2,0.1397,0,0,2,0,0.1704,0
ACC03036,1946,61,3065.64,29,32,83632.62,86329.04,15,12,3,1,0.0852,3,1,0,2,0.477,0
ACC03037,142,188,8125.8,138,50,1066522.89,459248.15,138,50,9,69,0.4145,27,2,5,6,0.8378,1
ACC03038,4196,18,4474.25,10,8,42111.4,29540.84,3,8,3,0,0.1272,0,0,2,0,0.3331,0
ACC03039,114,111,10941.53,78,33,1016625.34,416156.93,71,24,11,41,0.4424,30,7,6,1,0.7984,1
ACC03040,749,33,1648.85,20,13,27846.69,25220.59,3,3,2,0,0.127,2,0,3,0,0.191,0
ACC03041,87,370,6513.29,242,128,1538866.98,731469.53,201,113,18,145,0.4486,24,5,7,4,0.8992,1
ACC03042,1767,89,1971.68,41,48,73315.09,89592.12,18,19,1,2,0.0534,1,0,0,1,0.4432,0
ACC03043,638,59,1057.5,21,38,20006.28,30121.72,2,14,3,2,0.0337,3,1,2,2,0.4191,0
ACC03044,72,300,54467.02,191,109,11664539.61,6615643.39,164,97,12,112,0.4497,13,6,7,8,0.7702,1
ACC03045,1040,49,346.28,17,32,5600.81,9851.54,11,20,0,2,0.1154,3,0,4,1,0.4577,0
ACC03046,530,31,3439.73,15,16,52984.3,42657.71,2,2,2,1,0.017,2,0,2,1,0.4672,0
ACC03047,2120,112,1679.66,66,46,147886.85,80898.51,31,21,1,3,0.0521,2,2,2,0,0.2972,0
ACC03048,755,207,10421.55,162,45,1726904.95,546671.14,119,42,11,79,0.5083,24,4,4,4,0.9324,1
ACC03049,319,33,1994.73,19,14,42503.51,32090.22,7,10,4,6,0.0327,0,0,0,1,0.3627,0
ACC03050,1304,40,2234.19,24,16,43481.61,34725.24,14,14,0,3,0.0458,1,0,0,0,0.1438,0
ACC03051,292,69,10381.78,40,29,488447.79,282762.45,24,12,16,30,0.4208,21,9,9,5,0.9087,1
ACC03052,594,82,1938.66,42,40,92041.9,75534.12,14,16,2,0,0.074,0,1,0,1,0.1242,0
ACC03053,1127,51,1875.8,19,32,27973.92,45690.76,19,13,3,0,0.0139,1,1,1,1,0.2707,0
ACC03054,344,30,1995.09,15,15,33934.56,35933.01,5,4,0,3,0.0784,1,2,0,0,0.1261,0
ACC03055,699,46,4863.75,27,19,159433.26,80155.76,18,8,1,2,0.0643,0,0,0,0,0.1934,0
ACC03056,1398,29,1238.96,11,18,14310.5,28825.87,3,9,3,1,0.08,2,0,2,0,0.4655,0
ACC03057,40,195,37717.42,101,94,4386502.82,3488587.04,88,82,12,61,0.5351,25,9,9,3,0.7836,1
ACC03058,556,34,1799.86,13,21,22039.95,28698.97,2,21,3,1,0.0708,3,0,1,1,0.1579,0
ACC03059,398,47,5095.57,21,26,124876.57,122554.72,14,10,2,1,0.0484,3,1,0,0,0.0788,0
ACC03060,199,462,22812.89,270,192,5429077.35,4776269.43,234,157,12,186,0.1298,19,10,1,9,0.7872,1
ACC03061,810,95,1421.14,44,51,67630.17,92856.24,22,27,3,1,0.037,5,0,1,3,0.3193,0
ACC03062,752,53,3597.69,29,24,101132.8,82337.15,12,15,2,1,0.0867,1,0,1,2,0.3438,0
ACC03063,620,49,8139.54,29,20,229718.27,145146.35,7,8,1,0,0.0379,2,1,0,0,0.2908,0
ACC03064,1522,56,3045.81,28,28,78671.96,60185.46,15,17,1,1,0.0284,0,0,3,1,0.1626,0
ACC03065,500,22,3356.33,12,10,51023.29,25082.49,2,2,0,1,0.0479,2,0,0,0,0.501,0
ACC03066,3062,125,2437.35,72,53,153400.78,164929.22,32,21,1,2,0.1077,0,0,3,1,0.3129,0
ACC03067,1219,63,1669.54,22,41,38515.82,61047.75,16,17,4,3,0.0793,0,1,2,0,0.4678,0
ACC03068,2591,30,7519.54,19,11,129050.29,101259.69,3,2,3,1,0.0491,3,0,1,0,0.3286,0
ACC03069,670,41,2760.23,26,15,88602.95,32007.93,13,2,0,1,0.0468,2,3,0,0,0.1874,0
ACC03070,26,594,14425.29,334,260,4700608.68,4115408.86,266,240,14,242,0.3454,16,7,4,1,0.8379,1
ACC03071,629,59,2104.74,32,27,86977.41,62396.1,5,18,2,2,0.0761,3,1,1,1,0.4014,0
ACC03072,1814,70,950.06,25,45,25028.02,45913.14,10,30,4,1,0.0367,0,1,1,2,0.1696,0
ACC03073,624,57,4375.11,24,33,111617.09,151863.75,19,12,2,3,0.0153,2,0,2,0,0.4848,0
ACC03074,38,641,6251.16,440,201,2548493.81,1253042.05,374,163,14,245,0.2139,27,9,6,4,0.9515,1
ACC03075,1226,36,3048.87,15,21,43413.6,74666.06,11,9,5,5,0.082,1,2,2,1,0.2798,0
ACC03076,790,82,5740.61,37,45,217816.31,246804.62,12,15,1,0,0.0128,3,0,0,2,0.2235,0
ACC03077,660,106,4872.14,43,63,174132.74,345574.22,17,35,0,2,0.0638,4,1,2,1,0.1533,0
ACC03078,1966,74,2803.34,45,29,111965.85,83819.05,19,22,3,2,0.0572,1,0,0,0,0.376,0
ACC03079,2013,48,2098.13,19,29,46447.19,45330.42,12,19,1,1,0.0502,1,0,2,0,0.1705,0
ACC03080,2454,49,3257.23,20,29,74678.68,98800.44,15,16,0,3,0.0381,2,1,0,0,0.3655,0
ACC03081,1978,33,1830.12,14,19,25422.52,44486.03,4,15,3,4,0.0311,2,0,1,1,0.2618,0
ACC03082,350,50,1556.87,31,19,47075.49,37329.49,12,18,2,1,0.0189,0,1,0,1,0.4401,0
ACC03083,124,269,54641.24,147,122,7209433.45,7020230.2,106,106,13,104,0.5303,23,3,4,4,0.8234,1
ACC03084,151,88,11057.96,61,27,833825.66,326537.47,61,25,8,30,0.4802,32,7,6,5,0.789,1
ACC03085,1187,50,2008.61,26,24,67542.36,58482.58,13,12,1,2,0.0144,1,0,0,0,0.1563,0
ACC03086,130,101,7139.49,54,47,456507.7,397964.33,41,41,12,48,0.3403,25,8,7,3,0.8857,1
ACC03087,280,316,6973.04,190,126,1183786.06,840165.32,160,118,9,121,0.5161,26,7,2,6,0.6231,1
ACC03088,479,21,844.07,8,13,9056.77,9284.95,5,5,0,1,0.0482,5,1,1,1,0.377,0
ACC03089,92,148,29967.24,80,68,2922232.83,2074562.5,80,64,21,58,0.3873,26,6,7,4,0.9579,1
ACC03090,349,522,15091.7,296,226,4899652.67,4202892.07,243,204,15,211,0.4402,23,11,1,2,0.8279,1
ACC03091,969,20,2114.96,10,10,27198.36,22878.28,10,10,2,4,0.0384,0,0,1,0,0.3598,0
ACC03092,374,71,7947.51,29,42,292206.56,273688.31,5,32,0,1,0.049,1,0,1,0,0.2669,0
ACC03093,401,57,4634.83,25,32,109833.53,130792.45,2,21,3,2,0.0474,1,0,2,0,0.1801,0
ACC03094,86,349,16735.11,176,173,2835565.12,3444348.96,142,147,12,141,0.3953,28,4,4,4,0.922,1
ACC03095,62,277,13727.6,152,125,2215664.63,1793283.16,137,109,11,120,0.2715,28,5,3,3,0.9375,1
ACC03096,565,22,2464.73,8,14,25658.58,29174.43,2,3,5,2,0.0135,1,0,4,3,0.3961,0
ACC03097,748,36,5896.01,20,16,101700.38,121556.38,4,13,1,2,0.0752,0,0,1,2,0.4226,0
ACC03098,407,48,4126.67,28,20,141039.96,68575.93,8,6,2,1,0.0535,1,1,1,0,0.1617,0
ACC03099,3782,46,7761.71,16,30,94011.75,196570.78,13,12,1,1,0.0376,0,1,3,0,0.5201,0
ACC03100,111,82,17365.7,63,19,959224.35,411567.1,56,19,16,22,0.4435,22,5,7,2,0.8759,1
ACC03101,1431,12,875.93,4,8,2682.37,8476.97,2,2,1,4,0.0492,2,1,0,0,0.2646,0
ACC03102,1527,29,7548.16,15,14,116449.2,119383.67,10,2,2,0,0.0603,3,0,1,1,0.362,0
ACC03103,886,63,3376.3,35,28,92557.65,86823.0,17,10,2,1,0.0318,0,0,2,0,0.2028,0
ACC03104,893,33,1973.21,15,18,29125.2,38082.84,13,8,2,0,0.0076,2,1,2,1,0.3492,0
ACC03105,80,936,11193.88,541,395,6293632.59,4054317.48,439,358,15,372,0.4103,20,4,2,2,0.908,1
ACC03106,5000,74,1385.57,36,38,58687.83,51221.84,16,23,1,0,0.0099,1,0,0,1,0.3329,0
ACC03107,1862,35,10396.33,14,21,142071.88,168014.23,3,20,4,1,0.018,1,0,0,0,0.3887,0
ACC03108,1184,24,1672.87,10,14,21346.29,24487.99,2,9,4,1,0.0449,2,0,0,0,0.2113,0
ACC03109,90,210,11955.93,108,102,1359361.21,1350227.11,102,102,18,75,0.4833,14,4,4,5,0.9863,1
ACC03110,736,66,2765.69,33,33,102265.51,86700.99,18,19,1,2,0.0304,3,0,1,0,0.0936,0
ACC03111,1001,24,2467.91,9,15,21553.36,28688.91,2,2,0,3,0.0118,3,0,1,0,0.1131,0
ACC03112,835,287,15070.17,218,69,3745057.26,995664.45,176,69,15,87,0.4778,28,4,3,3,0.9593,1
ACC03113,183,133,1071.08,49,84,39811.6,77987.49,30,48,1,1,0.0512,3,0,0,1,0.304,0
ACC03114,67,215,22009.44,141,74,3815525.43,1603007.6,141,74,16,83,0.4847,20,4,6,1,0.9179,1
ACC03115,1096,42,1625.04,23,19,33588.66,24871.11,11,7,5,3,0.0551,2,1,1,1,0.1797,0
ACC03116,1809,57,13505.92,25,32,290376.05,510890.09,15,23,6,1,0.0534,3,1,2,0,0.3942,0
ACC03117,439,86,2794.2,55,31,136254.3,96440.11,25,14,4,1,0.0388,3,1,2,0,0.2713,0
ACC03118,1039,25,1088.83,11,14,12836.03,14776.12,2,6,2,1,0.0074,2,0,2,0,0.2953,0
ACC03119,78,399,15276.07,261,138,4585077.39,2144160.64,228,138,18,147,0.6173,28,7,4,3,0.5558,1
ACC03120,1647,44,1165.85,20,24,18485.02,34247.41,5,20,1,4,0.1044,1,0,2,1,0.4288,0
ACC03121,245,273,7917.92,191,82,1609913.9,800804.77,173,65,10,93,0.356,24,4,2,3,0.8926,1
ACC03122,555,33,4103.97,21,12,88890.6,39569.88,11,5,3,1,0.0373,0,0,2,0,0.2677,0
ACC03123,1232,16,3748.77,9,7,31563.76,32339.99,2,7,2,0,0.0336,2,0,1,0,0.4149,0
ACC03124,2032,62,5882.25,25,37,151082.41,278030.4,2,22,5,3,0.0243,1,0,2,1,0.1571,0
ACC03125,514,26,1809.64,14,12,29367.21,26359.7,13,2,0,1,0.0718,0,0,1,1,0.24,0
ACC03126,130,30,1625.53,16,14,33719.31,20023.76,7,4,1,6,0.0722,0,0,1,1,0.1966,0
ACC03127,890,62,2518.11,29,33,55725.21,85166.64,18,32,0,2,0.0808,0,0,1,1,0.5492,0
ACC03128,814,23,802.21,8,15,7900.41,9010.64,2,6,0,1,0.0199,0,0,2,0,0.4373,0
ACC03129,55,247,44864.8,150,97,5920774.03,4554193.19,125,88,18,83,0.3492,27,6,9,3,0.521,1
ACC03130,375,34,1528.54,18,16,36105.08,28680.41,7,7,4,2,0.0805,2,0,3,0,0.3683,0
ACC03131,68,176,18670.35,130,46,2112712.81,964750.03,112,31,17,75,0.4064,33,10,4,1,0.8266,1
ACC03132,42,144,14804.88,98,46,1283212.97,643489.76,94,46,11,56,0.508,26,4,9,4,0.8216,1
ACC03133,100,132,26604.15,77,55,1982784.48,1766755.58,27,37,15,53,0.4051,20,7,7,4,0.6965,1
ACC03134,668,31,1234.14,16,15,22109.37,14642.14,3,9,2,2,0.0828,0,0,0,0,0.1516,0
ACC03135,113,247,12004.59,149,98,1543491.05,1201641.27,133,79,20,88,0.486,33,7,6,6,0.7213,1
ACC03136,656,36,7003.11,13,23,115687.17,187582.98,9,8,1,1,0.0961,2,0,1,0,0.363,0
ACC03137,113,234,6813.49,173,61,1287599.07,402774.35,161,44,14,105,0.2019,18,7,5,5,0.6323,1
ACC03138,909,44,1606.49,19,25,35608.76,47875.68,2,13,1,3,0.0182,1,0,2,0,0.1692,0
ACC03139,494,32,1156.12,20,12,20881.65,10326.21,3,8,2,2,0.1499,1,1,1,2,0.2235,0
ACC03140,1023,94,2514.89,53,41,147942.78,105427.8,32,18,1,0,0.0141,2,1,2,0,0.3846,0
ACC03141,233,275,18146.98,143,132,2855084.15,2843664.2,105,132,14,124,0.3013,33,9,0,3,0.8148,1
ACC03142,1024,81,1622.67,29,52,57370.01,100387.82,15,35,0,2,0.2001,0,1,0,0,0.0643,0
ACC03143,664,30,2902.19,18,12,58806.78,33990.74,4,6,4,3,0.0269,1,0,2,2,0.2721,0
ACC03144,1804,18,1780.49,11,7,24119.61,10030.43,10,7,2,1,0.0501,3,0,1,0,0.2759,0
ACC03145,425,30,2329.01,16,14,44551.13,32311.13,2,3,4,0,0.0422,2,0,3,1,0.1492,0
ACC03146,91,94,21415.23,65,29,1288501.77,677722.36,52,23,17,38,0.4947,21,6,7,2,0.7547,1
ACC03147,733,39,3011.32,25,14,85515.28,34415.94,16,6,1,2,0.0716,2,2,1,0,0.3232,0
ACC03148,1431,40,2441.97,15,25,28570.53,58473.54,3,16,2,4,0.0653,2,1,2,1,0.253,0
ACC03149,56,241,9787.62,128,113,1283818.6,1295566.07,100,113,15,85,0.6282,16,7,4,3,0.9066,1
ACC03150,570,52,1684.88,32,20,55635.75,42474.31,10,20,1,1,0.0071,1,0,2,0,0.1448,0
ACC03151,4897,27,1199.7,12,15,14349.08,14418.84,2,2,4,0,0.056,1,1,1,2,0.1123,0
ACC03152,72,401,7760.44,316,85,2442306.94,815273.18,290,85,16,153,0.2879,27,5,4,4,0.871,1
ACC03153,247,81,12246.57,58,23,680719.44,341446.9,58,9,14,23,0.5421,21,4,5,2,0.9144,1
ACC03154,1229,78,1543.2,46,32,64674.7,48464.97,29,22,2,1,0.0352,0,0,1,1,0.1071,0
ACC03155,36,115,12570.8,66,49,914312.12,694378.75,63,49,3,34,0.6315,30,8,2,2,0.9143,1
ACC03156,290,58,7615.0,35,23,289755.65,155615.25,15,6,4,3,0.0167,2,0,1,2,0.1859,0
ACC03157,463,31,6120.64,19,12,105635.46,58680.87,11,2,2,2,0.0048,3,0,0,0,0.3061,0
ACC03158,246,49,1434.32,24,25,42416.01,27922.85,12,9,1,2,0.057,0,1,0,0,0.2423,0
ACC03159,941,44,1799.99,22,22,32472.99,31230.75,3,2,5,2,0.0089,1,0,2,0,0.2261,0
ACC03160,2483,64,2626.87,39,25,122840.3,81081.03,17,11,1,3,0.053,4,1,2,3,0.1973,0
ACC03161,1595,61,3357.82,29,32,90715.95,139179.16,17,23,2,1,0.1098,0,1,1,1,0.3655,0
ACC03162,188,197,20753.48,136,61,3273706.97,1221474.19,115,55,10,54,0.522,21,1,5,4,0.8721,1
ACC03163,731,54,5385.02,19,35,121485.84,150448.18,8,31,3,3,0.0959,3,0,2,0,0.3303,0
ACC03164,1238,39,4419.21,25,14,143583.62,50079.48,17,4,4,2,0.0489,2,2,1,0,0.1983,0
ACC03165,59,147,16378.97,109,38,2229144.37,755122.35,83,29,11,60,0.3021,26,4,4,6,0.4869,1
ACC03166,79,520,6974.68,354,166,2214729.54,1060895.77,305,158,22,211,0.247,18,3,9,5,0.865,1
ACC03167,60,316,18445.31,211,105,3679899.97,1844123.26,182,87,12,134,0.2619,29,3,6,4,0.7234,1
ACC03168,295,162,16354.57,111,51,2174395.77,802295.51,83,51,15,60,0.1777,32,7,4,5,0.5621,1
ACC03169,3097,42,2676.97,27,15,80710.06,51248.83,10,5,1,2,0.0647,1,0,1,0,0.2957,0
ACC03170,918,23,3353.91,14,9,51180.66,35046.04,3,3,0,3,0.0936,0,1,0,0,0.1032,0
ACC03171,366,107,1995.51,44,63,108979.68,123403.91,24,39,3,2,0.0546,1,1,0,0,0.2137,0
ACC03172,209,88,28951.88,64,24,2143531.81,758689.55,54,5,26,41,0.2844,19,4,5,4,0.7515,1
ACC03173,354,404,17898.7,226,178,4160774.89,3438265.42,204,163,13,153,0.3239,18,5,3,1,0.5097,1
ACC03174,36,197,15853.91,122,75,1989080.54,1111251.17,92,75,13,88,0.407,27,10,3,4,0.9691,1
ACC03175,1210,7,1756.72,4,3,8355.43,4000.72,4,2,0,2,0.1402,0,1,1,1,0.0297,0
ACC03176,2688,44,2066.98,17,27,40879.39,56445.1,16,23,4,1,0.0203,1,0,1,1,0.1812,0
ACC03177,1209,69,1102.98,36,33,32215.95,41594.75,12,21,1,3,0.1055,1,0,0,1,0.2994,0
ACC03178,144,285,8057.46,198,87,1671019.41,814493.19,182,87,22,125,0.3917,19,11,7,3,0.8663,1
ACC03179,321,196,11994.92,108,88,1246627.39,1010791.56,95,88,14,69,0.432,29,3,5,3,0.9363,1
ACC03180,900,55,2370.99,21,34,56268.4,99119.41,7,15,1,4,0.0493,0,1,1,1,0.1379,0
ACC03181,122,159,9245.04,113,46,1029485.95,468759.44,92,38,13,61,0.5171,24,5,5,9,0.571,1
ACC03182,946,149,2298.19,57,92,122798.96,225282.02,25,47,0,3,0.1061,1,0,2,1,0.1737,0
ACC03183,820,54,1100.71,33,21,39882.98,17626.69,21,8,1,3,0.0124,1,0,1,0,0.457,0
ACC03184,2793,44,1671.45,20,24,29093.01,45590.75,8,16,3,2,0.0964,4,0,2,2,0.385,0
ACC03185,5000,36,3854.76,20,16,79715.15,67818.0,2,6,4,1,0.098,1,1,2,1,0.0601,0
ACC03186,76,106,9016.19,75,31,667144.08,238051.24,74,23,14,40,0.206,22,5,2,3,0.8595,1
ACC03187,392,360,18079.49,188,172,2903536.88,3149930.19,152,152,13,151,0.2637,26,10,6,1,0.8718,1
ACC03188,985,31,2224.7,11,20,29504.12,40573.67,11,20,1,2,0.1731,2,1,0,0,0.2583,0
ACC03189,974,40,1913.79,21,19,42151.61,42164.94,8,17,0,0,0.0133,2,1,0,1,0.2991,0
ACC03190,576,412,10513.75,316,96,2841319.98,1125463.24,293,82,19,137,0.3308,22,10,8,2,0.8427,1
ACC03191,1250,44,1893.59,24,20,46372.03,27649.18,4,10,2,3,0.0357,0,0,1,1,0.3743,0
ACC03192,329,30,2536.49,19,11,50591.73,32021.25,5,5,2,1,0.0645,3,2,1,1,0.4085,0
ACC03193,682,279,9973.01,194,85,1810371.58,958021.31,172,68,15,111,0.3168,23,4,1,4,0.8627,1
ACC03194,1222,33,2325.94,12,21,32194.7,45970.72,6,9,3,3,0.0866,1,0,1,0,0.247,0
ACC03195,728,64,1872.51,29,35,41936.52,71878.93,11,25,2,0,0.0596,0,1,2,0,0.3646,0
ACC03196,104,814,18206.39,536,278,10129143.41,5640936.33,448,254,10,336,0.5644,27,9,0,2,0.4696,1
ACC03197,2721,20,3725.27,11,9,53756.4,35273.48,11,2,1,1,0.0651,2,0,0,0,0.3709,0
ACC03198,67,289,9277.76,172,117,1729382.28,1294661.67,164,104,11,103,0.2618,36,5,6,4,0.9627,1
ACC03199,1862,22,1870.93,9,13,21326.4,24574.78,2,6,1,2,0.0142,4,0,1,0,0.1342,0
ACC03200,124,422,37322.46,305,117,13060451.87,4781007.63,264,116,22,142,0.387,27,6,8,2,0.6086,1
ACC03201,1676,39,1374.28,24,15,42560.29,21781.55,17,9,1,1,0.0403,1,1,2,0,0.2366,0
ACC03202,980,26,2579.2,14,12,33447.39,39124.09,2,12,2,5,0.0409,1,1,2,0,0.2315,0
ACC03203,759,55,2401.56,28,27,62585.82,46641.75,18,14,2,1,0.0907,0,1,1,1,0.1561,0
ACC03204,1307,40,1220.9,17,23,26933.97,31956.48,6,16,1,4,0.0116,2,1,2,0,0.0719,0
ACC03205,645,33,5375.86,14,19,62401.95,74625.55,9,10,0,0,0.0492,3,0,2,0,0.2882,0
ACC03206,403,19,1094.9,9,10,11781.46,14224.68,2,10,3,1,0.0563,1,1,1,0,0.175,0
ACC03207,467,39,2713.11,22,17,67813.61,45565.27,12,6,1,0,0.038,3,0,3,1,0.3353,0
ACC03208,693,40,2571.69,25,15,53659.84,30848.03,14,5,2,2,0.0313,1,0,2,0,0.168,0
ACC03209,960,14,3713.07,6,8,28581.71,26439.83,2,8,3,3,0.0997,3,0,2,2,0.5697,0
ACC03210,1079,16,1168.83,7,9,10942.47,11941.68,3,9,3,3,0.0413,1,1,0,0,0.2273,0
ACC03211,41,50,13655.63,27,23,344596.95,325783.98,27,23,15,17,0.2136,19,7,6,2,0.8218,1
ACC03212,83,173,16748.04,124,49,2048854.45,818156.8,107,49,11,57,0.3929,27,6,5,5,0.7387,1
ACC03213,138,123,11706.14,63,60,668582.13,802161.22,58,52,10,52,0.5675,27,2,7,5,0.992,1
ACC03214,131,397,13346.43,240,157,3959517.47,1997149.08,218,152,13,138,0.5304,28,3,6,2,0.5366,1
ACC03215,225,41,2195.84,19,22,45280.8,59727.28,12,9,2,1,0.0918,1,1,1,1,0.2268,0
ACC03216,63,289,21592.32,167,122,3424719.43,2660308.47,128,112,15,109,0.3214,25,1,4,1,0.7002,1
ACC03217,559,17,2460.59,6,11,17330.78,27330.62,6,7,0,2,0.097,0,1,0,0,0.3641,0
ACC03218,90,207,13367.4,150,57,1798841.16,698216.44,122,55,17,81,0.4982,29,3,8,4,0.9445,1
ACC03219,107,227,40414.98,143,84,6129112.95,3075005.84,120,68,18,91,0.3244,22,3,7,3,0.8971,1
ACC03220,1045,47,1039.37,20,27,26432.17,28403.2,8,20,1,1,0.0033,1,1,1,0,0.2496,0
ACC03221,1138,53,2633.73,28,25,96222.47,64113.23,17,14,0,2,0.0344,4,0,4,1,0.1228,0
ACC03222,1576,39,1451.63,24,15,26620.44,26235.8,10,10,1,5,0.0296,3,0,1,5,0.2385,0
ACC03223,341,396,21933.15,269,127,7161968.7,2383654.02,243,112,18,142,0.6444,24,8,6,3,0.8454,1
ACC03224,158,274,12296.41,193,81,2060558.22,920734.15,183,79,14,109,0.3589,22,2,3,5,0.8466,1
ACC03225,736,19,3686.86,7,12,21253.1,40992.65,3,6,1,2,0.0094,2,0,1,1,0.1585,0
ACC03226,62,340,10287.33,240,100,2119955.62,1284646.68,216,81,18,127,0.2112,29,2,5,1,0.8707,1
ACC03227,817,29,4560.74,14,15,58129.11,68299.41,2,2,2,0,0.1102,1,1,0,0,0.277,0
ACC03228,728,42,2923.79,15,27,45130.7,71267.22,13,11,3,2,0.0709,3,1,1,0,0.3289,0
ACC03229,158,203,10702.46,162,41,1850613.58,460540.13,134,37,13,70,0.2985,24,8,7,4,0.779,1
ACC03230,2078,34,1914.68,20,14,33904.16,34415.61,2,8,1,0,0.1342,1,0,1,0,0.1944,0
ACC03231,754,34,1723.36,17,17,25184.53,23053.84,2,2,3,1,0.0347,2,0,1,1,0.3612,0
ACC03232,1199,27,3112.14,9,18,35474.51,40228.22,3,12,3,6,0.0077,4,1,2,1,0.1824,0
ACC03233,93,485,27955.19,325,160,11309764.65,4389360.2,291,127,10,180,0.2514,24,6,4,4,0.7063,1
ACC03234,399,12,3270.91,5,7,19186.9,18265.97,5,7,1,1,0.0489,2,1,1,1,0.2159,0
ACC03235,4761,72,2767.13,40,32,103171.59,95722.59,29,15,1,2,0.0639,5,0,1,0,0.0347,0
ACC03236,301,36,1476.72,14,22,27419.28,27232.19,2,12,3,2,0.0613,3,0,0,0,0.3379,0
ACC03237,2527,24,1602.74,12,12,17512.02,20209.21,5,12,1,1,0.0882,2,1,2,1,0.4655,0
ACC03238,3470,79,2153.76,42,37,87417.12,101054.69,13,19,1,4,0.0508,2,2,1,0,0.4187,0
ACC03239,454,59,4865.46,20,39,131099.41,236522.12,2,32,1,2,0.0579,3,0,1,0,0.197,0
ACC03240,487,20,4439.83,11,9,39759.03,33187.43,2,7,4,2,0.1289,4,0,0,2,0.152,0
ACC03241,18,103,9262.73,75,28,808427.45,298957.8,48,27,15,39,0.5358,19,5,3,4,0.654,1
ACC03242,991,24,3366.75,8,16,26848.74,43663.11,2,4,1,4,0.1179,2,0,1,1,0.4296,0
ACC03243,67,564,12147.13,322,242,4534699.39,2951048.9,271,221,16,231,0.3681,23,9,8,4,0.9151,1
ACC03244,1046,45,845.45,17,28,11021.19,26868.3,2,17,2,4,0.1094,2,1,0,0,0.1766,0
ACC03245,233,485,11031.42,242,243,3058528.3,2308651.82,203,222,15,192,0.362,26,5,5,3,0.6021,1
ACC03246,1042,50,7777.17,26,24,165582.93,230223.41,5,21,1,2,0.0066,4,0,1,0,0.0406,0
ACC03247,129,332,16599.46,201,131,3063941.73,2236726.14,163,118,21,117,0.4539,32,4,8,3,0.8486,1
ACC03248,124,205,40993.27,124,81,6198393.08,3660103.56,89,81,14,79,0.4068,22,10,1,7,0.7307,1
ACC03249,1889,83,831.24,34,49,21892.08,51394.54,19,26,0,1,0.03,2,0,0,0,0.3863,0
ACC03250,192,40,7647.77,29,11,236338.9,79022.1,5,5,14,13,0.5811,13,3,4,4,0.6461,1
ACC03251,393,232,9579.8,157,75,1693052.6,681960.53,107,74,17,104,0.403,22,9,6,5,0.8078,1
ACC03252,939,25,2019.33,15,10,31363.2,14202.38,5,7,0,1,0.0075,0,0,3,2,0.2892,0
ACC03253,60,173,17906.48,111,62,2351110.18,1374322.17,77,48,19,63,0.4077,26,1,5,1,0.9436,1
ACC03254,955,16,6833.88,7,9,59066.78,70528.74,7,6,2,2,0.138,1,0,4,0,0.2075,0
ACC03255,150,262,10233.68,188,74,2256135.8,685561.07,148,56,15,102,0.3882,21,8,6,5,0.9379,1
ACC03256,20,246,9047.11,182,64,1729949.34,711226.81,157,64,10,87,0.3534,27,2,2,4,0.7535,1
ACC03257,206,175,11542.11,128,47,1346224.09,641625.54,116,36,16,80,0.4349,24,12,9,4,0.9327,1
ACC03258,1035,57,8234.5,24,33,237458.75,235215.03,8,18,2,0,0.087,3,1,0,2,0.4158,0
ACC03259,1397,61,3919.8,22,39,116371.27,152438.19,5,21,2,3,0.1355,2,0,0,1,0.2634,0
ACC03260,105,300,6057.64,189,111,1102026.73,833114.71,165,111,17,118,0.3373,25,5,4,1,0.6589,1
ACC03261,438,65,13051.6,35,30,404210.75,492627.6,11,9,3,1,0.0561,3,0,1,2,0.2818,0
ACC03262,411,26,1143.92,13,13,13834.85,11602.89,2,8,1,1,0.0715,1,1,0,0,0.3996,0
ACC03263,1482,76,4868.95,34,42,221026.04,212971.42,10,29,0,0,0.106,1,1,1,0,0.3673,0
ACC03264,391,169,12046.04,93,76,1304333.25,994235.98,54,76,15,58,0.3495,22,5,3,2,0.9631,1
ACC03265,730,42,2682.95,24,18,81099.13,41849.11,14,10,1,1,0.0785,1,1,0,1,0.2552,0
ACC03266,354,24,1800.23,8,16,11321.79,33474.31,8,13,3,1,0.0434,1,0,0,0,0.162,0
ACC03267,143,119,15673.25,81,38,1224424.43,586583.5,48,24,17,53,0.3878,29,9,4,8,0.7879,1
ACC03268,53,129,7806.97,86,43,774058.69,322609.57,74,27,15,57,0.2394,28,2,3,3,0.7358,1
ACC03269,511,95,2102.39,49,46,98762.88,84842.34,19,32,3,2,0.0766,1,0,1,0,0.4234,0
ACC03270,1184,35,409.11,17,18,5942.98,8290.12,7,16,4,1,0.008,1,3,1,0,0.2358,0
ACC03271,627,36,1517.26,20,16,32486.66,16997.14,14,15,1,1,0.0358,4,0,1,0,0.1716,0
ACC03272,469,212,2958.23,99,113,350131.7,433839.38,54,58,0,6,0.0662,2,1,1,0,0.1609,0
ACC03273,43,183,10446.88,133,50,1736283.16,444049.17,124,39,14,62,0.4499,22,8,5,2,0.7706,1
ACC03274,109,129,26796.53,97,32,2760344.3,832022.72,97,32,16,51,0.4669,21,9,5,2,0.88,1
ACC03275,434,248,28964.62,147,101,4291780.12,3254179.03,117,85,13,104,0.428,31,2,3,5,0.6942,1
ACC03276,4775,26,1286.8,14,12,22782.04,11022.44,4,12,0,1,0.0406,2,0,3,1,0.4845,0
ACC03277,221,299,20484.51,222,77,5164098.04,1480951.18,186,77,15,105,0.2728,24,11,2,3,0.7424,1
ACC03278,38,633,7064.16,501,132,3787333.38,984336.76,439,103,13,238,0.3877,25,1,5,3,0.9019,1
ACC03279,359,109,15844.06,57,52,857643.34,921483.23,57,48,17,44,0.5081,28,3,1,8,0.8313,1
ACC03280,1333,26,3486.1,9,17,25406.99,69511.4,2,16,0,1,0.0142,0,0,1,1,0.3976,0
ACC03281,410,165,27007.98,95,70,2299739.63,1752577.74,77,55,13,58,0.3509,26,5,7,7,0.931,1
ACC03282,40,456,21277.59,327,129,7425532.83,3330296.53,283,117,17,167,0.4029,21,4,10,5,0.9407,1
ACC03283,493,29,1402.2,14,15,18627.68,25311.34,9,2,1,2,0.0084,3,3,1,0,0.5726,0
ACC03284,40,112,52630.58,85,27,4135279.38,1442127.2,85,27,18,49,0.3275,26,7,8,4,0.6668,1
ACC03285,76,199,8226.07,125,74,1228594.27,711357.64,103,69,19,83,0.3182,27,5,2,4,0.8645,1
ACC03286,791,45,2529.13,25,20,51366.24,35994.96,14,14,2,2,0.1263,2,1,0,2,0.4012,0
ACC03287,1990,36,2866.73,15,21,32777.3,76566.38,2,12,5,0,0.0211,0,0,2,2,0.2437,0
ACC03288,663,61,2653.84,30,31,100333.3,73046.67,15,15,3,1,0.1043,1,1,1,0,0.3651,0
ACC03289,131,196,9044.31,132,64,1024184.15,702035.98,109,41,16,74,0.4472,28,7,5,3,0.844,1
ACC03290,553,109,4386.64,65,44,294912.59,223952.56,27,22,1,0,0.1432,0,0,0,1,0.1711,0
ACC03291,407,68,1474.88,28,40,46609.22,44278.86,13,23,3,0,0.0587,3,0,0,0,0.2099,0
ACC03292,1375,65,3028.46,34,31,102138.39,85696.15,10,18,1,1,0.1161,2,0,1,0,0.2281,0
ACC03293,1318,74,3113.85,30,44,106860.56,106622.8,18,12,3,0,0.0641,0,0,1,0,0.2483,0
ACC03294,2152,29,1908.07,14,15,21363.3,34023.0,12,8,1,1,0.0145,2,1,0,0,0.1669,0
ACC03295,521,29,3881.48,16,13,68287.27,50084.47,2,12,2,4,0.0265,0,2,1,1,0.2483,0
ACC03296,269,81,7042.3,59,22,399388.3,170593.9,43,5,14,32,0.3015,35,7,5,1,0.7612,1
ACC03297,115,338,32210.64,187,151,6082958.96,5184392.79,186,144,15,149,0.6562,16,4,7,5,0.7207,1
ACC03298,143,136,23081.45,81,55,2273813.05,1361959.47,77,55,12,45,0.6871,27,7,4,4,0.902,1
ACC03299,238,121,27797.91,66,55,1916573.35,1848153.53,66,35,11,54,0.3974,30,9,3,4,0.954,1
ACC03300,69,133,7793.9,84,49,764392.59,360904.23,84,49,13,46,0.1783,26,3,3,3,0.9408,1
ACC03301,146,237,8620.67,168,69,1444994.53,678509.93,129,57,12,98,0.3066,34,6,6,3,0.9643,1
ACC03302,1352,43,2738.5,27,16,78661.93,41170.51,14,10,7,3,0.0395,0,1,0,0,0.361,0
ACC03303,89,372,10509.66,279,93,3491152.99,1020311.33,221,81,19,132,0.4753,28,5,4,5,0.93,1
ACC03304,431,274,9439.49,196,78,2052134.59,740370.68,172,61,13,94,0.4538,31,7,8,6,0.8512,1
ACC03305,351,160,41330.2,122,38,5984401.5,1848515.3,106,27,12,60,0.5131,24,5,5,6,0.8399,1
ACC03306,1161,66,2220.48,36,30,61963.53,62926.05,13,15,1,2,0.0583,1,1,0,0,0.2767,0
ACC03307,2201,59,4493.37,33,26,187860.64,106479.72,27,14,1,0,0.0605,0,2,1,1,0.3257,0
ACC03308,619,52,2591.78,27,25,81548.59,67699.44,6,16,4,1,0.0594,2,1,2,1,0.1349,0
ACC03309,1524,21,4114.08,7,14,29717.73,64183.59,2,14,1,2,0.0624,0,2,0,0,0.1186,0
ACC03310,53,162,8191.8,102,60,755221.67,505766.59,81,60,18,53,0.5994,14,2,4,3,0.8197,1
ACC03311,530,24,3207.89,15,9,38086.83,32014.04,12,9,2,1,0.047,0,0,1,3,0.1968,0
ACC03312,2120,100,1084.96,62,38,56244.65,51736.98,24,28,2,0,0.0405,2,0,1,0,0.2859,0
ACC03313,702,18,1821.35,10,8,23399.73,12964.0,7,2,3,4,0.0695,3,0,3,1,0.2113,0
ACC03314,1231,34,6444.65,13,21,93319.14,141467.05,2,12,2,2,0.0414,1,0,1,2,0.4212,0
ACC03315,56,397,14518.06,281,116,4744600.17,1848613.4,232,109,17,159,0.4154,36,7,5,5,0.8878,1
ACC03316,1145,105,8320.51,62,43,487957.51,339913.48,28,25,4,3,0.0057,0,0,1,1,0.5193,0
ACC03317,589,34,2583.09,13,21,36579.97,68166.99,13,16,1,3,0.0797,2,0,0,1,0.2682,0
ACC03318,1298,24,1485.09,10,14,18476.73,20631.34,2,5,2,0,0.0498,1,2,2,2,0.3552,0
ACC03319,1645,802,14612.77,579,223,9174754.24,3863731.15,492,202,10,282,0.4375,31,8,4,4,0.7491,1
ACC03320,162,197,15132.55,147,50,2059868.56,937158.09,136,50,14,67,0.3339,19,7,5,3,0.8785,1
ACC03321,428,366,14341.78,238,128,4059912.26,1882858.05,198,105,18,153,0.5742,23,7,3,6,0.9194,1
ACC03322,158,315,8368.74,229,86,2333634.53,814848.41,202,56,10,123,0.2762,25,8,7,9,0.9346,1
ACC03323,699,43,873.45,22,21,17937.44,20990.66,4,11,4,3,0.0582,1,2,0,1,0.4054,0
ACC03324,762,57,2435.25,23,34,75182.97,90774.86,14,19,4,1,0.0635,1,1,0,2,0.1302,0
ACC03325,703,64,5084.01,36,28,216524.51,110338.1,13,6,1,0,0.0259,1,0,1,1,0.1632,0
ACC03326,1116,54,2855.81,23,31,80518.27,100386.53,6,9,0,1,0.0099,0,1,3,1,0.4247,0
ACC03327,629,39,2938.12,19,20,73156.81,72449.33,2,4,3,2,0.0746,0,0,1,1,0.294,0
ACC03328,1397,64,1102.27,29,35,41817.66,45808.37,20,19,2,1,0.0539,0,0,1,0,0.3164,0
ACC03329,264,171,11324.92,94,77,1133727.6,1007360.6,75,62,14,60,0.3343,22,9,9,5,0.9437,1
ACC03330,137,109,15010.28,80,29,1049243.95,371476.05,52,17,10,40,0.3532,22,8,8,5,0.6395,1
ACC03331,1230,51,1480.78,24,27,42761.64,36220.86,9,11,1,0,0.0639,1,0,0,1,0.3338,0
ACC03332,361,60,7702.5,23,37,191195.04,302791.42,3,20,3,3,0.0153,1,0,0,3,0.1368,0
ACC03333,63,131,12344.75,66,65,801297.29,944266.56,58,55,12,38,0.4878,21,5,4,8,0.9123,1
ACC03334,1044,26,2247.75,11,15,19127.51,25601.59,6,8,1,0,0.1017,0,2,3,1,0.294,0
ACC03335,476,44,3081.26,18,26,74285.11,80578.05,5,3,2,4,0.0515,3,0,0,0,0.3122,0
ACC03336,2418,49,2318.83,21,28,49294.65,60711.55,7,18,2,1,0.0399,3,0,1,0,0.3205,0
ACC03337,1166,39,2167.45,18,21,41721.45,58733.71,12,12,0,0,0.1626,2,0,2,0,0.3149,0
ACC03338,782,39,2780.57,14,25,29889.75,80187.54,13,23,1,4,0.0549,1,1,1,1,0.1171,0
ACC03339,1676,67,881.42,37,30,36142.56,30124.66,18,11,5,3,0.0388,1,0,1,1,0.3501,0
ACC03340,925,38,1369.64,22,16,39634.45,24709.51,7,16,1,1,0.0329,0,0,0,0,0.1143,0
ACC03341,888,62,2848.34,36,26,101967.37,82841.11,12,5,1,1,0.1377,0,1,1,0,0.2555,0
ACC03342,2584,45,1186.55,25,20,29971.74,30080.77,19,18,3,2,0.0284,1,0,1,0,0.378,0
ACC03343,717,20,1883.68,10,10,23497.62,23360.03,10,8,3,1,0.0459,2,0,2,1,0.2272,0
ACC03344,738,97,772.3,47,50,36814.45,49527.97,14,24,4,2,0.0089,1,0,1,3,0.2375,0
ACC03345,1471,35,1565.55,17,18,29931.7,31881.06,13,6,1,1,0.0214,1,0,1,0,0.2296,0
ACC03346,166,407,11764.41,245,162,2849480.92,1927716.14,191,118,22,135,0.3005,24,10,6,6,0.9087,1
ACC03347,3330,74,2047.27,42,32,75866.28,49562.73,10,9,0,5,0.103,5,0,2,0,0.1557,0
ACC03348,87,326,60962.63,189,137,11368866.4,8414651.31,141,113,17,126,0.2149,23,10,5,5,0.8657,1
ACC03349,2388,64,5241.63,35,29,156097.36,171603.52,18,13,1,0,0.0357,1,1,1,1,0.3294,0
ACC03350,33,212,22473.17,168,44,4337158.65,1174004.33,133,35,19,82,0.212,18,5,6,1,0.8862,1
ACC03351,815,51,1496.13,28,23,45310.55,28885.38,12,16,4,2,0.0748,2,1,3,0,0.1237,0
ACC03352,98,338,9518.6,227,111,1890507.0,1146018.21,207,96,11,136,0.3636,24,5,5,5,0.7039,1
ACC03353,104,189,14367.92,146,43,2406968.48,614075.04,117,43,13,88,0.6005,20,7,6,2,0.8861,1
ACC03354,2291,26,7694.36,10,16,91919.56,98640.55,8,3,0,3,0.0068,1,4,0,0,0.3255,0
ACC03355,1636,121,2259.78,63,58,143434.72,112886.67,22,29,1,1,0.0139,3,0,1,0,0.3012,0
ACC03356,423,83,3869.2,39,44,129575.32,139716.54,14,29,4,1,0.0611,2,0,0,1,0.5596,0
ACC03357,366,168,14788.02,134,34,2154944.6,616369.22,110,28,20,71,0.1734,23,8,4,4,0.9711,1
ACC03358,1274,105,935.86,61,44,69900.47,43213.85,29,23,2,1,0.0446,2,0,2,1,0.1861,0
ACC03359,870,32,6591.06,14,18,101961.71,129749.79,2,11,0,2,0.0954,0,0,2,0,0.2039,0
ACC03360,454,38,5698.78,22,16,167791.53,68407.99,2,14,5,1,0.0498,1,0,2,0,0.1471,0
ACC03361,684,14,3141.2,7,7,19327.72,23718.47,4,5,0,2,0.0053,1,1,1,1,0.1629,0
ACC03362,108,119,18316.56,80,39,1485107.37,772556.75,52,34,17,56,0.1309,22,10,7,4,0.8062,1
ACC03363,1629,52,2066.8,24,28,56114.18,43180.53,12,20,1,1,0.0355,3,0,0,0,0.3965,0
ACC03364,415,68,2714.15,28,40,73838.32,121090.24,4,21,0,3,0.0176,0,0,1,0,0.2894,0
ACC03365,703,30,1598.91,18,12,32644.3,20099.03,12,7,3,2,0.0613,1,0,0,0,0.5273,0
ACC03366,623,22,3003.04,9,13,28074.34,38598.5,2,8,4,3,0.0498,0,0,0,2,0.0394,0
ACC03367,1101,89,1567.2,50,39,73906.19,61226.65,30,18,0,3,0.1179,0,0,0,1,0.1998,0
ACC03368,440,42,995.89,19,23,14948.17,21914.27,5,17,0,0,0.0983,1,0,2,0,0.4831,0
ACC03369,125,215,8461.61,143,72,1106603.33,635562.18,140,65,13,83,0.5342,32,6,4,4,0.8959,1
ACC03370,704,51,7800.88,26,25,187606.43,156846.62,17,16,2,2,0.0788,2,2,1,1,0.0946,0
ACC03371,456,36,4765.2,13,23,57106.89,116869.61,10,20,2,1,0.0677,3,1,1,1,0.4668,0
ACC03372,4240,36,1562.34,13,23,24628.08,31863.79,2,17,2,1,0.0467,1,0,2,0,0.273,0
ACC03373,112,413,18623.5,219,194,4164372.74,3692290.93,217,160,14,157,0.4888,19,7,2,3,0.4862,1
ACC03374,950,37,2393.58,18,19,39831.29,51125.03,5,17,4,1,0.0079,1,0,0,1,0.2942,0
ACC03375,1152,17,3100.61,10,7,31880.75,23204.39,2,2,3,0,0.084,2,2,0,0,0.1668,0
ACC03376,1192,47,3237.41,17,30,65855.92,122372.07,13,25,1,3,0.0847,2,1,1,0,0.2952,0
ACC03377,2045,32,783.03,19,13,13957.99,12277.82,2,5,1,2,0.036,2,0,2,1,0.3196,0
ACC03378,163,344,35621.27,213,131,8934720.14,4685602.69,167,118,18,119,0.2918,22,6,2,4,0.9755,1
ACC03379,544,55,2819.9,24,31,57903.51,80072.39,5,20,3,1,0.0436,1,1,1,2,0.311,0
ACC03380,652,28,5184.33,11,17,74634.54,88338.79,5,11,3,2,0.1017,4,0,0,0,0.0937,0
ACC03381,445,83,1753.22,38,45,71004.89,74263.4,16,27,1,3,0.0257,2,0,2,0,0.208,0
ACC03382,16,103,24771.14,54,49,1350905.79,1320702.29,42,49,16,27,0.3915,27,2,4,3,0.9481,1
ACC03383,821,33,515.48,11,22,5979.97,11629.52,10,15,2,3,0.0759,1,0,1,0,0.1829,0
ACC03384,398,33,2812.88,18,15,44711.08,48565.59,15,8,1,2,0.1985,0,0,1,1,0.2088,0
ACC03385,1368,72,4507.39,44,28,196933.98,101896.37,17,11,4,3,0.0633,1,0,3,0,0.2702,0
ACC03386,112,144,12206.05,112,32,1198216.58,345593.49,64,17,10,53,0.4112,25,3,6,5,0.7497,1
ACC03387,700,32,1077.89,18,14,25922.61,10865.39,11,2,2,4,0.0313,0,1,0,0,0.2889,0
ACC03388,3636,32,1905.0,16,16,37559.29,24611.45,15,2,1,0,0.1337,1,0,1,0,0.2735,0
ACC03389,119,283,19505.47,203,80,4111362.9,1367282.85,183,76,18,105,0.5961,25,8,6,5,0.7712,1
ACC03390,950,51,2092.15,21,30,55173.34,50845.09,9,13,4,2,0.0643,1,1,2,1,0.3257,0
ACC03391,14,216,8596.17,126,90,1313573.22,692578.66,126,87,17,77,0.176,34,9,6,3,0.8532,1
ACC03392,1670,28,5081.29,10,18,42200.4,97401.13,2,15,2,5,0.0544,2,0,2,0,0.2161,0
ACC03393,1010,39,695.37,18,21,11518.39,11186.57,10,17,2,4,0.0204,1,0,1,2,0.2448,0
ACC03394,402,15,2148.73,6,9,11091.62,13716.3,2,2,2,3,0.0108,1,0,4,0,0.3144,0
ACC03395,1071,20,3190.25,10,10,39902.8,38802.6,2,3,2,2,0.0535,2,0,1,1,0.3606,0
ACC03396,232,346,42291.06,242,104,11906357.14,4238962.7,220,77,12,122,0.2183,31,6,5,4,0.8815,1
ACC03397,67,116,11200.29,83,33,921472.55,410294.47,76,33,13,42,0.2042,24,5,8,6,0.9943,1
ACC03398,39,314,23051.56,207,107,4833750.83,2361819.01,160,90,16,129,0.308,18,3,3,6,0.8777,1
ACC03399,381,138,1638.78,52,86,112627.33,156946.98,19,49,2,3,0.0414,1,0,0,2,0.1891,0
ACC03400,1119,90,4323.54,48,42,234534.24,147663.87,31,23,2,2,0.0089,3,1,0,0,0.2306,0
ACC03401,675,66,2003.79,29,37,59114.87,55674.27,20,25,6,2,0.0694,3,0,1,1,0.1292,0
ACC03402,697,26,1669.15,10,16,18630.02,29601.44,7,2,2,3,0.0443,1,2,3,0,0.2999,0
ACC03403,1263,45,1596.4,25,20,39252.72,23638.27,13,13,1,2,0.0032,0,0,0,0,0.2255,0
ACC03404,295,87,3396.67,31,56,92086.88,173398.35,14,37,1,1,0.1048,2,2,3,1,0.376,0
ACC03405,55,469,12055.82,303,166,4047088.33,1776557.81,252,157,15,156,0.4526,22,6,8,6,0.9026,1
ACC03406,766,35,3179.62,18,17,69271.79,63195.03,10,11,1,2,0.056,2,0,4,0,0.4972,0
ACC03407,2104,110,1479.56,43,67,68223.57,86605.99,21,38,4,2,0.0259,1,0,2,0,0.3014,0
ACC03408,1880,85,11818.1,49,36,692752.26,410138.3,25,17,4,1,0.061,4,1,2,1,0.1418,0
ACC03409,62,71,19464.88,37,34,822544.35,586406.42,12,11,12,26,0.3054,19,7,9,2,0.7487,1
ACC03410,263,204,11131.45,134,70,1651451.3,887547.33,134,57,18,77,0.5534,20,5,2,5,0.9075,1
ACC03411,38,517,16305.51,358,159,6837023.87,2885301.94,309,135,10,186,0.312,23,3,3,3,0.8985,1
ACC03412,1085,39,1558.86,13,26,24839.23,35577.89,10,19,1,3,0.0249,2,1,1,0,0.2594,0
ACC03413,1066,61,4819.65,34,27,180220.06,162947.53,15,13,1,0,0.0163,0,0,1,0,0.3914,0
ACC03414,1187,26,1668.19,9,17,17241.77,28802.36,2,2,1,1,0.0547,2,0,3,0,0.3427,0
ACC03415,1227,34,3936.33,18,16,71231.85,74844.65,17,15,5,1,0.0243,1,0,0,1,0.3077,0
ACC03416,841,73,1482.06,44,29,68832.83,37491.38,22,13,1,4,0.0268,0,4,0,0,0.4162,0
ACC03417,2520,59,2154.29,37,22,104986.54,44527.32,15,8,2,1,0.0535,2,0,2,0,0.1139,0
ACC03418,86,213,10957.42,123,90,1453683.73,931932.78,108,73,16,76,0.6103,17,9,3,3,0.7729,1
ACC03419,98,168,12423.26,125,43,1785874.22,657671.22,101,43,14,66,0.3635,24,7,4,5,0.8058,1
ACC03420,607,34,2726.41,20,14,64882.23,48293.9,10,8,1,0,0.0456,2,0,0,2,0.3695,0
ACC03421,3316,38,13934.09,23,15,339603.0,258172.47,8,12,1,0,0.0091,2,0,2,0,0.2904,0
ACC03422,5000,34,2164.52,14,20,27993.84,44065.89,5,3,5,2,0.1513,1,0,1,0,0.1821,0
ACC03423,361,246,17470.68,150,96,2729065.93,1552930.64,137,78,18,104,0.203,28,4,4,7,0.8392,1
ACC03424,1190,55,1457.37,27,28,43502.25,46018.42,15,10,2,2,0.0903,4,1,0,0,0.381,0
ACC03425,768,50,592.78,31,19,15703.92,13134.01,16,2,2,2,0.0848,4,1,2,1,0.3948,0
ACC03426,100,183,9774.73,94,89,820649.67,860335.16,94,72,16,77,0.2027,25,5,5,8,0.7505,1
ACC03427,427,40,2295.54,25,15,63916.3,33383.81,3,14,2,2,0.0415,3,0,3,0,0.2142,0
ACC03428,96,78,19848.02,45,33,884486.13,772356.15,45,23,14,34,0.3209,21,6,5,7,0.9289,1
ACC03429,705,62,3104.53,27,35,64353.57,115017.97,6,26,2,4,0.0846,0,0,2,2,0.1446,0
ACC03430,539,339,35352.7,232,107,9271882.6,3805264.9,230,84,9,118,0.3859,21,3,3,3,0.8987,1
ACC03431,140,94,16192.55,71,23,1022785.05,412364.28,54,13,18,29,0.2894,21,3,6,3,0.8433,1
ACC03432,1366,132,2414.17,80,52,181871.62,128201.85,30,34,1,3,0.0656,1,1,2,1,0.091,0
ACC03433,110,133,18514.18,101,32,1969316.44,635075.46,91,32,15,52,0.3374,26,6,5,6,0.8864,1
ACC03434,2318,41,7690.49,15,26,127932.36,212795.23,14,6,0,1,0.0478,1,0,2,2,0.5581,0
ACC03435,813,18,5595.85,10,8,48794.41,32227.4,2,2,3,1,0.0371,1,1,0,0,0.3556,0
ACC03436,78,367,15547.53,239,128,4514402.63,2184552.93,213,115,9,148,0.5126,37,4,6,4,0.4601,1
ACC03437,1299,27,1538.39,13,14,16770.55,18050.29,3,14,3,1,0.0408,0,0,1,2,0.306,0
ACC03438,543,35,3830.65,12,23,47433.88,62847.61,7,12,2,8,0.0224,3,0,1,2,0.4727,0
ACC03439,550,257,26348.95,186,71,5496850.01,2230292.41,156,66,12,124,0.2973,33,7,5,5,0.9504,1
ACC03440,299,108,2124.2,63,45,157724.71,106657.26,29,25,1,2,0.0041,4,0,3,1,0.1219,0
ACC03441,971,111,5762.24,66,45,389244.73,197585.58,30,27,0,1,0.1022,0,0,2,2,0.5238,0
ACC03442,760,58,2845.09,22,36,53844.19,124743.93,7,22,1,3,0.0864,2,0,2,1,0.0795,0
ACC03443,458,62,1674.57,30,32,62329.03,39398.57,22,16,4,1,0.0186,0,0,3,1,0.3479,0
ACC03444,1290,48,5474.05,26,22,178666.57,111859.06,15,5,0,4,0.019,1,0,1,0,0.1547,0
ACC03445,132,157,7096.1,110,47,691914.97,392079.05,67,39,14,59,0.5527,21,5,4,7,0.6811,1
ACC03446,1111,34,4029.16,14,20,67255.55,73782.55,2,3,3,2,0.028,1,1,0,2,0.2922,0
ACC03447,624,45,598.14,25,20,11734.08,11748.86,7,3,2,3,0.1064,0,1,2,3,0.1173,0
ACC03448,2166,59,1861.46,31,28,64447.39,60735.81,17,16,1,3,0.0533,4,0,0,1,0.2363,0
ACC03449,289,221,11997.44,130,91,1793978.19,1106702.64,115,82,20,89,0.2807,23,10,6,5,0.597,1
ACC03450,1635,47,5097.2,27,20,168141.01,120352.24,7,3,4,2,0.0161,2,0,0,0,0.2154,0
ACC03451,171,397,17296.08,281,116,6074018.22,1912040.63,229,96,16,156,0.3019,34,12,5,5,0.7603,1
ACC03452,980,92,1854.71,40,52,78882.65,90303.08,11,30,3,4,0.0812,4,0,1,1,0.1537,0
ACC03453,26,379,16584.85,242,137,4738478.19,2182486.54,207,107,15,144,0.4585,23,2,8,4,0.6821,1
ACC03454,434,49,1945.05,25,24,59472.49,49847.24,14,18,2,0,0.0042,2,1,1,3,0.2569,0
ACC03455,1585,28,1258.16,10,18,15391.19,18965.78,4,8,2,2,0.0211,1,0,1,4,0.1834,0
ACC03456,1605,33,9839.88,14,19,147912.04,195981.76,3,13,3,3,0.0592,1,0,3,2,0.2022,0
ACC03457,1260,62,4460.14,23,39,115248.61,186599.57,6,35,4,1,0.046,2,1,2,0,0.1321,0
ACC03458,69,279,19731.06,147,132,2518357.01,2676653.64,127,120,10,118,0.6296,23,6,4,3,0.9739,1
ACC03459,675,24,3513.93,15,9,44790.99,29994.2,10,2,3,6,0.0441,1,0,1,0,0.1483,0
ACC03460,54,150,41424.59,106,44,4832184.08,1610953.81,106,32,22,46,0.167,34,6,5,3,0.9199,1
ACC03461,1304,24,14533.95,12,12,146095.92,178138.56,7,3,2,1,0.1326,2,0,1,0,0.3211,0
ACC03462,128,473,17343.65,269,204,5822879.12,4247975.22,230,186,14,173,0.3222,22,6,2,3,0.8949,1
ACC03463,3181,83,1289.29,49,34,52267.59,34090.84,30,18,1,3,0.1064,2,1,1,0,0.1681,0
ACC03464,441,38,2660.06,23,15,81233.02,46095.69,12,8,3,2,0.0259,2,1,0,2,0.2424,0
ACC03465,797,47,5636.12,16,31,104071.24,154875.46,2,19,4,2,0.044,2,0,2,2,0.1357,0
ACC03466,1524,16,6594.82,9,7,65178.42,50171.42,3,2,4,2,0.0988,1,0,2,0,0.0869,0
ACC03467,214,221,9714.84,113,108,1109774.64,1238421.19,100,91,14,86,0.3132,25,7,5,3,0.7254,1
ACC03468,650,37,3867.63,14,23,48663.84,101727.87,11,13,1,2,0.095,0,1,0,1,0.2252,0
ACC03469,362,20,3673.58,10,10,46801.18,36934.76,2,10,2,0,0.0652,0,0,0,0,0.1718,0
ACC03470,2186,55,3683.34,28,27,117060.45,99202.49,12,14,4,3,0.0409,2,1,0,0,0.396,0
ACC03471,1699,37,4982.23,20,17,80039.53,73917.25,6,6,2,2,0.0994,3,1,1,0,0.3496,0
ACC03472,476,17,3211.52,7,10,24848.67,33894.91,2,2,2,0,0.0366,2,0,2,0,0.1815,0
ACC03473,137,275,18305.74,140,135,3010314.42,2913868.82,90,118,18,99,0.5219,22,8,5,9,0.9572,1
ACC03474,368,51,2287.79,27,24,48101.84,42676.67,12,16,3,0,0.0664,2,0,1,3,0.2639,0
ACC03475,717,84,1628.52,45,39,56640.64,49277.86,23,22,0,1,0.0609,2,0,4,0,0.244,0
ACC03476,32,491,10249.11,313,178,2914477.14,2247129.2,259,171,17,164,0.5972,32,7,8,1,0.8305,1
ACC03477,1186,69,530.2,44,25,28550.63,11526.79,22,17,2,4,0.0686,2,2,1,0,0.3045,0
ACC03478,825,49,13933.24,23,26,422736.61,453573.13,22,20,1,1,0.0526,5,1,1,1,0.4255,0
ACC03479,555,99,3059.95,44,55,152254.87,137745.58,24,26,3,1,0.1451,1,2,1,0,0.1405,0
ACC03480,118,271,17982.99,182,89,2841601.67,1802096.67,135,56,10,85,0.4281,24,5,6,2,0.7359,1
ACC03481,1195,103,3640.6,49,54,161919.82,193299.46,20,26,1,3,0.044,1,1,2,2,0.2334,0
ACC03482,1075,14,705.82,5,9,3196.61,7147.56,5,2,1,3,0.0855,0,0,2,1,0.2743,0
ACC03483,271,63,3034.4,25,38,65947.83,118180.84,12,27,0,2,0.0274,1,0,0,0,0.3107,0
ACC03484,403,67,1182.89,26,41,33643.09,45420.11,7,25,2,1,0.0629,0,1,1,0,0.3988,0
ACC03485,1685,300,1292.7,173,127,256030.53,149923.5,81,74,2,0,0.0797,0,0,1,1,0.1209,0
ACC03486,241,418,10622.35,308,110,3890821.37,1090158.22,262,105,17,158,0.395,27,7,3,3,0.8284,1
ACC03487,559,25,4588.21,13,12,57172.55,59366.99,2,7,3,3,0.0407,5,0,0,0,0.0879,0
ACC03488,1257,66,1407.28,27,39,38881.46,51758.84,12,23,4,2,0.0183,3,1,2,0,0.2658,0
ACC03489,1046,57,5479.81,28,29,142837.04,167905.57,8,19,1,0,0.0216,2,0,3,2,0.3333,0
ACC03490,118,87,5484.76,55,32,281773.41,186442.46,55,32,21,42,0.5023,29,7,4,4,0.7546,1
ACC03491,30,217,7352.52,129,88,1110365.91,603603.49,102,73,13,89,0.3675,30,6,4,1,0.9615,1
ACC03492,137,252,16861.36,199,53,3191275.85,820989.16,181,51,13,111,0.5288,20,8,4,2,0.908,1
ACC03493,403,106,8131.08,47,59,476141.44,433457.37,31,22,1,1,0.0486,3,0,4,2,0.1086,0
ACC03494,1538,83,2882.76,41,42,158066.75,114521.33,9,25,3,3,0.0172,1,2,1,0,0.1402,0
ACC03495,1066,46,8929.32,21,25,184248.23,252719.37,6,2,3,2,0.0242,0,0,0,0,0.5969,0
ACC03496,271,76,2605.04,35,41,99845.39,120100.27,10,27,1,1,0.0073,0,2,0,0,0.3152,0
ACC03497,2006,64,15782.6,28,36,498494.89,582566.93,16,26,5,0,0.0666,0,0,1,0,0.3152,0
ACC03498,53,371,39108.08,197,174,8818257.55,8253280.31,186,174,14,157,0.1199,25,7,3,7,0.7803,1
ACC03499,878,63,690.5,26,37,20702.61,24901.75,3,20,3,3,0.045,0,0,2,0,0.2418,0
ACC03500,631,97,1264.15,50,47,79791.59,64450.59,25,34,3,1,0.0534,1,0,2,3,0.3314,0
ACC03501,1210,30,919.44,14,16,10390.17,18364.2,11,4,1,2,0.0179,2,0,0,1,0.2245,0
ACC03502,56,172,10367.87,96,76,1069438.5,979404.82,70,55,13,80,0.4734,18,11,6,5,0.9237,1
ACC03503,210,121,4436.06,94,27,457240.52,134959.1,76,10,13,52,0.6156,30,6,7,4,0.8755,1
ACC03504,246,29,3680.24,12,17,50949.74,50318.21,2,13,3,2,0.0739,1,2,1,1,0.1025,0
ACC03505,652,113,2245.4,73,40,135958.08,87034.09,38,25,4,3,0.0434,1,0,1,1,0.2304,0
ACC03506,610,28,6163.09,16,12,132085.22,69617.19,4,2,3,3,0.1005,2,1,2,0,0.2991,0
ACC03507,751,47,961.73,18,29,13352.93,33256.41,2,9,4,2,0.0459,2,1,1,1,0.2159,0
ACC03508,916,73,4170.18,33,40,170522.73,170448.31,22,13,5,6,0.0758,1,0,2,1,0.1377,0
ACC03509,588,21,12218.16,13,8,157380.68,94416.02,9,2,0,1,0.0522,1,1,0,0,0.3064,0
ACC03510,1180,25,4291.14,16,9,83883.23,36626.91,2,7,1,2,0.0811,0,1,1,0,0.1511,0
ACC03511,181,288,19130.89,187,101,3547003.36,2331246.84,173,101,9,108,0.3957,21,3,7,2,0.71,1
ACC03512,341,46,4712.78,17,29,98772.03,148278.27,2,20,2,3,0.0348,1,1,1,1,0.1553,0
ACC03513,117,224,9234.19,168,56,1488151.63,515663.55,108,52,14,108,0.2577,33,4,3,2,0.7468,1
ACC03514,524,97,3827.18,42,55,171642.65,165974.96,16,27,1,3,0.0923,3,0,3,1,0.1997,0
ACC03515,1397,21,3824.47,11,10,40758.28,27136.7,4,8,2,3,0.1108,2,1,2,2,0.6559,0
ACC03516,1502,36,2820.61,18,18,68428.25,51374.63,14,8,1,2,0.0794,0,0,4,0,0.2201,0
ACC03517,545,39,9787.35,17,22,194935.76,263765.45,8,22,4,2,0.0059,0,0,0,3,0.2403,0
ACC03518,1930,22,7114.16,11,11,72393.02,65858.37,11,2,2,3,0.0315,1,0,4,1,0.4074,0
ACC03519,235,63,1652.57,37,26,68084.61,43680.37,15,9,4,4,0.0403,5,0,3,2,0.1396,0
ACC03520,340,44,823.52,21,23,21904.42,17238.1,13,15,0,1,0.0215,0,0,0,0,0.3046,0
ACC03521,908,39,2056.91,22,17,57762.45,40519.37,2,3,2,3,0.0374,1,0,0,2,0.1942,0
ACC03522,127,44,2176.72,26,18,61762.71,29132.75,12,2,2,0,0.0597,1,0,1,1,0.2486,0
ACC03523,1816,37,5782.39,16,21,73816.25,150232.22,6,17,2,2,0.0442,0,0,1,0,0.1096,0
ACC03524,423,115,12150.84,73,42,1084905.99,521646.14,37,26,9,46,0.2789,31,2,6,5,0.8498,1
ACC03525,666,87,1483.53,44,43,73125.25,75485.82,13,32,2,1,0.0332,2,0,0,0,0.2992,0
ACC03526,1021,76,1033.03,42,34,34136.89,41836.97,16,26,5,3,0.0549,0,1,0,1,0.1912,0
ACC03527,535,83,944.04,46,37,47534.64,36304.36,27,14,0,1,0.0597,0,1,4,1,0.2343,0
ACC03528,1209,82,1502.28,45,37,68012.36,53786.3,10,23,1,3,0.0327,1,0,0,0,0.3556,0
ACC03529,538,20,3584.84,11,9,36683.36,39763.13,11,7,1,4,0.068,1,0,0,2,0.3381,0
ACC03530,285,51,5535.61,19,32,122058.17,213740.75,5,16,4,1,0.0543,1,1,1,1,0.2069,0
ACC03531,802,28,1344.18,17,11,29890.26,18326.0,5,6,6,4,0.0832,3,1,1,1,0.1937,0
ACC03532,1200,32,779.55,16,16,15440.46,10462.76,5,14,2,2,0.0544,2,1,0,0,0.2253,0
ACC03533,72,417,11701.66,326,91,3965752.58,1214212.35,261,64,9,153,0.3305,22,6,7,5,0.9805,1
ACC03534,1173,493,17053.93,362,131,6359366.87,2079309.78,313,117,17,169,0.3436,27,8,5,3,0.9762,1
ACC03535,571,42,4922.79,24,18,117075.45,64330.24,12,12,0,2,0.0601,2,1,0,2,0.435,0
ACC03536,3447,74,1909.5,45,29,111476.35,49792.41,16,18,1,1,0.0123,2,1,0,1,0.489,0
ACC03537,5000,35,1511.61,16,19,22712.21,25733.07,2,19,3,1,0.1585,1,1,1,1,0.1851,0
ACC03538,26,294,27742.43,214,80,6496929.71,2243480.73,187,80,7,130,0.3384,20,6,4,3,0.864,1
ACC03539,879,40,2124.31,22,18,58380.0,44867.67,4,18,1,5,0.0657,3,1,0,0,0.1788,0
ACC03540,93,178,9417.99,123,55,1371064.41,646286.42,102,49,14,59,0.3693,28,4,7,2,0.9053,1
ACC03541,1687,66,2218.65,42,24,109897.49,61543.52,13,13,0,3,0.0463,2,0,0,0,0.4534,0
ACC03542,60,158,7387.98,93,65,757711.11,591084.76,60,44,15,53,0.3441,31,6,6,6,0.77,1
ACC03543,1114,14,1490.29,7,7,13510.06,7657.65,7,3,4,3,0.0254,0,0,1,0,0.2778,0
ACC03544,349,43,2557.15,25,18,74275.74,47845.56,17,3,3,0,0.0526,1,1,1,0,0.1147,0
ACC03545,535,28,4895.79,16,12,88063.97,62357.05,7,12,7,2,0.0375,0,0,2,0,0.0858,0
ACC03546,754,64,3419.9,33,31,122922.27,81998.06,11,18,0,3,0.0253,1,1,2,1,0.223,0
ACC03547,1033,83,2704.32,44,39,151372.38,92621.09,17,19,3,2,0.0522,0,0,2,0,0.2114,0
ACC03548,763,71,2453.91,25,46,65502.72,131313.35,7,29,4,0,0.0216,1,0,0,0,0.2612,0
ACC03549,453,36,1522.82,20,16,34584.94,18917.16,13,3,1,2,0.0365,3,0,2,1,0.2828,0
ACC03550,974,48,3522.51,24,24,82210.88,94967.87,14,17,1,1,0.0264,1,1,1,1,0.2947,0
ACC03551,445,23,2350.61,10,13,20303.27,31177.77,4,2,3,1,0.1332,0,0,0,1,0.4253,0
ACC03552,253,454,18716.0,231,223,3683765.82,4906664.98,204,210,21,152,0.3647,34,7,6,5,0.6446,1
ACC03553,650,65,1200.26,25,40,33466.01,46257.56,11,20,1,3,0.0742,0,1,2,1,0.4894,0
ACC03554,702,189,269.18,117,72,38507.33,23845.71,51,42,3,2,0.0042,2,0,1,0,0.1663,0
ACC03555,1082,130,5075.99,48,82,209439.23,429305.85,13,34,2,4,0.0493,2,1,1,2,0.0895,0
ACC03556,563,26,1136.91,10,16,11702.58,18833.66,5,10,3,3,0.0639,2,0,0,2,0.2843,0
ACC03557,1542,251,1893.47,99,152,177577.4,335144.19,44,81,3,0,0.0882,1,1,0,0,0.2247,0
ACC03558,479,60,672.8,21,39,13997.44,28820.66,8,23,2,1,0.0811,1,0,4,0,0.3533,0
ACC03559,90,132,24115.16,85,47,2314133.96,1244797.62,67,47,18,60,0.4077,22,10,4,4,0.8679,1
ACC03560,67,541,15812.3,352,189,5513725.93,3369014.97,300,174,14,188,0.2128,23,5,2,3,0.7662,1
ACC03561,2147,40,2730.58,17,23,45784.44,76438.82,7,15,2,3,0.0484,3,0,5,1,0.1064,0
ACC03562,1519,35,4874.73,18,17,95598.1,96210.43,4,2,1,4,0.034,0,1,3,0,0.2207,0
ACC03563,633,36,1201.46,12,24,12757.84,28192.54,12,13,2,0,0.1045,1,0,1,0,0.1134,0
ACC03564,231,36,3557.33,19,17,61451.43,56399.78,7,16,7,0,0.0707,1,0,0,1,0.1963,0
ACC03565,425,42,2851.06,20,22,74138.4,72758.32,18,13,5,5,0.0407,1,1,1,1,0.3362,0
ACC03566,1136,27,1641.9,13,14,18988.99,24279.72,4,6,1,1,0.0893,1,0,1,0,0.6402,0
ACC03567,1302,106,1970.13,64,42,164390.06,103413.84,32,22,0,1,0.02,2,0,4,1,0.099,0
ACC03568,2538,50,6609.22,25,25,204986.14,138250.05,17,13,0,3,0.163,1,1,1,1,0.0662,0
ACC03569,1139,19,1322.02,9,10,15321.04,9381.4,5,2,1,4,0.07,0,0,2,2,0.2997,0
ACC03570,164,165,10930.98,87,78,926506.44,958829.05,63,75,13,70,0.2866,14,2,4,5,0.9977,1
ACC03571,1050,39,2942.16,16,23,50283.43,49526.32,9,21,3,2,0.0053,1,0,0,2,0.2284,0
ACC03572,76,112,3699.53,71,41,237235.71,131880.3,66,41,9,33,0.2266,27,6,6,7,0.6001,1
ACC03573,2099,115,2044.58,72,43,154676.76,67744.12,37,25,1,4,0.1441,2,0,1,0,0.0872,0
ACC03574,238,139,11004.01,88,51,978333.31,606675.45,73,40,6,49,0.119,23,8,8,1,0.8426,1
ACC03575,492,34,1288.18,13,21,18904.43,26566.38,9,12,3,2,0.0811,4,1,0,0,0.113,0
ACC03576,800,41,7873.53,22,19,152198.36,124448.66,10,13,5,2,0.0606,1,0,0,3,0.2933,0
ACC03577,408,32,2294.48,18,14,54368.24,38693.94,2,14,1,3,0.052,3,0,2,0,0.4936,0
ACC03578,1241,50,3231.34,21,29,68888.99,96181.54,13,27,1,1,0.0615,1,0,0,0,0.2379,0
ACC03579,343,33,7722.52,12,21,74460.92,197470.04,7,10,2,0,0.0725,0,0,0,0,0.305,0
ACC03580,120,299,20957.41,192,107,4007861.9,1924357.58,183,98,13,107,0.3319,22,9,10,3,0.5919,1
ACC03581,660,206,15995.72,127,79,2019491.35,1548457.22,107,64,17,74,0.3125,27,5,5,3,0.9527,1
ACC03582,96,365,14075.42,199,166,3397982.46,2777581.24,162,139,24,152,0.4175,18,3,7,3,0.7784,1
ACC03583,1186,40,4831.6,17,23,102691.19,88676.56,2,14,1,2,0.0322,0,1,1,1,0.2433,0
ACC03584,2132,68,4666.43,25,43,103374.79,206135.57,8,32,5,3,0.0336,3,0,2,1,0.2677,0
ACC03585,909,31,1220.88,13,18,17232.36,24530.81,8,6,2,4,0.0949,0,0,4,0,0.0895,0
ACC03586,942,80,1486.94,40,40,62267.29,73197.32,24,16,2,2,0.0717,0,0,2,0,0.3723,0
ACC03587,289,88,48533.06,56,32,3039660.12,1357781.64,29,32,16,28,0.4067,25,3,5,5,0.9464,1
ACC03588,1012,36,4151.78,17,19,65772.68,76050.52,9,12,2,4,0.006,1,0,1,0,0.2908,0
ACC03589,790,66,711.2,34,32,23749.68,27788.68,6,23,3,4,0.0368,2,1,2,1,0.2617,0
ACC03590,605,41,3161.78,25,16,86366.24,58142.07,8,10,2,3,0.0392,2,2,2,0,0.0774,0
ACC03591,222,127,14733.55,74,53,956186.68,822234.41,58,53,10,49,0.2977,15,6,3,2,0.6675,1
ACC03592,198,97,4885.41,43,54,226216.35,241647.24,32,32,4,1,0.0174,1,0,2,0,0.3441,0
ACC03593,3100,67,873.0,39,28,27679.66,22825.64,11,21,0,0,0.048,4,2,2,1,0.2517,0
ACC03594,2144,48,5943.44,29,19,200857.13,142297.92,8,16,0,3,0.0589,1,1,0,1,0.3174,0
ACC03595,525,23,2418.61,10,13,29687.98,38875.18,7,10,2,1,0.0358,0,1,1,0,0.1882,0
ACC03596,118,153,10801.12,121,32,1413321.85,383134.45,110,27,14,51,0.3353,23,7,2,4,0.9608,1
ACC03597,1303,69,841.27,38,31,41165.12,30803.43,17,13,2,4,0.1338,2,0,1,1,0.2273,0
ACC03598,619,26,1596.41,11,15,17128.04,19075.27,4,14,2,3,0.1185,1,0,1,1,0.5494,0
ACC03599,105,284,22076.85,222,62,6012952.34,1196936.97,189,55,13,101,0.7088,30,8,3,4,0.8283,1
ACC03600,512,56,1695.17,25,31,43014.96,47205.7,7,20,1,3,0.024,2,0,2,1,0.3375,0
ACC03601,374,55,1785.35,25,30,45351.54,42697.79,21,15,0,2,0.0877,1,0,1,0,0.1743,0
ACC03602,1595,24,2710.98,13,11,28004.44,27594.52,2,5,1,1,0.0632,2,1,1,2,0.2759,0
ACC03603,1337,27,2693.33,17,10,34967.83,23467.35,9,6,5,0,0.0667,2,0,0,0,0.1351,0
ACC03604,669,26,3961.57,15,11,77460.44,49922.65,15,11,2,4,0.018,1,1,0,1,0.154,0
ACC03605,956,74,1818.05,33,41,49589.76,60028.39,14,22,3,2,0.0852,0,1,2,0,0.2528,0
ACC03606,513,36,774.25,15,21,8838.54,20075.13,15,15,2,4,0.0516,1,0,2,0,0.5706,0
ACC03607,589,40,8203.01,16,24,130741.94,215713.21,7,9,2,2,0.0119,1,0,2,1,0.2315,0
ACC03608,542,69,910.53,24,45,25501.97,51248.73,6,30,4,2,0.024,4,0,0,1,0.3888,0
ACC03609,2404,24,3076.95,13,11,40171.12,37616.41,3,11,1,2,0.0276,0,0,2,1,0.3796,0
ACC03610,395,49,1735.97,20,29,46474.41,51104.71,8,16,1,2,0.0386,2,1,0,2,0.1788,0
ACC03611,2029,38,7670.42,24,14,214090.46,92169.13,7,9,1,4,0.0718,1,0,1,1,0.4968,0
ACC03612,370,14,1157.13,5,9,5364.19,11964.61,5,9,2,0,0.0407,3,2,3,1,0.2293,0
ACC03613,179,156,15859.55,108,48,1632312.3,792622.29,95,36,17,58,0.4026,18,5,7,3,0.951,1
ACC03614,798,56,3635.46,36,20,100541.59,77446.78,19,12,3,2,0.0421,1,0,3,1,0.2178,0
ACC03615,677,21,4567.0,12,9,66129.76,37302.93,5,6,0,3,0.0242,1,1,1,2,0.3224,0
ACC03616,1248,40,1481.82,16,24,28355.05,27880.84,4,21,3,2,0.0172,0,0,0,0,0.3521,0
ACC03617,410,41,2921.27,25,16,58974.01,49948.86,2,9,0,0,0.0962,1,1,2,1,0.2484,0
ACC03618,567,46,1142.46,19,27,25126.54,23810.89,5,3,0,1,0.0187,2,0,1,1,0.1903,0
ACC03619,765,41,7227.36,24,17,187018.22,107911.78,11,3,2,6,0.027,0,0,1,1,0.1348,0
ACC03620,1124,70,4821.41,30,40,125684.23,156104.55,7,25,4,2,0.0278,4,1,1,2,0.1979,0
ACC03621,1973,72,2127.81,45,27,81420.59,56589.72,23,24,1,0,0.0606,4,0,3,1,0.1993,0
ACC03622,341,140,3657.04,103,37,356219.82,148437.5,89,32,14,56,0.6201,23,9,4,5,0.7562,1
ACC03623,676,37,876.76,13,24,14768.43,27105.73,4,23,1,2,0.0154,0,0,1,0,0.348,0
ACC03624,85,146,22994.89,93,53,1885822.29,1454019.33,73,40,18,74,0.3625,26,5,5,1,0.8477,1
ACC03625,260,106,2030.07,45,61,100489.25,127950.18,21,36,2,6,0.1406,1,1,3,0,0.2355,0
ACC03626,1296,51,2214.86,30,21,71836.28,35787.96,13,14,0,4,0.1512,1,1,1,0,0.1152,0
ACC03627,560,50,958.36,26,24,26052.94,21924.29,11,14,5,3,0.0019,1,1,1,0,0.222,0
ACC03628,1256,56,1699.04,33,23,55356.16,49363.18,20,12,0,1,0.0504,3,0,2,1,0.1599,0
ACC03629,2819,17,358.22,8,9,2330.71,3913.77,8,9,1,2,0.0202,2,1,0,0,0.405,0
ACC03630,122,45,1895.19,24,21,38476.51,32791.78,9,17,0,2,0.0616,2,1,0,0,0.3257,0
ACC03631,158,313,17563.83,190,123,3048642.93,2656000.08,171,95,13,118,0.5035,19,10,4,7,0.6565,1
ACC03632,599,62,3842.74,32,30,104103.76,109823.13,15,24,1,4,0.0873,3,0,0,0,0.1067,0
ACC03633,2107,49,2991.52,25,24,68887.03,73208.6,6,15,3,3,0.0402,1,0,2,2,0.2718,0
ACC03634,243,546,7035.56,434,112,2677242.11,973853.1,371,104,17,197,0.3176,22,2,10,3,0.8197,1
ACC03635,973,31,18020.22,15,16,267963.28,309237.39,3,8,6,2,0.0835,3,0,0,0,0.4625,0
ACC03636,2056,49,1224.42,29,20,31590.55,24048.22,9,13,1,5,0.0439,2,1,2,2,0.3092,0
ACC03637,923,36,1295.32,23,13,36812.6,19409.57,17,7,2,1,0.0331,1,0,2,1,0.0621,0
ACC03638,315,34,4049.83,15,19,58889.64,65022.78,6,14,2,2,0.0539,2,1,2,0,0.1404,0
ACC03639,582,66,3322.77,32,34,100075.33,105270.32,6,19,2,0,0.2283,1,0,0,1,0.2531,0
ACC03640,73,261,11046.44,168,93,1698715.81,1232102.12,150,93,15,97,0.4824,33,6,5,6,0.9433,1
ACC03641,903,33,1100.88,16,17,16132.87,18746.38,10,4,2,3,0.0132,1,0,1,0,0.2172,0
ACC03642,1613,53,770.79,33,20,30527.26,11912.2,19,6,4,2,0.0311,0,0,1,3,0.3612,0
ACC03643,90,254,24026.95,163,91,4032990.05,1958936.7,123,80,10,101,0.0883,31,1,3,6,0.8498,1
ACC03644,880,43,5514.32,18,25,127325.59,175127.64,17,10,1,2,0.1151,2,2,2,0,0.1362,0
ACC03645,1378,73,3702.59,37,36,164838.39,146805.62,10,17,1,3,0.0824,0,0,3,3,0.1091,0
ACC03646,97,209,18914.43,152,57,3233143.77,1338776.38,108,45,17,86,0.2515,18,5,4,1,0.9809,1
ACC03647,955,24,3397.62,10,14,31189.25,41148.49,4,2,5,2,0.0225,1,1,2,1,0.2225,0
ACC03648,414,60,3165.93,23,37,75386.17,101346.97,7,16,2,0,0.0388,0,0,0,1,0.1582,0
ACC03649,816,49,1072.74,18,31,21142.91,38660.35,11,23,1,0,0.0324,1,1,0,3,0.2368,0
ACC03650,336,39,4540.77,16,23,59037.35,73629.57,7,15,3,3,0.0705,2,0,2,2,0.4872,0
ACC03651,1380,53,1063.66,18,35,24769.42,37520.2,12,23,1,0,0.0159,0,1,1,0,0.1938,0
ACC03652,1614,39,7208.51,13,26,85223.08,144598.55,6,8,2,1,0.0624,2,1,1,0,0.203,0
ACC03653,802,41,3651.21,16,25,71815.02,95369.41,5,20,0,4,0.0491,0,1,1,2,0.4333,0
ACC03654,79,124,7350.08,79,45,678063.52,360204.37,79,33,19,54,0.4328,29,4,2,9,0.8699,1
ACC03655,216,213,37916.66,132,81,5793066.31,3511167.93,109,64,12,82,0.5872,22,4,9,3,0.8934,1
ACC03656,617,31,831.4,15,16,12270.11,14453.42,12,3,1,2,0.0186,0,0,1,1,0.3627,0
ACC03657,869,50,4006.36,18,32,76459.43,152341.46,4,13,2,2,0.0283,1,0,3,0,0.2059,0
ACC03658,1170,51,3827.86,25,26,123278.83,73058.68,7,5,2,0,0.1376,4,0,0,0,0.3212,0
ACC03659,785,51,3227.63,24,27,83138.65,106246.66,8,23,1,2,0.0709,1,0,2,1,0.121,0
ACC03660,337,76,815.78,44,32,42211.14,20449.75,21,16,2,1,0.0146,0,0,4,0,0.4517,0
ACC03661,1039,52,1999.96,19,33,50396.8,59913.17,7,18,2,1,0.0517,1,1,1,1,0.307,0
ACC03662,956,88,4175.51,42,46,227879.13,222642.32,15,31,0,3,0.1269,0,0,1,1,0.2742,0
ACC03663,223,20,7022.52,12,8,109053.6,66615.01,2,5,1,3,0.1227,1,0,1,0,0.0846,0
ACC03664,1160,22,2591.23,8,14,23932.89,28781.0,8,2,3,2,0.0301,2,0,0,0,0.5208,0
ACC03665,651,120,3105.07,52,68,207942.78,197790.72,19,27,0,3,0.0374,2,0,0,1,0.3548,0
ACC03666,7,236,14453.76,143,93,2360168.65,1153420.0,114,93,22,85,0.3995,34,8,2,2,0.9903,1
ACC03667,202,35,2321.46,19,16,47919.22,35529.76,11,11,3,3,0.1264,1,0,1,0,0.1785,0
ACC03668,1690,56,1425.97,31,25,49102.2,44324.81,14,22,2,3,0.0301,1,0,1,1,0.1727,0
ACC03669,135,150,65839.67,85,65,5679365.72,5228024.03,76,41,13,56,0.3528,24,9,1,3,0.864,1
ACC03670,233,67,2230.89,28,39,62506.18,70285.48,20,24,3,1,0.1109,5,0,2,1,0.1589,0
ACC03671,420,220,8923.54,110,110,857005.2,936369.28,101,99,11,85,0.5525,24,5,6,8,0.9707,1
ACC03672,328,39,3219.15,24,15,68701.91,40284.23,11,7,0,3,0.0257,2,2,1,1,0.251,0
ACC03673,619,23,2803.95,9,14,25673.59,50910.47,3,10,1,2,0.0585,4,2,0,0,0.1107,0
ACC03674,463,68,1902.89,30,38,75452.12,63045.78,10,23,1,1,0.0258,1,1,3,0,0.369,0
ACC03675,119,135,18393.46,102,33,2111766.9,654146.84,97,26,8,56,0.2129,27,7,5,5,0.6462,1
ACC03676,1028,64,1148.67,29,35,43303.57,28667.3,11,15,1,1,0.0482,0,2,0,2,0.3914,0
ACC03677,115,230,11602.61,163,67,1972892.57,786274.38,112,59,12,82,0.3296,22,5,4,3,0.888,1
ACC03678,3005,32,4965.52,16,16,63092.61,61799.63,5,9,1,3,0.0439,1,0,2,2,0.3287,0
ACC03679,869,60,3313.06,21,39,86893.64,96726.44,12,18,0,1,0.0169,0,0,1,0,0.1804,0
ACC03680,37,134,13618.79,105,29,1557953.3,413423.11,60,26,25,49,0.259,21,6,5,7,0.957,1
ACC03681,20,525,18533.06,367,158,5949142.63,3199066.02,336,158,16,218,0.4075,21,7,3,2,0.813,1
ACC03682,1484,41,1363.92,26,15,42761.17,19837.06,20,13,1,1,0.0417,1,0,1,0,0.436,0
ACC03683,1475,45,3046.34,27,18,88480.26,39431.39,14,8,5,1,0.0214,2,2,0,2,0.4319,0
ACC03684,1292,32,2115.67,19,13,37300.66,24722.18,2,9,2,4,0.0141,1,0,2,0,0.1745,0
ACC03685,279,32,1165.41,17,15,23638.81,21130.38,7,15,0,2,0.0042,2,0,2,1,0.4052,0
ACC03686,495,74,4471.07,42,32,203119.34,149143.64,15,4,0,1,0.0959,1,1,0,1,0.0642,0
ACC03687,704,34,4536.89,20,14,101961.02,57881.63,4,6,2,6,0.0337,0,1,0,1,0.112,0
ACC03688,553,51,5858.59,22,29,108513.0,208175.65,10,24,3,0,0.0732,1,0,0,1,0.1375,0
ACC03689,868,23,5048.53,12,11,52083.42,62929.02,5,7,5,0,0.0123,5,1,0,2,0.3435,0
ACC03690,1586,38,219.59,16,22,4287.58,3515.39,9,10,2,3,0.0362,0,0,3,1,0.1692,0
ACC03691,502,142,1260.58,55,87,53753.7,134016.11,27,37,2,3,0.0238,0,2,1,0,0.2574,0
ACC03692,212,206,48244.68,162,44,9297218.88,2026784.72,126,29,19,76,0.3872,31,1,5,2,0.7614,1
ACC03693,415,173,26337.1,107,66,2924375.69,1574775.1,74,53,22,60,0.4823,29,7,5,2,0.4527,1
ACC03694,472,61,3025.09,35,26,139896.3,93941.16,20,13,0,1,0.0966,1,0,0,0,0.3492,0
ACC03695,1495,96,3656.34,35,61,167494.88,181600.91,15,28,3,2,0.0755,1,1,1,1,0.3582,0
ACC03696,299,252,10163.79,129,123,1439917.82,1534740.34,122,119,17,95,0.4673,23,4,6,9,0.8582,1
ACC03697,442,65,1709.57,34,31,74296.56,59242.47,17,15,1,4,0.0463,1,0,2,0,0.2571,0
ACC03698,1037,41,1778.37,20,21,39505.03,33122.79,13,15,0,3,0.0252,1,0,0,0,0.4223,0
ACC03699,965,57,1509.88,34,23,60424.79,32416.46,17,16,2,0,0.0847,1,1,1,0,0.2165,0
ACC03700,1315,30,4586.19,14,16,60668.49,66473.55,7,4,1,2,0.0122,1,0,0,0,0.3637,0
ACC03701,584,88,3610.28,36,52,154741.71,140277.58,15,27,3,2,0.136,0,0,1,0,0.2842,0
ACC03702,1071,18,4195.57,8,10,42276.08,39807.32,3,5,1,3,0.0135,1,1,1,1,0.5167,0
ACC03703,1227,60,549.3,22,38,12480.18,23273.41,3,24,1,1,0.0747,3,1,1,0,0.4878,0
ACC03704,342,34,1766.79,18,16,32998.84,21384.29,12,14,1,3,0.1522,0,1,2,0,0.28,0
ACC03705,77,171,14162.35,125,46,2141548.49,635265.56,108,19,12,72,0.1975,28,6,6,6,0.9082,1
ACC03706,488,50,1911.4,22,28,41709.12,54586.5,16,11,0,3,0.0397,2,0,0,1,0.3702,0
ACC03707,181,486,47712.35,364,122,17635000.14,5154436.34,334,114,16,180,0.5638,35,8,2,6,0.9031,1
ACC03708,387,37,2962.86,23,14,86320.99,41824.09,6,2,3,1,0.0411,3,1,0,0,0.2096,0
ACC03709,46,177,8224.35,138,39,1003666.58,383932.14,138,25,21,73,0.2474,15,5,2,3,0.7188,1
ACC03710,752,43,3675.93,25,18,108463.08,53558.46,18,5,3,2,0.0369,1,3,1,1,0.0928,0
ACC03711,368,137,1794.49,60,77,107748.65,137672.15,34,39,2,2,0.0476,0,0,1,0,0.1879,0
ACC03712,1088,28,1882.68,17,11,24408.88,26087.38,8,2,1,2,0.0052,1,0,0,0,0.365,0
ACC03713,661,55,3719.78,19,36,67945.29,156584.71,6,22,0,1,0.0642,2,1,0,0,0.3335,0
ACC03714,2230,87,1151.6,42,45,60388.0,52551.85,24,28,4,2,0.0468,3,2,2,0,0.3126,0
ACC03715,529,25,3333.48,11,14,44609.81,37735.7,11,3,6,1,0.0628,2,0,1,2,0.2562,0
ACC03716,235,114,8557.57,42,72,375236.61,465964.6,24,35,3,2,0.0302,2,0,1,0,0.1607,0
ACC03717,1478,198,4173.68,105,93,570663.86,487446.37,46,51,3,0,0.0398,3,0,2,0,0.3297,0
ACC03718,1763,27,1548.64,16,11,21397.31,20498.77,3,5,0,1,0.0169,2,0,2,0,0.2395,0
ACC03719,294,87,2258.3,40,47,71711.98,134570.46,14,23,2,1,0.1326,2,2,3,2,0.3909,0
ACC03720,1245,28,2886.26,15,13,32471.55,26333.87,5,9,3,0,0.1137,4,0,0,0,0.3288,0
ACC03721,1836,66,1986.59,42,24,98225.81,43294.83,12,11,0,0,0.0475,2,1,0,0,0.2404,0
ACC03722,1041,33,4168.27,15,18,54920.78,64101.7,6,2,1,3,0.0488,1,1,0,1,0.3312,0
ACC03723,1321,49,5402.75,23,26,148225.87,118812.96,19,16,2,1,0.0212,2,1,0,0,0.2082,0
ACC03724,337,32,2438.9,17,15,33309.65,38714.14,4,4,2,3,0.03,1,2,0,1,0.1802,0
ACC03725,843,97,858.3,50,47,33731.58,40409.13,14,27,1,2,0.078,1,0,1,0,0.3573,0
ACC03726,613,24,5488.33,8,16,57526.24,90166.96,8,16,2,1,0.1036,0,0,1,0,0.175,0
ACC03727,179,279,6322.87,166,113,1143457.45,728986.03,158,109,15,105,0.3735,24,3,6,4,0.8687,1
ACC03728,289,92,10382.75,69,23,692162.14,218963.06,69,23,11,34,0.269,23,6,3,6,0.8951,1
ACC03729,775,20,4477.68,11,9,42889.0,39077.54,3,3,3,4,0.0164,2,0,0,1,0.1212,0
ACC03730,698,61,7109.32,31,30,263481.1,257820.13,15,13,2,1,0.0892,4,2,1,1,0.5788,0
ACC03731,1054,45,1349.34,21,24,36735.54,25331.91,8,7,1,0,0.0481,1,1,0,2,0.3238,0
ACC03732,1402,61,1790.71,37,24,78697.11,38857.2,9,13,1,2,0.1796,1,1,1,0,0.3832,0
ACC03733,735,33,2288.26,18,15,33625.8,37433.27,6,5,2,3,0.1422,1,1,2,0,0.5446,0
ACC03734,485,15,647.51,8,7,5875.73,4818.17,5,2,1,0,0.0136,3,1,2,0,0.2376,0
ACC03735,228,455,12199.54,355,100,4982092.39,1222128.02,315,90,14,165,0.459,34,2,9,4,0.9403,1
ACC03736,175,139,12291.29,87,52,1253814.7,663712.24,61,52,11,51,0.4991,28,6,4,2,0.7928,1
ACC03737,270,813,11238.8,643,170,6630762.83,2123920.97,568,160,16,308,0.3869,22,6,7,3,0.9829,1
ACC03738,767,10,2768.31,4,6,11678.01,13425.74,4,4,5,3,0.0038,1,1,3,1,0.0462,0
ACC03739,446,60,2364.17,37,23,83135.59,60073.63,5,9,2,2,0.0539,1,1,0,1,0.2548,0
ACC03740,532,205,15486.59,161,44,2439917.2,767302.83,123,38,15,62,0.4661,29,5,9,6,0.8577,1
ACC03741,360,55,3810.27,25,30,120481.42,137047.24,17,10,3,1,0.1,3,1,1,0,0.1519,0
ACC03742,107,378,6872.43,241,137,2028310.24,1072015.07,198,133,15,136,0.3853,20,6,5,4,0.8951,1
ACC03743,441,47,814.9,24,23,15829.07,15024.41,9,16,2,0,0.0688,2,1,3,1,0.4056,0
ACC03744,536,38,1451.93,19,19,32240.57,20717.28,2,13,3,2,0.0303,2,0,3,1,0.2996,0
ACC03745,1422,57,1658.81,31,26,61040.86,45872.0,19,11,0,3,0.0448,2,0,0,0,0.0703,0
ACC03746,74,379,11426.54,289,90,3981827.87,964390.11,266,86,17,149,0.3332,24,8,3,5,0.8228,1
ACC03747,2638,47,7559.8,23,24,144424.68,206270.82,10,11,0,3,0.0662,0,1,1,1,0.3447,0
ACC03748,2160,28,6328.69,11,17,86268.36,78469.56,2,4,3,3,0.0244,1,0,3,1,0.2273,0
ACC03749,1491,34,1747.93,21,13,47543.36,21212.16,3,3,2,3,0.0325,2,0,2,1,0.2445,0
ACC03750,764,393,19731.61,234,159,4052410.03,3672892.46,217,136,17,171,0.4429,21,5,8,5,0.8178,1
ACC03751,1408,38,1757.72,18,20,28439.51,28740.59,9,6,2,4,0.0196,5,0,2,0,0.3442,0
ACC03752,1131,32,3403.22,17,15,46767.54,52312.15,2,11,2,3,0.001,2,0,1,1,0.2578,0
ACC03753,597,244,6718.38,127,117,877323.06,697342.35,54,63,0,0,0.0502,1,1,0,1,0.2421,0
ACC03754,43,199,36960.24,158,41,6230018.18,1595314.63,124,41,21,73,0.2507,34,7,2,2,0.8843,1
ACC03755,237,637,8189.21,479,158,4818759.76,1252625.92,403,158,16,218,0.5348,30,9,3,8,0.7136,1
ACC03756,154,38,782.89,19,19,13443.2,11263.49,13,2,3,1,0.0288,0,0,0,1,0.3223,0
ACC03757,1661,63,4232.03,22,41,83580.96,146436.49,16,12,2,1,0.0333,3,0,0,1,0.3084,0
ACC03758,60,160,9988.52,101,59,1020175.03,599533.33,77,57,13,62,0.4108,21,9,5,7,0.8491,1
ACC03759,134,138,10842.26,69,69,849105.64,693679.49,53,69,11,48,0.4874,22,4,7,1,0.9759,1
ACC03760,815,79,2455.55,37,42,112412.72,121912.1,16,21,2,3,0.006,0,0,0,0,0.314,0
ACC03761,702,18,1828.16,8,10,14321.39,17207.57,2,6,4,1,0.071,2,1,2,1,0.2713,0
ACC03762,1338,10,4065.13,3,7,11691.08,28783.16,2,4,2,1,0.0624,1,1,1,2,0.2256,0
ACC03763,531,36,569.95,15,21,11518.93,12689.08,2,17,5,0,0.0084,0,1,0,0,0.2536,0
ACC03764,986,83,909.55,32,51,38588.6,58882.64,16,27,1,1,0.0368,2,0,0,0,0.1812,0
ACC03765,1700,137,6667.09,65,72,414642.79,443645.71,30,38,1,1,0.0775,0,0,0,0,0.0958,0
ACC03766,445,50,1573.04,23,27,35396.46,51281.88,15,13,1,2,0.0446,3,2,0,1,0.4223,0
ACC03767,1602,32,1650.34,17,15,24514.44,22484.73,2,14,3,3,0.078,2,0,1,0,0.2453,0
ACC03768,387,39,3262.2,14,25,46063.44,105120.18,2,9,2,4,0.068,4,0,0,0,0.3724,0
ACC03769,782,23,895.74,10,13,7353.12,11001.78,6,12,1,0,0.1321,2,0,1,1,0.5559,0
ACC03770,596,50,2757.91,31,19,91501.96,49973.51,18,5,1,0,0.0465,1,1,1,1,0.3409,0
ACC03771,1527,27,2304.93,13,14,39456.45,38936.51,12,8,2,6,0.0184,1,2,0,0,0.3183,0
ACC03772,736,40,1628.09,15,25,25553.15,28658.0,9,18,1,3,0.0569,2,0,1,4,0.2918,0
ACC03773,87,62,29062.66,37,25,1174584.05,875061.8,31,17,13,24,0.6356,19,6,4,1,0.9573,1
ACC03774,1568,139,938.31,71,68,69007.82,69165.47,34,38,2,0,0.0859,2,0,4,1,0.2528,0
ACC03775,477,8,3414.76,3,5,12649.17,16324.8,3,2,0,4,0.0102,0,1,1,0,0.071,0
ACC03776,771,34,832.09,15,19,13351.32,17283.4,5,7,1,1,0.0679,1,1,2,0,0.2722,0
ACC03777,1933,22,2108.88,13,9,26408.39,20097.47,2,3,1,0,0.0114,2,0,2,1,0.3375,0
ACC03778,5000,32,625.31,18,14,14292.11,9283.32,15,6,3,3,0.068,1,0,2,0,0.1986,0
ACC03779,1641,47,3094.2,19,28,75669.07,112093.64,11,15,2,2,0.0792,2,1,2,0,0.2769,0
ACC03780,110,446,25400.02,286,160,8259789.95,3637701.48,238,151,10,169,0.4116,27,4,8,2,0.9198,1
ACC03781,464,73,1532.09,35,38,59901.71,66552.43,23,23,0,1,0.0138,1,0,1,2,0.2496,0
ACC03782,1173,32,1940.24,14,18,20442.1,43068.86,3,2,2,5,0.0201,2,0,0,0,0.1995,0
ACC03783,1329,30,1351.76,14,16,21222.25,22957.84,3,6,2,3,0.0658,2,1,0,0,0.2394,0
ACC03784,99,269,7992.97,212,57,2056811.05,549600.68,205,31,14,97,0.4686,20,4,6,4,0.9291,1
ACC03785,241,41,3150.33,24,17,72832.34,44009.85,12,11,2,5,0.0774,0,0,1,1,0.5889,0
ACC03786,639,41,2124.9,20,21,41044.14,51869.28,10,9,0,4,0.0108,1,0,1,2,0.2625,0
ACC03787,581,61,7695.83,39,22,281802.44,167347.55,10,12,2,3,0.0537,3,2,1,1,0.1658,0
ACC03788,586,42,3252.7,19,23,74366.78,55139.42,2,11,2,0,0.0186,2,1,0,1,0.1322,0
ACC03789,68,547,13336.42,311,236,5091479.64,3440882.36,288,197,16,217,0.3834,30,6,6,2,0.8731,1
ACC03790,690,57,4531.42,36,21,177191.15,78421.02,12,19,2,0,0.1136,1,1,0,1,0.2171,0
ACC03791,711,46,2386.59,29,17,59065.19,50316.88,7,14,1,1,0.0382,3,0,1,1,0.1925,0
ACC03792,307,54,2288.07,27,27,59761.84,62847.04,9,13,0,1,0.1189,1,0,2,1,0.2817,0
ACC03793,454,424,5445.84,304,120,1440962.34,576290.63,260,112,11,172,0.3265,22,4,1,4,0.8124,1
ACC03794,263,112,1489.8,57,55,66810.71,74366.68,31,28,3,6,0.0305,1,0,1,1,0.4126,0
ACC03795,851,41,364.89,17,24,6763.16,7399.55,9,10,2,3,0.0795,2,1,0,0,0.2619,0
ACC03796,477,48,2436.09,18,30,53517.87,71990.94,7,13,1,2,0.0477,3,1,0,0,0.1999,0
ACC03797,1981,95,1451.36,49,46,95895.52,51244.12,24,24,1,3,0.1392,1,2,0,1,0.3705,0
ACC03798,587,75,3333.63,38,37,120218.69,98026.17,20,19,3,3,0.0575,1,0,1,0,0.216,0
ACC03799,1628,137,4492.77,67,70,384995.98,281934.95,19,40,2,1,0.0449,3,0,1,2,0.424,0
ACC03800,721,50,3293.3,20,30,73382.86,80397.06,6,15,2,3,0.0161,3,1,4,1,0.3033,0
ACC03801,60,134,15435.46,94,40,1583626.09,738988.61,68,23,17,56,0.3714,15,5,2,4,0.8514,1
ACC03802,71,398,26381.56,307,91,7753983.37,2563840.32,241,78,16,138,0.3558,18,1,5,1,0.8578,1
ACC03803,85,146,14292.19,76,70,1339794.92,1127152.39,51,70,13,59,0.3646,26,9,2,1,0.7523,1
ACC03804,177,107,20186.11,62,45,1387065.63,1091132.17,62,30,19,44,0.3984,28,2,3,5,0.8616,1
ACC03805,94,378,13679.33,237,141,3389569.15,1721207.38,190,122,16,161,0.4253,31,5,4,3,0.6295,1
ACC03806,415,35,1304.75,14,21,15561.01,35282.06,4,10,3,2,0.1265,0,0,1,1,0.1713,0
ACC03807,38,129,13863.25,93,36,1558035.39,511760.6,78,36,11,43,0.5628,32,11,5,6,0.881,1
ACC03808,42,224,7598.38,173,51,1607185.68,397916.97,139,42,13,67,0.3783,32,5,5,1,0.9178,1
ACC03809,1733,32,3884.57,20,12,73427.26,48622.77,12,10,2,1,0.0968,1,1,1,2,0.2938,0
ACC03810,46,391,11668.68,227,164,2649997.26,1630415.02,165,153,19,143,0.2743,23,6,6,3,0.8167,1
ACC03811,929,58,2917.99,29,29,95795.72,86865.29,19,13,5,1,0.0543,3,1,3,1,0.3443,0
ACC03812,533,49,9129.77,22,27,208237.39,284776.13,4,20,2,1,0.1121,3,0,2,0,0.4257,0
ACC03813,151,172,12775.06,107,65,1339011.41,816679.18,107,57,10,67,0.5039,31,4,5,6,0.9761,1
ACC03814,628,39,1925.93,19,20,28668.53,27687.52,6,10,1,2,0.0523,1,0,1,0,0.3362,0
ACC03815,864,47,3937.8,24,23,101564.83,106333.39,9,17,1,1,0.0699,2,0,0,0,0.367,0
ACC03816,64,176,10863.21,126,50,1383186.41,509369.85,118,44,20,67,0.2049,28,3,4,7,0.9834,1
ACC03817,531,51,1122.42,28,23,27510.87,26840.69,16,20,3,4,0.0382,2,0,1,0,0.2187,0
ACC03818,1484,52,4658.54,22,30,130328.93,112914.6,10,16,1,3,0.0906,0,0,3,1,0.3767,0
ACC03819,1277,116,3041.44,63,53,251787.63,115719.39,26,29,1,2,0.0242,2,0,0,0,0.3883,0
ACC03820,1528,49,936.43,22,27,21752.57,31498.12,5,9,3,0,0.057,2,0,3,1,0.1597,0
ACC03821,534,55,2335.37,28,27,53910.85,51599.14,8,8,2,3,0.0422,4,0,1,1,0.206,0
ACC03822,154,267,14490.12,190,77,2427022.83,1045531.11,183,62,11,101,0.2527,18,9,2,5,0.9276,1
ACC03823,1511,72,1438.77,33,39,58527.47,57045.26,17,13,2,0,0.0595,3,0,3,1,0.2125,0
ACC03824,757,44,3003.85,19,25,51576.6,77421.56,18,18,3,0,0.047,4,0,1,0,0.3304,0
ACC03825,958,80,1157.22,29,51,35436.05,49407.84,15,37,2,1,0.0518,0,1,0,1,0.1803,0
ACC03826,2541,36,1142.68,14,22,15115.71,23846.28,5,12,4,1,0.0336,0,0,1,0,0.356,0
ACC03827,1089,61,2860.53,27,34,62424.46,100213.09,16,11,0,1,0.0976,2,0,2,3,0.4634,0
ACC03828,18,221,7059.43,119,102,997347.39,833101.26,71,90,10,72,0.4528,24,7,7,4,0.8888,1
ACC03829,1825,27,3304.49,9,18,35828.28,50448.57,5,10,2,2,0.0619,2,1,0,0,0.3455,0
ACC03830,129,289,4634.0,183,106,823077.65,504492.51,168,96,15,97,0.3373,24,8,3,6,0.6181,1
ACC03831,776,78,1187.99,43,35,48438.42,48205.29,24,21,3,3,0.0427,4,2,2,0,0.5564,0
ACC03832,2222,28,3489.94,16,12,62593.47,38034.04,11,5,4,0,0.0513,0,1,3,2,0.0864,0
ACC03833,1887,126,5293.55,69,57,330259.61,239803.03,37,26,3,1,0.1081,1,0,2,0,0.1708,0
ACC03834,349,24,1337.37,8,16,10014.88,26388.24,2,8,2,2,0.0211,1,0,0,1,0.3209,0
ACC03835,1617,76,3337.76,35,41,128277.78,100236.46,20,17,0,2,0.0599,0,0,1,1,0.3818,0
ACC03836,67,208,16365.62,165,43,2460472.92,752602.31,146,29,27,76,0.3171,25,6,5,2,0.818,1
ACC03837,501,35,2095.95,13,22,28189.25,52580.4,2,10,1,5,0.0771,5,0,2,1,0.2204,0
ACC03838,329,35,3138.91,18,17,52555.73,44538.77,5,15,3,3,0.0983,3,2,0,0,0.215,0
ACC03839,2606,64,5563.39,25,39,154672.76,167392.12,10,19,2,0,0.014,2,1,1,2,0.2698,0
ACC03840,1324,54,2852.79,19,35,47275.72,105039.84,5,16,1,3,0.0713,4,0,3,0,0.5866,0
ACC03841,2198,31,4431.05,19,12,101981.89,65572.88,5,9,2,0,0.0153,0,1,0,0,0.4907,0
ACC03842,84,182,17215.72,137,45,2758098.46,941218.39,83,27,15,61,0.2333,34,3,5,10,0.8824,1
ACC03843,212,241,49547.18,120,121,7266955.46,6708725.34,76,105,15,100,0.7115,23,7,4,2,0.9153,1
ACC03844,1499,10,10532.21,5,5,60820.83,67191.48,2,2,4,3,0.0611,1,0,0,2,0.1823,0
ACC03845,2484,13,4591.59,5,8,29706.46,34596.94,3,2,3,0,0.0167,1,0,0,0,0.2222,0
ACC03846,152,517,30882.97,356,161,10132062.86,5325305.66,294,161,13,200,0.6027,33,5,4,2,0.8563,1
ACC03847,618,685,25277.23,380,305,10261672.25,7063113.02,339,259,16,241,0.4179,25,6,6,7,0.8614,1
ACC03848,135,145,27251.64,92,53,2553929.48,1547903.82,77,36,17,65,0.4725,29,4,6,5,0.8022,1
ACC03849,794,32,5992.95,17,15,76890.22,92023.03,3,12,2,1,0.0655,2,0,2,1,0.1916,0
ACC03850,429,13,3764.13,5,8,22591.64,37867.77,2,8,5,3,0.0835,0,0,1,0,0.1526,0
ACC03851,546,31,1385.06,17,14,30290.51,15634.95,4,14,1,1,0.0823,2,0,0,0,0.3724,0
ACC03852,387,16,4752.4,7,9,35995.35,53205.69,2,2,2,1,0.0402,0,0,0,1,0.1509,0
ACC03853,855,53,2483.08,26,27,65902.96,75633.14,7,16,1,5,0.0378,2,1,0,0,0.125,0
ACC03854,626,68,2464.86,30,38,88896.62,78581.05,14,26,1,3,0.0242,1,1,1,1,0.1843,0
ACC03855,355,74,3579.42,33,41,112123.64,144503.12,12,21,1,0,0.0128,1,1,1,0,0.2384,0
ACC03856,2733,43,439.02,18,25,8746.81,12512.79,13,15,6,3,0.0216,1,0,1,1,0.5162,0
ACC03857,703,72,6631.92,29,43,243887.12,301273.18,8,11,2,2,0.0245,1,2,0,1,0.2075,0
ACC03858,1134,56,2561.05,28,28,65604.12,85544.79,13,14,2,0,0.0775,3,0,3,0,0.625,0
ACC03859,956,36,3266.98,18,18,59338.99,64224.65,2,4,3,4,0.0197,1,0,1,0,0.1051,0
ACC03860,444,64,6443.11,36,28,253941.45,216332.96,12,13,2,3,0.028,0,0,2,0,0.4082,0
ACC03861,38,586,18079.69,316,270,6473063.69,5589615.25,284,243,15,225,0.4568,37,7,4,3,0.9617,1
ACC03862,410,13,1454.12,5,8,8300.11,13533.86,2,4,1,0,0.0244,3,1,1,0,0.238,0
ACC03863,1291,69,4879.81,44,25,260670.94,134105.58,17,13,3,2,0.0926,3,0,0,0,0.1885,0
ACC03864,1286,99,1238.73,62,37,84545.78,44690.79,27,22,2,4,0.0109,0,0,2,0,0.2174,0
ACC03865,1014,27,481.61,10,17,4924.66,6963.56,6,9,1,0,0.1018,1,1,2,1,0.2747,0
ACC03866,321,90,16014.28,58,32,794583.61,566620.58,56,32,18,40,0.205,27,2,8,3,0.6049,1
ACC03867,1501,27,1413.82,15,12,20134.72,20289.13,2,3,1,4,0.0082,2,1,1,0,0.1527,0
ACC03868,79,268,16300.19,207,61,2970455.27,1229961.19,187,46,20,104,0.389,28,6,2,8,0.9142,1
ACC03869,609,45,1743.2,18,27,25752.05,52572.54,2,10,3,2,0.044,1,0,0,1,0.2749,0
ACC03870,434,44,1520.61,16,28,18384.69,45900.49,3,13,0,1,0.0987,1,0,1,0,0.3179,0
ACC03871,374,69,4301.55,34,35,163982.67,110117.25,12,18,1,2,0.1091,8,1,1,2,0.3623,0
ACC03872,801,48,949.77,19,29,20839.21,27684.25,11,18,4,4,0.059,3,1,2,1,0.3943,0
ACC03873,1549,24,2824.8,12,12,38700.74,43338.88,2,9,3,0,0.03,0,0,0,0,0.1379,0
ACC03874,1093,18,2226.04,7,11,13977.76,25842.16,5,8,2,2,0.0448,0,1,0,0,0.3445,0
ACC03875,27,172,7190.54,111,61,850310.08,524295.73,91,58,9,84,0.3933,21,5,4,4,0.8431,1
ACC03876,107,118,27723.14,88,30,2279754.26,871501.16,62,30,17,43,0.4922,26,7,4,3,0.5428,1
ACC03877,213,219,32912.73,113,106,3491016.09,4142476.79,82,97,18,87,0.562,30,4,1,3,0.9506,1
ACC03878,1049,28,1657.89,12,16,17201.1,30395.56,4,2,3,1,0.0568,4,0,0,1,0.3806,0
ACC03879,547,57,1498.11,36,21,50170.25,35560.96,15,12,0,4,0.0132,1,1,1,0,0.2762,0
ACC03880,979,34,6713.12,22,12,180197.64,76182.91,11,8,6,1,0.0789,1,1,0,1,0.3759,0
ACC03881,1339,116,5102.46,69,47,434880.8,209349.34,30,30,4,2,0.0309,1,0,0,2,0.3505,0
ACC03882,113,274,12608.14,191,83,2931587.41,981453.06,165,59,10,115,0.4438,23,5,3,5,0.8802,1
ACC03883,2899,54,7953.25,20,34,186082.4,313426.74,8,17,1,3,0.0475,2,0,1,0,0.4462,0
ACC03884,1039,104,2957.27,39,65,142669.25,231928.81,12,35,3,3,0.0913,0,1,1,0,0.2581,0
ACC03885,100,465,12423.96,263,202,3200068.06,2876348.05,236,163,12,177,0.3685,27,4,9,5,0.7342,1
ACC03886,76,375,24119.85,243,132,6768864.24,3367820.98,192,128,11,157,0.3097,27,5,4,5,0.9548,1
ACC03887,1938,31,2262.05,17,14,49547.87,33910.41,3,2,0,2,0.0041,3,0,2,2,0.3283,0
ACC03888,264,105,1969.96,38,67,84325.96,118072.64,23,42,1,1,0.0522,3,0,0,1,0.3574,0
ACC03889,364,21,7614.05,9,12,89632.58,69458.78,6,11,1,2,0.0574,2,0,4,0,0.3348,0
ACC03890,1228,100,1533.48,37,63,55351.35,115719.57,13,32,2,0,0.0481,5,1,2,0,0.1588,0
ACC03891,619,63,2392.32,28,35,82842.24,94662.05,13,19,1,1,0.0193,1,1,4,2,0.3364,0
ACC03892,199,217,12210.8,136,81,2044131.95,1135744.62,119,81,13,84,0.5345,28,4,5,3,0.6693,1
ACC03893,507,54,7854.7,21,33,124208.8,216648.16,4,23,2,3,0.0177,0,2,4,0,0.2794,0
ACC03894,2446,68,3543.57,35,33,164189.52,105195.03,12,17,3,0,0.0278,3,0,1,1,0.069,0
ACC03895,239,317,21666.39,243,74,4698686.56,1482041.59,214,74,8,96,0.3475,26,11,4,5,0.751,1
ACC03896,1712,479,12321.49,325,154,4742033.52,1723749.62,264,123,13,189,0.4859,26,6,7,9,0.8737,1
ACC03897,427,33,5764.08,18,15,88420.26,83112.51,3,15,3,5,0.0833,1,1,3,4,0.4699,0
ACC03898,570,42,2675.16,18,24,43626.0,48571.9,4,10,2,2,0.0612,1,1,1,0,0.3368,0
ACC03899,1123,32,2082.11,17,15,41880.73,28125.69,11,11,4,1,0.0657,1,1,2,2,0.1534,0
ACC03900,1295,77,5876.92,44,33,325561.28,196146.24,19,22,2,1,0.0549,3,1,1,3,0.5919,0
ACC03901,291,90,2218.87,43,47,117572.74,102391.4,23,25,1,1,0.0506,2,0,2,0,0.3814,0
ACC03902,1392,26,6267.66,14,12,70695.89,53444.89,6,2,3,0,0.0161,0,0,1,0,0.2613,0
ACC03903,596,38,2584.38,23,15,45474.94,35437.52,14,13,2,2,0.0823,2,0,0,0,0.2213,0
ACC03904,709,42,1732.06,24,18,47206.64,23376.01,16,17,4,2,0.0272,0,0,0,0,0.3212,0
ACC03905,725,45,1019.01,19,26,19046.83,21826.32,5,12,3,2,0.0804,1,1,2,0,0.142,0
ACC03906,1972,81,2577.14,50,31,157485.13,100602.09,19,10,3,2,0.0473,0,1,0,0,0.1659,0
ACC03907,4536,44,2281.36,21,23,44025.77,52386.06,10,18,1,0,0.0206,4,2,1,0,0.1959,0
ACC03908,133,301,13828.91,220,81,3489899.32,1236858.69,211,69,14,94,0.5346,23,6,4,3,0.9277,1
ACC03909,163,365,47108.07,245,120,13575165.58,5251611.78,202,120,16,146,0.5215,23,6,6,3,0.9805,1
ACC03910,439,30,1334.12,15,15,26488.53,24053.9,4,7,3,4,0.0608,1,0,3,1,0.0546,0
ACC03911,681,45,2972.37,20,25,76296.54,64306.69,5,10,1,2,0.0488,2,0,0,0,0.3378,0
ACC03912,2368,38,5042.07,14,24,61578.71,124582.99,9,5,2,3,0.0672,2,0,1,1,0.1964,0
ACC03913,511,49,2945.97,17,32,46608.35,78431.07,12,17,0,2,0.0203,1,0,0,0,0.2199,0
ACC03914,1978,14,5664.03,7,7,51746.6,32464.06,5,7,1,1,0.0209,1,1,6,0,0.1905,0
ACC03915,403,28,2715.45,10,18,26958.94,43741.15,2,4,3,1,0.0391,2,0,2,0,0.4145,0
ACC03916,677,596,4466.14,377,219,1833700.2,1212146.84,328,215,7,256,0.5732,29,4,2,4,0.9867,1
ACC03917,143,242,6472.11,172,70,1253968.07,447822.09,155,48,19,100,0.2816,26,7,3,3,0.9783,1
ACC03918,565,40,4567.99,15,25,77714.75,140776.42,15,16,4,2,0.0583,1,0,2,1,0.3177,0
ACC03919,2527,48,5247.11,17,31,103925.61,135285.26,3,11,2,1,0.0049,1,1,1,0,0.1274,0
ACC03920,13,106,23403.15,64,42,1528003.96,889854.91,32,29,13,45,0.4087,17,5,5,5,0.7979,1
ACC03921,1268,13,532.59,8,5,5320.24,2051.26,3,5,2,3,0.019,3,0,1,0,0.2122,0
ACC03922,2360,48,2970.31,22,26,71184.1,62042.66,11,15,2,3,0.0426,3,1,1,0,0.2523,0
ACC03923,1943,37,1423.5,17,20,28352.32,28626.02,12,10,2,2,0.0492,2,2,0,1,0.2369,0
ACC03924,869,38,6097.84,14,24,102089.13,109287.97,10,15,4,2,0.0166,1,0,1,0,0.2032,0
ACC03925,2585,24,3012.42,9,15,34194.02,37194.92,2,9,2,1,0.0786,1,0,1,0,0.2738,0
ACC03926,1118,37,1405.32,16,21,18036.83,35176.89,2,16,1,1,0.0041,1,1,1,0,0.2862,0
ACC03927,1072,67,2022.86,39,28,62183.47,58079.9,23,15,2,3,0.0194,3,0,0,1,0.2927,0
ACC03928,86,85,14296.75,53,32,915537.55,533522.0,18,9,13,27,0.5025,16,3,2,7,0.8586,1
ACC03929,501,65,987.27,35,30,32374.91,35011.15,16,2,1,5,0.0367,1,1,5,0,0.1391,0
ACC03930,729,71,4064.18,40,31,134444.64,107178.1,31,21,5,0,0.0445,6,0,2,1,0.2611,0
ACC03931,865,55,1860.25,23,32,44418.99,68677.0,6,9,4,3,0.1334,1,2,0,1,0.348,0
ACC03932,564,49,1782.3,24,25,47537.44,39167.99,10,16,1,2,0.0691,5,0,0,0,0.2558,0
ACC03933,769,26,1670.24,15,11,25297.42,20182.5,2,11,0,1,0.0309,1,1,1,0,0.3118,0
ACC03934,681,38,417.41,17,21,9117.16,9410.09,3,2,3,3,0.0054,1,0,1,1,0.3518,0
ACC03935,283,177,15168.99,106,71,1470188.62,1192440.88,106,63,18,62,0.2289,30,8,7,6,0.9161,1
ACC03936,1388,43,1703.13,16,27,31074.68,34950.69,13,13,1,0,0.0601,4,1,2,0,0.2544,0
ACC03937,1460,33,3088.54,19,14,68830.53,32824.27,11,13,1,1,0.0309,3,0,2,0,0.3241,0
ACC03938,273,184,21291.81,111,73,2937171.33,1623766.97,86,54,19,68,0.641,15,2,4,6,0.8744,1
ACC03939,66,225,3355.54,170,55,622034.12,198500.61,160,55,19,81,0.6099,15,3,6,3,0.8196,1
ACC03940,469,23,1431.92,13,10,20504.97,17943.12,2,5,3,1,0.0253,1,1,0,2,0.2164,0
ACC03941,1502,39,5998.93,22,17,141940.11,130204.9,11,11,1,2,0.031,3,1,1,0,0.5127,0
ACC03942,1007,24,2374.08,14,10,41090.79,29685.16,10,10,3,4,0.1104,1,0,3,3,0.4917,0
ACC03943,433,100,15635.35,67,33,1090491.35,510555.9,44,24,17,26,0.3248,22,8,3,5,0.9698,1
ACC03944,809,165,28481.49,99,66,2627243.59,1962415.97,99,62,15,69,0.6299,29,10,6,5,0.7686,1
ACC03945,455,68,2994.06,39,29,119893.92,71109.32,14,14,3,3,0.0099,2,2,1,0,0.2517,0
ACC03946,2196,18,2549.04,11,7,27723.19,19457.17,11,3,1,2,0.046,0,0,1,0,0.2479,0
ACC03947,51,300,23239.46,222,78,6220909.34,2023185.46,220,72,21,119,0.4865,31,1,1,2,0.7406,1
ACC03948,676,31,1126.68,19,12,28689.81,16375.15,15,4,2,1,0.0052,4,0,0,0,0.1353,0
ACC03949,1471,69,2920.78,30,39,71244.93,85269.8,14,26,0,3,0.0698,1,1,0,1,0.3948,0
ACC03950,78,182,16152.43,132,50,2217374.78,905959.38,132,50,14,66,0.5231,28,8,6,1,0.8898,1
ACC03951,421,52,792.38,26,26,18439.42,16661.31,10,12,0,3,0.0316,1,0,1,0,0.0371,0
ACC03952,509,59,6802.88,25,34,223929.19,211947.76,18,20,1,4,0.0286,1,0,2,0,0.1624,0
ACC03953,2184,48,478.28,20,28,11476.95,13545.01,2,14,4,2,0.0707,2,1,1,1,0.079,0
ACC03954,689,16,1492.51,6,10,11311.63,16597.79,6,6,3,1,0.144,4,2,0,0,0.409,0
ACC03955,296,494,14722.34,327,167,4514922.67,2976590.88,266,142,17,192,0.4189,15,2,2,4,0.8772,1
ACC03956,76,295,12266.08,226,69,2534358.1,1003184.0,183,62,13,119,0.34,31,9,3,3,0.9393,1
ACC03957,492,39,3137.37,15,24,40073.6,68618.24,2,15,3,1,0.0643,4,0,2,1,0.2987,0
ACC03958,793,88,3951.92,47,41,159450.4,130722.68,27,20,1,1,0.0433,2,0,0,0,0.0769,0
ACC03959,153,292,20432.36,208,84,4129461.46,1653114.71,188,84,12,109,0.669,24,5,4,3,0.8158,1
ACC03960,78,246,16382.99,136,110,2194653.77,1955670.6,101,81,22,106,0.3525,28,1,1,4,0.8721,1
ACC03961,874,23,3722.49,10,13,29286.77,58685.47,2,6,0,2,0.0348,2,1,1,1,0.0574,0
ACC03962,997,59,3009.5,34,25,117168.62,53948.63,16,10,1,2,0.0389,2,0,0,1,0.2873,0
ACC03963,1001,90,2178.55,57,33,126917.12,76759.6,29,16,0,2,0.0413,0,1,1,1,0.142,0
ACC03964,113,332,12775.4,192,140,2761589.76,1677798.23,156,133,10,137,0.3522,21,7,9,3,0.8723,1
ACC03965,594,33,2368.55,11,22,26717.39,54203.08,5,15,6,2,0.0982,3,1,3,2,0.2043,0
ACC03966,981,31,3006.92,14,17,41103.94,62091.74,5,2,2,4,0.039,1,1,0,3,0.1396,0
ACC03967,3519,36,1450.12,13,23,24970.15,25897.21,5,6,2,2,0.0046,0,1,0,1,0.0254,0
ACC03968,243,96,2846.39,41,55,129798.72,112780.78,18,21,3,2,0.1245,0,0,0,0,0.4206,0
ACC03969,382,120,2380.37,42,78,105057.54,236557.27,14,42,2,2,0.02,4,0,1,1,0.4609,0
ACC03970,1550,22,4770.43,12,10,61979.75,44287.35,2,2,1,0,0.0642,0,1,1,0,0.2226,0
ACC03971,100,234,12723.77,152,82,2270955.53,1149729.96,124,82,11,91,0.2773,20,4,2,2,0.9562,1
ACC03972,2809,32,1082.74,16,16,21553.39,21457.4,10,7,4,1,0.0127,0,0,1,0,0.4986,0
ACC03973,1155,28,2222.89,17,11,49901.49,28575.89,2,2,3,0,0.0286,1,0,1,1,0.3137,0
ACC03974,82,187,21129.11,98,89,2436672.91,2190175.5,98,85,17,75,0.4607,20,7,5,5,0.6129,1
ACC03975,79,104,20020.49,58,46,1199407.65,974472.45,54,46,16,30,0.2723,29,5,9,6,0.7326,1
ACC03976,824,47,2581.84,19,28,55485.2,61108.06,10,11,1,3,0.0007,1,2,2,0,0.5095,0
ACC03977,1037,62,8393.59,24,38,237664.78,318229.7,11,26,5,0,0.0168,3,1,0,1,0.1772,0
ACC03978,1536,27,3805.74,12,15,48526.29,50261.24,2,2,2,2,0.0549,0,0,1,3,0.397,0
ACC03979,451,186,12423.44,114,72,1370825.33,867201.2,113,72,14,91,0.5265,38,6,6,3,0.4928,1
ACC03980,317,335,10205.42,171,164,1608385.01,1502050.44,131,135,12,127,0.3204,33,6,6,2,0.7765,1
ACC03981,1057,38,1457.16,16,22,21663.97,28277.8,6,9,1,2,0.0457,1,0,2,0,0.2959,0
ACC03982,156,301,12211.71,162,139,2380149.69,1612472.44,119,120,13,117,0.4448,27,4,5,1,0.8972,1
ACC03983,365,307,28564.37,210,97,7102747.19,2911044.61,190,97,17,119,0.2953,40,6,3,3,0.8834,1
ACC03984,652,32,1567.37,15,17,22227.0,30836.87,3,2,3,1,0.0142,0,1,1,0,0.443,0
ACC03985,607,18,2084.12,7,11,18398.37,19880.47,2,9,1,1,0.0179,0,1,1,2,0.2839,0
ACC03986,1009,85,2118.09,40,45,87934.45,113836.99,14,29,0,3,0.0651,1,0,1,0,0.5837,0
ACC03987,1669,30,5297.65,10,20,51206.62,120513.48,10,20,1,1,0.0366,1,0,0,1,0.2468,0
ACC03988,2262,84,472.29,42,42,24111.85,20526.25,29,25,2,1,0.1156,2,3,3,2,0.3386,0
ACC03989,92,289,10572.75,219,70,2801895.01,834209.97,174,70,21,92,0.2878,30,6,5,1,0.7704,1
ACC03990,49,115,22764.67,90,25,2058659.17,570102.71,55,25,22,51,0.1793,21,5,4,9,0.8704,1
ACC03991,1029,42,1382.16,16,26,29776.62,41010.37,2,10,0,4,0.0927,2,0,2,1,0.4086,0
ACC03992,448,18,5350.72,6,12,36776.96,72611.04,4,5,6,3,0.0102,2,0,0,0,0.1758,0
ACC03993,1597,23,3813.85,8,15,27090.33,48944.55,3,9,2,2,0.0256,0,0,0,2,0.1388,0
ACC03994,721,80,3606.03,50,30,217849.02,120277.43,20,20,0,4,0.1229,1,2,2,0,0.1422,0
ACC03995,1303,59,4442.43,28,31,97724.52,118946.36,8,22,4,2,0.0315,1,0,0,2,0.2182,0
ACC03996,423,33,1358.15,18,15,28974.4,16301.99,7,3,0,3,0.135,1,1,0,0,0.1258,0
ACC03997,2733,19,1976.99,12,7,20748.76,15751.42,4,2,1,3,0.0548,4,0,1,0,0.2345,0
ACC03998,293,89,2036.63,43,46,94713.75,82927.62,23,31,3,3,0.0615,0,0,0,0,0.1761,0
ACC03999,901,182,6607.08,84,98,571117.51,737491.64,34,46,5,0,0.0308,3,0,0,1,0.4293,0
ACC04000,2697,112,1393.9,41,71,65067.06,107170.75,12,37,3,0,0.0229,1,1,1,1,0.5623,0
ACC04001,1637,84,509.43,53,31,28732.8,16671.1,29,18,1,3,0.1204,0,2,0,0,0.278,0
ACC04002,872,22,4415.22,10,12,46796.84,64826.78,10,8,1,2,0.0098,1,1,2,3,0.1451,0
ACC04003,1339,50,2024.8,24,26,41680.21,37484.22,11,14,2,4,0.0841,4,1,1,0,0.1996,0
ACC04004,466,38,4724.9,23,15,142094.49,71058.48,14,7,1,1,0.0251,0,0,1,0,0.1018,0
ACC04005,102,144,14362.68,90,54,1138489.62,797044.84,65,36,20,49,0.2512,26,5,7,2,0.778,1
ACC04006,173,425,7238.26,260,165,2011647.45,1152102.56,245,138,11,151,0.3148,32,5,4,5,0.9242,1
ACC04007,1188,146,2639.25,85,61,205657.61,118651.74,27,31,1,3,0.0506,1,0,1,0,0.2056,0
ACC04008,1154,71,5695.53,26,45,172485.94,330116.52,12,16,1,4,0.0397,2,1,3,2,0.038,0
ACC04009,858,25,14227.26,9,16,130349.75,272828.03,2,14,0,0,0.0424,0,0,1,1,0.2773,0
ACC04010,619,105,3064.69,43,62,174022.07,231741.25,6,26,2,1,0.1063,1,0,2,0,0.4862,0
ACC04011,5000,26,4575.27,15,11,77697.27,45437.18,9,4,3,4,0.0846,1,1,0,0,0.4098,0
ACC04012,825,29,2589.57,12,17,30552.99,48930.57,5,2,2,2,0.0918,1,0,1,2,0.1828,0
ACC04013,1815,28,1480.69,11,17,12505.18,31950.39,7,14,2,2,0.0573,4,3,2,2,0.2927,0
ACC04014,1269,30,2421.27,15,15,48499.28,35989.66,10,2,2,2,0.1515,1,0,2,2,0.0366,0
ACC04015,906,37,9797.87,20,17,151303.93,134008.15,2,12,2,1,0.0917,3,0,1,1,0.2239,0
ACC04016,991,53,3913.22,26,27,106978.01,98035.57,13,13,2,1,0.0211,1,1,1,1,0.0845,0
ACC04017,258,331,19991.17,192,139,4674106.48,3338427.62,172,114,12,119,0.548,31,9,4,3,0.9515,1
ACC04018,586,98,3629.32,60,38,289279.12,123668.49,37,16,3,0,0.0598,3,0,0,0,0.3651,0
ACC04019,98,68,10249.08,53,15,482013.09,186123.25,53,15,13,33,0.4408,23,8,7,6,0.7874,1
ACC04020,380,549,13119.05,359,190,4290449.81,2658496.47,296,154,17,205,0.3583,31,2,4,4,0.8459,1
ACC04021,37,61,25905.93,35,26,1008157.98,641764.2,35,22,14,22,0.4604,29,8,6,4,0.931,1
ACC04022,139,167,11916.62,121,46,1578105.09,616710.11,108,31,19,60,0.4943,30,7,0,1,0.9397,1
ACC04023,493,72,855.37,39,33,41823.83,27572.0,18,9,0,2,0.0282,1,0,0,2,0.4277,0
ACC04024,105,253,12330.59,155,98,1640223.55,1322995.2,155,86,16,89,0.1365,30,8,4,5,0.7186,1
ACC04025,71,481,10785.85,329,152,3686362.43,1668100.16,265,145,9,172,0.275,32,3,6,5,0.8453,1
ACC04026,1815,17,3584.26,6,11,18554.02,27816.52,2,10,1,2,0.0869,2,0,0,1,0.179,0
ACC04027,1247,66,1413.34,26,40,47770.78,55245.66,10,15,2,2,0.0701,1,0,1,2,0.165,0
ACC04028,111,188,19254.6,117,71,2647869.11,1305617.84,98,50,8,72,0.6403,34,5,3,4,0.9146,1
ACC04029,777,35,6123.91,17,18,124042.46,89610.07,5,14,6,1,0.0906,1,2,2,0,0.2813,0
ACC04030,1779,54,2288.2,33,21,70640.23,43468.91,18,21,1,1,0.0209,2,1,1,2,0.3385,0
ACC04031,31,93,6794.13,74,19,505834.36,129937.06,62,19,17,37,0.6421,42,10,5,4,0.9191,1
ACC04032,115,181,7778.05,135,46,1181842.43,325807.59,128,46,15,64,0.3283,22,5,5,3,0.8763,1
ACC04033,2525,15,3978.53,7,8,34073.71,24813.41,6,8,1,3,0.0341,3,1,2,0,0.3265,0
ACC04034,299,10,3057.5,6,4,22878.7,15203.69,6,2,0,1,0.0069,0,0,2,2,0.1792,0
ACC04035,400,43,2261.99,15,28,34936.42,62219.39,2,17,1,2,0.0166,2,0,2,0,0.3948,0
ACC04036,1118,33,1199.09,15,18,19404.13,26828.59,9,18,4,4,0.1475,0,1,1,0,0.3085,0
ACC04037,2471,26,1300.81,12,14,15070.52,18857.53,4,12,1,4,0.0601,2,1,2,1,0.2477,0
ACC04038,190,202,24899.65,155,47,3392193.61,1096230.25,145,47,10,84,0.421,25,4,7,4,0.8635,1
ACC04039,106,160,12360.74,119,41,1459778.09,589205.23,100,18,17,59,0.3276,21,11,5,5,0.45,1
ACC04040,431,28,3410.71,11,17,49633.45,43575.21,3,3,2,3,0.0899,1,0,1,0,0.1458,0
ACC04041,659,81,13942.83,52,29,544904.4,427128.21,16,14,2,2,0.0843,1,0,0,2,0.1229,0
ACC04042,1571,58,6702.71,27,31,168323.67,244049.86,19,26,4,1,0.0095,2,0,0,0,0.2389,0
ACC04043,1460,73,2593.61,43,30,143334.73,60418.0,24,12,4,3,0.094,2,0,0,1,0.3666,0
ACC04044,1235,28,2418.17,15,13,36796.71,29213.22,2,7,1,3,0.0531,1,1,2,1,0.4112,0
ACC04045,67,314,11847.23,188,126,2174598.79,1568867.71,145,126,7,127,0.506,31,5,4,9,0.9036,1
ACC04046,469,60,2545.44,25,35,50216.05,68495.82,5,22,3,0,0.0244,3,0,0,1,0.0853,0
ACC04047,2056,57,1444.9,25,32,28521.82,58710.44,14,15,0,5,0.006,1,0,1,2,0.1999,0
ACC04048,2933,45,1020.9,26,19,35368.67,22055.39,3,6,1,0,0.0411,2,0,3,1,0.4084,0
ACC04049,597,45,3375.84,24,21,72028.21,50470.0,10,5,3,1,0.0304,1,2,0,1,0.2925,0
ACC04050,126,233,7402.75,122,111,1121728.93,754027.16,109,104,10,103,0.5466,24,4,3,4,0.8748,1
ACC04051,915,62,4989.87,32,30,190228.8,188224.59,5,14,1,3,0.0509,3,0,0,0,0.3301,0
ACC04052,1439,23,2219.88,8,15,15089.53,35639.05,2,8,2,2,0.044,1,1,0,0,0.2845,0
ACC04053,2482,56,2365.93,22,34,60076.75,90406.29,7,24,2,1,0.0899,0,0,3,1,0.1586,0
ACC04054,297,73,4414.33,34,39,140417.03,137012.95,12,20,3,1,0.0926,2,1,0,2,0.2458,0
ACC04055,125,167,12749.15,111,56,1727156.59,692329.7,88,56,17,62,0.4716,24,5,5,3,0.7323,1
ACC04056,1605,111,2865.65,71,40,245424.06,120567.52,23,22,7,1,0.0724,1,3,2,1,0.1395,0
ACC04057,667,30,1230.49,13,17,20622.94,21330.36,2,4,2,2,0.0305,1,0,0,0,0.2741,0
ACC04058,41,160,10347.92,112,48,1416862.33,438992.6,104,41,11,70,0.514,25,7,7,9,0.9254,1
ACC04059,1017,22,1118.32,12,10,13925.22,10556.89,6,2,2,2,0.035,3,1,2,0,0.0676,0
ACC04060,116,422,10340.73,224,198,2022195.22,2375469.27,200,193,21,158,0.3186,21,10,7,3,0.9762,1
ACC04061,47,620,24342.17,446,174,11741784.27,4712832.1,377,157,20,214,0.2256,30,8,11,3,0.8567,1
ACC04062,846,56,3484.17,20,36,74773.24,105120.86,16,15,2,0,0.0143,3,0,2,0,0.2682,0
ACC04063,1330,105,4475.72,51,54,305542.82,193322.1,28,33,1,2,0.0642,1,1,2,0,0.23,0
ACC04064,1478,41,5460.3,22,19,121303.53,118864.82,10,4,1,2,0.0399,2,0,3,0,0.1882,0
ACC04065,32,551,10986.09,408,143,3934726.1,1760425.05,336,121,23,245,0.2212,30,13,7,5,0.8986,1
ACC04066,162,45,8489.92,22,23,208197.16,171604.35,22,14,3,1,0.0098,1,2,1,2,0.406,0
ACC04067,328,287,15904.07,148,139,2463392.04,2617451.68,112,130,11,104,0.627,20,5,5,4,0.8892,1
ACC04068,781,26,1388.95,10,16,17564.56,20899.32,6,3,2,2,0.0241,3,1,0,1,0.0324,0
ACC04069,1580,59,1859.18,27,32,43235.4,59842.89,18,18,2,1,0.0449,3,1,0,0,0.447,0
ACC04070,1357,85,1639.36,39,46,49643.74,66698.88,35,22,3,1,0.1624,2,1,3,1,0.4329,0
ACC04071,71,701,15274.18,470,231,8436171.51,4244431.36,409,192,7,289,0.5116,21,5,2,1,0.8224,1
ACC04072,1213,31,867.88,12,19,11911.72,15144.57,4,14,2,1,0.0639,1,0,0,2,0.4102,0
ACC04073,70,355,7447.2,226,129,1613074.71,905323.71,210,118,11,151,0.4478,23,6,4,5,0.9466,1
ACC04074,991,51,1234.69,32,19,36495.44,21159.36,12,8,2,3,0.0289,2,1,0,0,0.4319,0
ACC04075,2406,43,2976.96,25,18,69706.01,56053.22,2,5,3,1,0.1074,2,0,1,0,0.1715,0
ACC04076,2095,71,7948.91,34,37,232288.52,240155.66,10,22,2,3,0.0206,1,0,0,1,0.2699,0
ACC04077,30,186,14628.94,105,81,1747744.41,1274794.22,98,57,10,68,0.2449,34,9,7,1,0.4665,1
ACC04078,864,79,6200.42,48,31,345335.78,150546.51,19,15,2,1,0.026,1,0,1,0,0.4823,0
ACC04079,208,409,10680.77,262,147,2658113.3,1886124.96,208,124,19,160,0.4377,21,4,7,3,0.7674,1
ACC04080,660,53,1671.73,27,26,47934.26,30680.59,9,20,3,4,0.0715,2,0,3,0,0.2206,0
ACC04081,998,39,4575.95,21,18,116995.64,60682.33,19,6,2,1,0.0512,2,0,0,0,0.1282,0
ACC04082,1059,63,5642.11,22,41,98571.37,274889.48,8,26,0,4,0.1106,2,0,1,2,0.1588,0
ACC04083,64,141,15660.59,76,65,1138037.46,938459.78,44,61,21,59,0.2999,25,8,7,6,0.6364,1
ACC04084,503,209,1120.3,122,87,110130.68,110940.03,52,43,4,3,0.0562,3,0,0,0,0.1344,0
ACC04085,498,80,3832.23,40,40,118834.26,143993.72,18,26,1,1,0.1542,1,1,3,0,0.1977,0
ACC04086,677,34,1757.68,19,15,43893.08,24322.72,8,7,3,1,0.1373,1,0,2,0,0.1926,0
ACC04087,1690,38,5302.95,22,16,139513.53,105281.93,15,16,2,1,0.0206,1,1,0,1,0.3499,0
ACC04088,944,59,3521.97,33,26,154854.41,64336.67,15,8,3,4,0.0623,4,0,1,0,0.5012,0
ACC04089,909,45,6849.7,15,30,89893.45,178283.36,7,9,3,0,0.0303,3,0,2,3,0.1721,0
ACC04090,341,37,2861.27,21,16,69773.34,35982.48,6,10,1,1,0.0428,0,0,1,0,0.2545,0
ACC04091,396,26,1695.53,11,15,22639.32,31248.41,3,15,2,1,0.018,4,0,1,0,0.2816,0
ACC04092,40,412,10017.11,231,181,2283556.12,2054997.9,194,158,9,158,0.1655,23,4,5,7,0.9244,1
ACC04093,111,451,11160.27,274,177,3326761.68,2212012.73,249,155,19,186,0.2472,23,3,3,3,0.7533,1
ACC04094,566,29,794.56,18,11,12615.43,11279.35,6,7,2,1,0.1197,2,1,0,0,0.4029,0
ACC04095,659,46,4686.07,26,20,111889.02,117331.59,15,8,7,1,0.0988,1,0,0,2,0.3328,0
ACC04096,278,367,9724.11,190,177,1940425.67,1540515.15,178,161,12,143,0.3223,29,6,5,4,0.83,1
ACC04097,1094,26,8618.15,11,15,89713.46,140396.19,11,5,0,3,0.0583,5,1,1,0,0.0851,0
ACC04098,731,51,1213.83,26,25,34815.43,34961.06,12,5,1,4,0.011,2,0,2,0,0.273,0
ACC04099,191,116,15022.56,91,25,1538657.02,342753.87,91,22,15,43,0.3134,24,8,3,6,0.92,1
ACC04100,782,47,4287.88,25,22,86863.51,121486.86,17,15,1,0,0.016,0,0,2,0,0.2141,0
ACC04101,566,17,3498.81,7,10,29285.26,35216.89,6,10,2,3,0.0039,1,0,0,2,0.1909,0
ACC04102,592,36,856.96,17,19,15222.19,13000.5,8,5,1,1,0.0582,1,0,4,1,0.335,0
ACC04103,97,186,23005.3,128,58,2920220.49,1633154.71,93,51,8,74,0.6106,29,6,7,4,0.9259,1
ACC04104,129,289,13498.92,192,97,2847407.76,1383429.43,172,97,17,93,0.5455,26,6,4,5,0.919,1
ACC04105,1118,82,1833.29,34,48,49193.51,97843.42,20,26,1,2,0.1184,2,1,2,1,0.229,0
ACC04106,791,13,3362.78,6,7,24199.74,30560.54,6,4,1,2,0.0617,2,0,1,2,0.2385,0
ACC04107,387,16,1757.12,9,7,13690.5,14099.19,9,2,1,2,0.0306,3,1,2,1,0.2807,0
ACC04108,100,180,14512.64,123,57,2071714.8,938312.05,113,52,16,61,0.2569,21,10,5,6,0.5642,1
ACC04109,764,31,2185.24,16,15,33752.87,23665.44,5,5,1,2,0.0245,0,1,1,1,0.3797,0
ACC04110,553,24,6635.92,14,10,72636.32,63143.19,2,4,5,3,0.1283,0,0,1,0,0.154,0
ACC04111,1368,48,1087.9,23,25,19430.91,29052.96,12,17,2,2,0.0829,4,1,3,1,0.1135,0
ACC04112,1617,54,2977.87,30,24,91453.64,81263.08,12,12,4,1,0.0082,1,0,1,0,0.5341,0
ACC04113,48,409,12654.51,210,199,2729965.42,3009777.39,177,193,10,170,0.5269,18,2,2,3,0.94,1
ACC04114,3911,27,1240.22,14,13,19986.93,16224.91,4,3,3,2,0.1485,3,0,1,1,0.3195,0
ACC04115,373,58,2198.88,31,27,66733.97,47460.46,4,11,2,3,0.0315,0,1,2,0,0.3722,0
ACC04116,1104,63,2723.38,37,26,114137.86,90131.75,9,2,2,4,0.0404,0,1,1,2,0.4422,0
ACC04117,689,38,4292.86,19,19,86839.57,76562.83,15,14,2,1,0.0741,1,1,1,0,0.1477,0
ACC04118,161,582,10791.4,425,157,5649118.8,1524425.12,338,155,21,216,0.2942,27,7,6,1,0.7211,1
ACC04119,404,54,2634.91,27,27,83998.74,77960.78,10,19,3,1,0.0918,2,0,3,0,0.2537,0
ACC04120,992,48,2226.25,28,20,57438.95,56903.83,9,20,4,3,0.0542,0,1,0,0,0.1568,0
ACC04121,106,212,16846.39,151,61,2269654.3,1212990.89,120,47,19,99,0.2703,25,6,4,3,0.9124,1
ACC04122,485,124,2026.82,66,58,118468.61,133750.33,22,39,2,7,0.0646,0,0,3,0,0.1199,0
ACC04123,571,16,4392.44,8,8,29729.73,39048.64,8,2,2,2,0.0402,1,0,3,0,0.1504,0
ACC04124,670,77,2197.0,32,45,62154.16,125362.14,12,12,2,2,0.0512,0,0,5,1,0.2778,0
ACC04125,1882,61,1344.99,27,34,29149.29,59224.57,16,12,3,2,0.0815,2,0,1,1,0.2769,0
ACC04126,336,48,2766.53,26,22,65451.02,61670.99,20,18,3,2,0.0318,3,0,3,0,0.227,0
ACC04127,39,426,9368.1,271,155,2321411.38,1790729.42,230,121,13,156,0.4305,28,6,2,8,0.8022,1
ACC04128,896,115,2084.24,54,61,111687.86,102346.61,23,38,0,3,0.0391,2,1,1,1,0.0596,0
ACC04129,133,518,19537.77,280,238,5832682.01,5517440.19,262,227,14,209,0.065,32,6,4,2,0.7946,1
ACC04130,1019,193,3885.93,91,102,332901.47,346164.91,38,49,1,2,0.0759,1,0,1,1,0.3395,0
ACC04131,31,131,14249.45,102,29,1310743.73,408824.2,97,28,12,60,0.1516,22,6,5,2,0.8293,1
ACC04132,775,32,4403.82,16,16,88973.74,53296.42,4,2,3,1,0.1071,3,0,0,1,0.3762,0
ACC04133,169,606,26053.84,437,169,10218826.25,4068024.69,373,163,12,226,0.5058,27,8,3,5,0.9676,1
ACC04134,40,220,6084.89,158,62,931488.84,333547.04,138,62,12,87,0.2973,26,1,9,6,0.9507,1
ACC04135,48,143,17975.92,84,59,1635891.99,1178286.14,74,38,16,55,0.344,21,9,2,6,0.8647,1
ACC04136,1793,14,1295.13,6,8,7980.78,7402.08,5,2,2,1,0.0242,4,0,1,1,0.4007,0
ACC04137,2162,24,1142.68,14,10,20347.18,8872.88,2,2,3,1,0.0049,1,1,1,1,0.1487,0
ACC04138,1285,37,958.34,21,16,24392.35,13811.5,7,7,3,1,0.0563,0,0,0,0,0.4015,0
ACC04139,362,61,3636.95,21,40,87688.47,123029.77,9,21,2,2,0.049,2,0,1,0,0.4382,0
ACC04140,441,22,1485.48,9,13,13720.79,16826.09,7,11,0,3,0.1572,2,0,0,0,0.4579,0
ACC04141,597,54,1488.96,21,33,30543.47,53490.77,4,17,2,1,0.0759,3,0,2,0,0.3741,0
ACC04142,1065,24,2994.51,11,13,44196.07,37107.66,2,8,1,2,0.083,3,1,0,2,0.1344,0
ACC04143,942,59,1999.5,33,26,83637.45,65172.4,22,20,2,4,0.005,1,1,2,0,0.4391,0
ACC04144,100,282,16115.73,151,131,2632093.5,1825565.14,118,130,14,100,0.4791,32,5,7,2,0.7802,1
ACC04145,460,727,24560.62,527,200,11570392.98,4365298.65,460,184,12,252,0.1928,19,5,6,6,0.9947,1
ACC04146,3629,34,3520.74,14,20,58700.64,64083.96,11,18,3,3,0.0353,0,0,3,2,0.6444,0
ACC04147,661,40,1013.16,17,23,21927.39,22883.97,14,15,2,0,0.0413,2,0,1,1,0.1622,0
ACC04148,291,127,1547.0,58,69,98744.8,136312.28,9,41,0,5,0.0255,2,1,1,0,0.0756,0
ACC04149,664,59,2952.86,36,23,142720.87,85049.93,20,17,1,2,0.0534,0,0,0,0,0.3406,0
ACC04150,2177,72,1271.07,30,42,35044.15,69363.52,17,28,0,3,0.0457,1,0,0,1,0.2554,0
ACC04151,949,68,18198.45,27,41,502005.18,898592.1,12,13,2,3,0.0359,0,1,2,2,0.1058,0
ACC04152,94,671,61325.29,479,192,26487055.45,11135713.62,434,160,16,232,0.5841,28,6,3,2,0.791,1
ACC04153,28,240,8013.17,186,54,1517193.4,404501.46,165,54,9,76,0.4653,16,3,6,2,0.5781,1
ACC04154,272,248,8600.28,171,77,1258722.79,660991.09,134,70,15,80,0.3511,31,6,4,4,0.8603,1
ACC04155,907,55,800.78,29,26,24209.48,17090.93,9,17,2,0,0.0306,4,2,1,0,0.4402,0
ACC04156,817,39,1399.59,22,17,41436.43,29534.29,13,12,2,1,0.0271,4,0,0,2,0.1817,0
ACC04157,1512,20,6026.31,12,8,73264.5,36775.19,2,6,0,2,0.0388,1,1,0,2,0.3317,0
ACC04158,177,350,17943.48,189,161,3371273.27,3573562.15,189,149,16,116,0.2545,28,5,7,2,0.7045,1
ACC04159,2308,42,3356.77,20,22,66225.8,54688.06,7,8,3,4,0.072,0,1,0,1,0.2748,0
ACC04160,949,60,4098.5,38,22,148296.75,109485.36,18,2,6,1,0.0077,2,0,0,1,0.2167,0
ACC04161,23,223,10518.13,166,57,1707216.55,587602.4,129,57,13,73,0.6268,25,4,5,5,0.9034,1
ACC04162,1616,66,4583.75,34,32,208020.37,180969.34,14,9,3,1,0.0058,2,1,1,1,0.1402,0
ACC04163,91,146,13001.82,92,54,1154388.93,613998.44,73,46,15,40,0.1938,30,7,4,4,0.854,1
ACC04164,222,274,24120.54,165,109,4213169.11,2364735.04,127,87,7,107,0.5007,25,7,2,1,0.9533,1
ACC04165,46,341,9707.22,245,96,2125592.17,1158345.24,170,96,15,125,0.2714,22,6,5,1,0.9222,1
ACC04166,2198,40,1714.35,23,17,35606.13,31085.18,11,16,2,2,0.0115,0,0,1,0,0.1625,0
ACC04167,890,16,4762.94,7,9,39011.35,45495.48,4,2,1,2,0.1052,2,0,0,1,0.169,0
ACC04168,328,26,2498.41,12,14,29082.12,31042.46,3,14,5,3,0.1042,1,1,0,0,0.0986,0
ACC04169,737,27,3443.2,12,15,42669.81,44042.21,5,5,2,1,0.093,2,1,1,1,0.3326,0
ACC04170,154,199,5293.85,135,64,815914.38,379456.71,113,29,5,73,0.4938,29,10,4,5,0.9061,1
ACC04171,1239,83,5046.21,33,50,183666.33,204605.41,14,27,3,4,0.0098,0,1,2,1,0.0757,0
ACC04172,384,29,2417.8,11,18,29306.03,37489.37,3,3,2,2,0.0578,1,1,1,1,0.213,0
ACC04173,430,83,46515.77,53,30,2653718.57,1552695.85,53,30,21,43,0.2399,31,3,6,2,0.912,1
ACC04174,3690,40,2057.77,14,26,38703.72,65230.55,10,10,1,4,0.0381,1,0,1,1,0.0898,0
ACC04175,430,355,14908.5,280,75,4834087.77,1135764.82,218,63,12,138,0.4303,24,8,4,2,0.8266,1
ACC04176,122,199,9553.87,126,73,1147682.52,847208.11,102,69,17,92,0.3294,28,8,3,2,0.9076,1
ACC04177,116,951,3842.15,553,398,1847194.04,1816188.22,454,349,14,362,0.4558,15,4,5,4,0.7591,1
ACC04178,950,23,2444.23,14,9,44610.49,25447.87,6,6,2,2,0.0159,2,0,1,3,0.468,0
ACC04179,1081,12,3615.31,6,6,24100.52,19953.05,2,2,3,1,0.0347,1,0,1,1,0.0305,0
ACC04180,1516,41,5813.27,25,16,146771.45,119495.41,13,12,2,3,0.0326,2,0,1,0,0.1844,0
ACC04181,129,553,7132.74,299,254,2612529.2,2215085.19,258,219,5,212,0.4557,22,8,5,5,0.946,1
ACC04182,365,56,3625.73,29,27,87123.41,109950.9,9,22,4,2,0.0176,1,0,1,0,0.1534,0
ACC04183,619,56,1841.21,34,22,65759.13,51054.4,20,11,2,5,0.0196,4,0,5,0,0.2078,0
ACC04184,1057,103,1060.5,49,54,62990.04,43673.68,19,23,3,3,0.1274,1,0,2,0,0.2184,0
ACC04185,890,111,2952.95,47,64,143741.7,150567.87,31,37,2,1,0.0089,1,1,1,3,0.3367,0
ACC04186,276,274,26924.56,192,82,4903743.8,2407087.95,160,73,15,95,0.292,25,7,3,2,0.6102,1
ACC04187,674,25,4624.49,9,16,44836.45,86261.84,2,5,3,5,0.0695,1,0,0,0,0.2735,0
ACC04188,1274,18,1924.4,9,9,15165.92,15008.37,2,7,4,0,0.0305,0,0,1,1,0.2017,0
ACC04189,75,248,7012.84,191,57,1271278.97,465520.0,169,56,18,96,0.3931,22,10,1,3,0.7776,1
ACC04190,419,132,3434.05,65,67,215262.42,289356.22,32,40,2,2,0.0527,3,0,2,1,0.7235,0
ACC04191,603,53,1612.45,32,21,52771.68,39183.6,10,12,4,2,0.0164,0,1,4,1,0.1908,0
ACC04192,1591,29,8112.19,16,13,174883.23,98270.79,6,6,0,2,0.025,1,3,1,0,0.1762,0
ACC04193,270,25,939.79,11,14,13324.45,16675.67,2,4,3,1,0.0033,3,2,0,1,0.1849,0
ACC04194,458,71,2821.88,32,39,117058.33,134002.56,11,27,0,2,0.0954,4,0,1,3,0.3353,0
ACC04195,2169,48,5809.26,21,27,110449.44,150847.3,14,10,3,0,0.0301,0,0,1,0,0.3207,0
ACC04196,797,37,1412.33,15,22,23435.42,22327.62,11,4,2,2,0.1166,2,0,3,1,0.1829,0
ACC04197,979,32,7190.09,17,15,125210.26,138958.16,8,9,1,1,0.0366,3,0,2,0,0.1914,0
ACC04198,36,266,14088.83,141,125,2089463.0,1932752.1,139,119,20,106,0.4649,20,4,6,1,0.7898,1
ACC04199,1753,22,1323.29,9,13,13793.07,21185.63,2,11,1,4,0.0222,2,2,2,0,0.3062,0
ACC04200,1141,100,1663.58,48,52,62117.69,65727.65,17,26,1,5,0.0277,0,1,0,0,0.0794,0
ACC04201,1422,53,1592.97,32,21,55644.73,28946.36,13,6,2,1,0.0525,0,1,1,1,0.3618,0
ACC04202,291,41,2287.2,21,20,37206.2,37347.38,9,13,2,0,0.0655,3,0,0,0,0.3929,0
ACC04203,139,126,6373.12,63,63,348511.42,424042.72,55,63,7,57,0.3874,27,7,8,3,0.9551,1
ACC04204,375,511,14610.99,308,203,5024035.37,2895944.46,266,185,16,187,0.2829,25,6,5,5,0.7773,1
ACC04205,1467,15,1281.03,6,9,9945.59,14659.69,2,2,1,4,0.0356,2,0,1,0,0.3507,0
ACC04206,1130,22,4461.69,11,11,43895.82,46805.36,9,6,2,1,0.1006,2,0,1,2,0.1377,0
ACC04207,696,24,2880.3,11,13,37380.65,43587.34,11,10,3,2,0.0539,1,1,3,2,0.1299,0
ACC04208,2405,196,5039.06,116,80,551762.37,470789.8,48,40,1,3,0.0764,2,0,1,0,0.2164,0
ACC04209,99,255,8494.1,191,64,1511583.97,500828.85,149,59,8,101,0.5917,26,6,7,4,0.8867,1
ACC04210,852,92,5146.63,45,47,287815.53,232709.38,16,27,0,2,0.0219,1,0,1,0,0.2141,0
ACC04211,161,196,29472.42,126,70,4180232.72,2027062.27,124,56,13,80,0.397,19,6,7,2,0.8552,1
ACC04212,126,420,15254.23,320,100,5973284.7,1460984.44,268,97,15,167,0.558,20,4,8,2,0.7076,1
ACC04213,233,466,5210.07,320,146,1522910.33,847257.12,261,125,17,181,0.3562,19,6,7,2,0.7979,1
ACC04214,78,754,27642.62,589,165,15767390.29,4633022.0,512,157,12,266,0.3479,26,9,4,6,0.45,1
ACC04215,317,169,1209.71,76,93,106465.05,97949.45,29,58,3,2,0.073,2,1,2,0,0.2262,0
ACC04216,555,26,2921.59,15,11,33770.72,33445.98,2,5,3,0,0.0008,2,1,0,0,0.4812,0
ACC04217,420,337,17891.16,200,137,3466019.94,2302638.63,182,135,10,132,0.3892,18,10,4,7,0.922,1
ACC04218,1519,58,2080.67,30,28,76811.73,41116.54,9,14,3,3,0.013,1,0,2,1,0.4293,0
ACC04219,995,35,966.93,15,20,13475.46,14531.26,9,13,0,1,0.0897,2,1,1,1,0.1785,0
ACC04220,351,178,16135.65,99,79,1577658.47,1300450.43,99,67,12,73,0.2391,34,3,6,4,0.7176,1
ACC04221,5000,30,2223.73,11,19,19225.53,49874.94,6,7,0,4,0.0477,1,0,0,0,0.5823,0
ACC04222,506,143,22958.23,108,35,2192663.55,824568.18,94,22,16,63,0.1993,20,1,4,2,0.8382,1
ACC04223,603,35,4715.26,21,14,104699.4,75365.48,10,12,1,1,0.0495,1,3,2,1,0.2844,0
ACC04224,736,20,3295.37,9,11,28932.89,34191.02,2,2,0,2,0.0408,2,1,1,0,0.3635,0
ACC04225,374,111,21047.93,65,46,1656508.58,840675.16,55,46,17,34,0.3829,29,7,5,4,0.7388,1
ACC04226,1443,87,2593.08,42,45,114116.14,140621.95,19,19,2,0,0.0048,2,0,5,2,0.0682,0
ACC04227,89,257,8546.44,176,81,1479325.47,749743.38,162,81,17,94,0.4161,18,5,7,1,0.6711,1
ACC04228,1407,29,1982.57,15,14,26253.96,28637.07,4,6,0,3,0.0883,3,0,0,0,0.2065,0
ACC04229,457,47,1411.31,28,19,30032.47,29927.42,8,16,3,1,0.0871,2,2,1,1,0.461,0
ACC04230,1072,37,2307.76,19,18,44347.63,41120.59,10,15,2,1,0.0638,1,0,0,0,0.0458,0
ACC04231,1761,41,1557.56,24,17,36134.43,29616.7,6,7,0,1,0.0892,3,1,2,0,0.5179,0
ACC04232,292,56,3154.71,22,34,61902.07,81246.43,10,9,1,3,0.0218,3,1,1,0,0.3211,0
ACC04233,126,166,11929.98,96,70,1329613.59,891847.71,75,46,10,54,0.5543,24,8,4,2,0.9104,1
ACC04234,962,38,1656.72,14,24,30887.94,32794.32,6,15,1,2,0.0946,1,1,0,0,0.243,0
ACC04235,152,392,8841.51,205,187,2001957.8,1554936.14,176,169,19,159,0.4941,27,10,9,5,0.9115,1
ACC04236,146,718,27635.76,536,182,14047857.49,4724897.08,456,150,15,264,0.4071,27,3,1,2,0.9563,1
ACC04237,900,27,1930.09,12,15,28264.98,30105.92,2,9,4,4,0.0483,0,0,2,0,0.392,0
ACC04238,583,71,1975.64,40,31,65837.76,77784.7,16,20,3,1,0.017,0,1,0,0,0.1868,0
ACC04239,346,39,3898.09,16,23,48239.43,84664.09,6,7,0,3,0.051,0,0,1,0,0.1512,0
ACC04240,2599,64,462.7,32,32,13884.69,18790.7,21,20,2,1,0.0126,2,0,0,2,0.5913,0
ACC04241,515,17,3744.34,10,7,36841.63,22304.55,2,7,3,2,0.066,2,0,0,0,0.6209,0
ACC04242,115,481,10035.9,313,168,2885791.15,1618544.16,269,168,11,185,0.5483,22,7,4,2,0.7571,1
ACC04243,739,43,2545.88,17,26,33855.93,81253.02,4,10,1,2,0.0361,0,3,1,1,0.1837,0
ACC04244,360,79,1208.41,50,29,53302.18,36410.22,27,15,4,3,0.1257,3,2,2,3,0.4255,0
ACC04245,227,43,1678.69,22,21,35611.25,43179.0,12,11,1,2,0.0496,0,2,0,0,0.4201,0
ACC04246,856,29,5396.52,17,12,97155.66,71483.25,8,12,3,0,0.0717,3,0,0,2,0.3554,0
ACC04247,3239,35,1336.39,18,17,22225.68,22772.16,2,9,5,2,0.1114,3,1,0,2,0.1184,0
ACC04248,98,532,51204.63,333,199,20513088.97,8771448.72,297,199,7,202,0.5302,24,4,3,2,0.9675,1
ACC04249,505,183,7738.66,116,67,1110247.4,479971.54,106,64,15,64,0.2542,24,6,3,4,0.6513,1
ACC04250,288,808,32606.7,540,268,21625086.16,8862055.31,451,218,21,317,0.3583,29,5,3,5,0.854,1
ACC04251,1287,58,1538.3,30,28,36926.36,52783.91,12,21,2,2,0.1061,5,0,0,1,0.0644,0
ACC04252,68,597,8424.63,470,127,3868954.42,1326754.19,395,111,11,229,0.214,25,4,3,5,0.8522,1
ACC04253,626,283,6830.9,197,86,1296119.58,541807.52,163,85,18,130,0.3411,19,6,5,4,0.794,1
ACC04254,377,194,19171.57,115,79,2688894.84,1460402.32,102,74,12,80,0.1992,28,15,6,3,0.9503,1
ACC04255,216,36,2482.88,21,15,52835.86,42596.47,10,12,2,1,0.0563,0,1,3,0,0.2031,0
ACC04256,233,42,1659.56,19,23,34450.91,27451.42,7,23,1,3,0.059,2,1,1,1,0.5128,0
ACC04257,236,136,7291.71,94,42,722822.75,262360.95,64,42,12,38,0.2969,31,4,5,6,0.9551,1
ACC04258,107,350,13978.72,276,74,4409184.72,1253217.88,227,56,18,145,0.4317,29,4,3,6,0.5402,1
ACC04259,297,291,6371.38,180,111,989095.3,708464.58,162,111,9,101,0.4241,24,9,8,5,0.8188,1
ACC04260,373,19,4679.69,11,8,68197.17,43213.78,2,2,1,3,0.02,2,0,1,0,0.2528,0
ACC04261,1755,72,1131.68,43,29,62709.53,26138.37,26,18,2,2,0.048,0,0,2,1,0.2307,0
ACC04262,466,73,1451.81,46,27,84400.93,28712.11,15,7,1,2,0.0794,0,0,1,1,0.0832,0
ACC04263,2946,49,3114.92,18,31,58797.47,87043.87,9,16,0,2,0.0322,2,1,1,0,0.2405,0
ACC04264,1233,61,2925.61,33,28,123688.86,72079.27,15,12,1,1,0.0173,0,0,1,0,0.1464,0
ACC04265,151,493,9153.49,336,157,2632494.85,1754249.97,294,139,19,213,0.2438,31,4,1,5,0.7718,1
ACC04266,102,139,13651.07,88,51,1348594.93,609261.58,88,51,10,45,0.4789,31,6,5,1,0.8292,1
ACC04267,1742,64,3870.8,36,28,150498.63,85735.2,14,15,4,0,0.0985,1,1,0,0,0.0453,0
ACC04268,99,151,23909.06,89,62,2242964.83,1553690.02,63,62,11,56,0.3772,27,6,2,4,0.6655,1
ACC04269,1416,70,1981.08,44,26,74253.01,54071.38,12,15,1,2,0.1181,2,0,2,0,0.1577,0
ACC04270,636,36,2948.36,13,23,48060.17,82424.88,9,11,2,6,0.0095,2,1,2,1,0.5926,0
ACC04271,1427,60,604.31,26,34,15315.37,18668.22,7,14,3,2,0.0368,2,0,2,1,0.3491,0
ACC04272,1530,32,2384.24,19,13,45940.12,34829.53,13,12,5,0,0.0114,3,0,0,1,0.3141,0
ACC04273,106,319,8338.16,160,159,1359154.73,1341814.57,147,130,13,144,0.4276,22,9,5,1,0.8699,1
ACC04274,1030,84,4039.8,37,47,193590.07,200562.45,13,27,3,2,0.1019,1,0,2,1,0.1613,0
ACC04275,743,29,2182.65,10,19,20747.55,50624.95,6,18,2,0,0.0059,5,0,1,2,0.5278,0
ACC04276,513,33,1009.7,16,17,18201.77,21692.01,9,6,4,1,0.0474,0,0,3,1,0.0534,0
ACC04277,101,706,26321.8,541,165,14803241.76,4823810.07,466,165,12,276,0.415,30,3,4,5,0.9005,1
ACC04278,889,78,4246.17,46,32,169543.28,134534.64,15,18,1,4,0.0277,1,2,1,1,0.6891,0
ACC04279,680,25,1922.66,15,10,35713.57,24395.68,11,7,2,1,0.009,1,0,2,1,0.2937,0
ACC04280,288,185,36590.21,108,77,4153689.17,2982879.39,94,73,13,73,0.1976,22,6,1,5,0.7574,1
ACC04281,233,234,13799.9,152,82,2267476.2,1299088.06,130,69,9,69,0.3413,22,3,4,4,0.9099,1
ACC04282,122,154,30241.97,115,39,3153168.38,1355884.75,99,29,17,60,0.3629,28,6,5,9,0.7544,1
ACC04283,152,196,8856.23,152,44,1595555.84,369765.44,152,38,17,78,0.3626,17,10,8,4,0.9222,1
ACC04284,1145,130,10537.13,52,78,628763.02,1060002.4,24,46,1,2,0.1537,0,1,4,1,0.0822,0
ACC04285,734,83,1634.3,42,41,67630.02,70094.93,14,26,1,3,0.0484,1,0,0,1,0.2636,0
ACC04286,779,31,2526.51,12,19,32663.75,52117.0,2,8,2,4,0.0726,3,0,0,0,0.1316,0
ACC04287,1564,34,4893.03,15,19,57689.34,66610.58,13,18,0,2,0.087,0,0,2,2,0.3448,0
ACC04288,965,52,1113.09,25,27,37064.22,21532.93,4,18,0,3,0.0978,1,2,3,0,0.6215,0
ACC04289,424,42,3305.18,22,20,82054.57,84260.63,10,8,2,5,0.09,4,1,1,1,0.4681,0
ACC04290,1308,78,2813.33,35,43,83885.23,133746.6,16,24,4,2,0.1153,0,0,2,0,0.2086,0
ACC04291,62,133,13235.26,84,49,986304.75,558766.46,84,43,18,53,0.4795,17,6,2,6,0.6007,1
ACC04292,2427,53,2998.62,23,30,91545.96,66963.26,6,14,2,0,0.0505,1,1,1,0,0.0887,0
ACC04293,204,145,19833.91,79,66,1454906.2,1449844.53,71,66,17,58,0.4759,27,10,6,2,0.9411,1
ACC04294,706,62,3328.64,36,26,105019.15,103264.93,16,2,3,3,0.0567,1,0,0,0,0.2775,0
ACC04295,1425,19,2874.08,11,8,25544.19,24902.87,3,6,0,1,0.035,2,0,1,1,0.4017,0
ACC04296,3004,108,6679.65,58,50,461764.72,412754.15,23,39,1,0,0.0414,2,0,2,0,0.1734,0
ACC04297,601,42,2311.35,15,27,27524.49,74829.9,4,10,4,5,0.1667,3,1,0,0,0.5666,0
ACC04298,836,34,3973.86,19,15,57445.31,59747.41,8,8,1,2,0.0732,1,0,2,1,0.2194,0
ACC04299,1373,28,3943.37,12,16,38900.55,64028.45,9,8,1,4,0.0013,1,0,0,1,0.1177,0
ACC04300,79,117,13484.83,65,52,831722.85,669131.81,65,23,14,55,0.1667,24,7,3,3,0.8327,1
ACC04301,142,145,12041.41,98,47,1090500.35,668882.8,56,43,13,64,0.5092,23,5,9,6,0.8993,1
ACC04302,546,124,1387.78,77,47,88153.37,75130.33,33,22,2,1,0.0425,1,1,0,1,0.146,0
ACC04303,614,79,998.2,31,48,31548.6,42304.04,14,18,4,0,0.1614,1,1,1,0,0.1983,0
ACC04304,815,17,3853.46,10,7,37460.92,32939.35,3,2,2,1,0.0414,2,0,0,0,0.1694,0
ACC04305,1068,34,1834.96,12,22,23825.41,41070.46,10,8,0,5,0.0119,2,0,0,0,0.1794,0
ACC04306,136,186,13278.32,132,54,1835570.11,886412.39,113,54,23,69,0.249,21,8,5,4,0.9078,1
ACC04307,1847,29,7982.77,16,13,107265.53,130827.84,9,12,0,2,0.0337,1,0,2,0,0.0942,0
ACC04308,574,75,586.37,32,43,19423.44,31430.57,18,21,4,0,0.0679,1,0,1,0,0.6639,0
ACC04309,1242,74,1971.17,30,44,53425.26,106425.18,10,20,1,2,0.0219,2,2,2,2,0.3577,0
ACC04310,167,724,16450.87,463,261,7204723.76,3684322.84,387,217,14,257,0.2824,17,9,6,5,0.8983,1
ACC04311,803,33,4645.66,17,16,75716.68,85823.41,4,11,0,4,0.0777,1,0,2,0,0.0971,0
ACC04312,642,21,1496.23,11,10,15510.05,13617.63,2,2,4,1,0.0541,6,0,3,2,0.3933,0
ACC04313,3016,28,3207.93,9,19,30482.01,53640.65,5,13,2,2,0.077,1,0,2,2,0.4915,0
ACC04314,478,64,1732.68,30,34,57885.54,69237.91,22,13,2,1,0.0802,0,1,1,2,0.105,0
ACC04315,1570,49,4442.31,27,22,127547.36,119980.32,14,5,0,1,0.1671,2,1,1,2,0.2967,0
ACC04316,337,196,1531.12,116,80,187454.47,95589.3,53,44,2,1,0.1162,0,0,2,1,0.2354,0
ACC04317,969,15,1658.87,8,7,10626.45,11930.19,2,2,1,5,0.0543,0,0,0,0,0.2183,0
ACC04318,1413,44,1158.26,26,18,28580.41,23231.24,4,14,1,1,0.0604,0,0,2,1,0.2267,0
ACC04319,108,218,10905.34,159,59,1981157.54,714572.83,123,59,14,76,0.3175,23,4,5,3,0.889,1
ACC04320,624,46,7215.28,18,28,108563.08,248366.63,8,13,1,4,0.039,2,0,1,0,0.3108,0
ACC04321,1076,38,1391.88,22,16,33473.63,17108.68,9,7,1,2,0.0326,3,0,0,1,0.2938,0
ACC04322,2414,15,4828.99,5,10,19970.47,39008.47,2,2,5,2,0.0114,3,0,1,1,0.2453,0
ACC04323,65,229,12121.39,114,115,1274339.61,1403989.82,99,105,10,78,0.4157,23,6,8,5,0.9042,1
ACC04324,299,278,19788.47,160,118,3674952.29,2127704.46,115,118,11,107,0.3748,27,5,11,4,0.6976,1
ACC04325,67,179,18558.12,110,69,2275986.03,1343369.11,95,56,12,56,0.3084,30,4,5,4,0.7994,1
ACC04326,258,41,4144.2,17,24,57110.42,115220.35,11,11,3,0,0.0709,1,1,2,0,0.3817,0
ACC04327,915,46,4749.54,16,30,87922.86,167774.55,16,28,1,0,0.0765,0,1,0,5,0.3615,0
ACC04328,568,47,5750.69,19,28,129780.76,118406.39,12,9,1,1,0.0563,3,1,1,0,0.2735,0
ACC04329,85,316,21783.45,179,137,4013472.07,2851523.05,151,134,25,123,0.6254,34,10,5,2,0.9083,1
ACC04330,2187,63,5355.06,36,27,256354.52,150340.42,6,21,3,1,0.0232,0,1,0,0,0.1738,0
ACC04331,1215,46,2710.09,21,25,72612.87,74351.85,10,16,1,2,0.0404,2,0,2,0,0.4275,0
ACC04332,2293,20,7724.31,11,9,98477.7,68921.69,2,7,1,2,0.0379,4,1,1,0,0.3714,0
ACC04333,40,171,22757.35,135,36,2924555.15,887623.97,103,36,12,69,0.2927,20,7,4,4,0.6458,1
ACC04334,1976,29,2096.29,18,11,49905.2,17769.12,8,10,3,1,0.0198,0,1,0,0,0.2447,0
ACC04335,133,456,15795.19,288,168,4627297.61,2863063.03,231,168,19,171,0.4501,28,6,4,2,0.9787,1
ACC04336,1452,45,2799.22,23,22,75322.83,59287.02,9,4,0,2,0.0619,0,1,1,1,0.1854,0
ACC04337,150,96,4125.13,53,43,247196.99,155425.86,36,33,9,43,0.4261,22,3,4,3,0.8001,1
ACC04338,1200,72,3420.5,42,30,149621.73,81510.08,15,18,1,2,0.0294,0,1,0,0,0.1892,0
ACC04339,1332,74,4825.21,38,36,243781.45,189364.13,13,16,0,1,0.0525,2,0,1,0,0.4365,0
ACC04340,1735,67,2200.45,33,34,90759.0,81111.85,20,26,1,1,0.0561,0,0,1,1,0.326,0
ACC04341,1119,63,7604.75,26,37,217302.26,331095.52,12,10,5,3,0.0487,1,1,2,1,0.4032,0
ACC04342,158,185,20925.89,109,76,2762756.89,1718609.45,97,76,12,69,0.2715,31,5,7,1,0.7252,1
ACC04343,442,24,2077.71,10,14,27508.16,37546.72,7,9,3,3,0.023,6,1,2,0,0.245,0
ACC04344,84,123,10799.81,72,51,916892.61,608491.72,38,51,17,45,0.284,25,10,6,3,0.8238,1
ACC04345,644,44,1435.66,17,27,23725.19,29596.21,12,14,1,2,0.0689,1,1,1,0,0.387,0
ACC04346,227,265,22012.0,133,132,3397874.47,2995742.05,125,106,19,97,0.2949,27,4,5,7,0.9227,1
ACC04347,698,23,3279.77,12,11,44036.88,25949.28,6,7,1,1,0.0968,2,1,0,2,0.1179,0
ACC04348,966,23,5427.06,12,11,84909.41,45113.9,8,2,1,1,0.0324,3,0,2,0,0.4847,0
ACC04349,30,218,31504.07,126,92,4196714.74,2698672.94,122,77,14,103,0.5742,19,5,8,4,0.7079,1
ACC04350,827,24,2028.52,10,14,15272.59,30076.28,3,8,1,1,0.0393,2,0,0,0,0.3702,0
ACC04351,109,282,17575.76,212,70,3981511.22,1080779.92,177,70,11,104,0.2737,21,7,11,5,0.9667,1
ACC04352,249,389,21585.39,243,146,5254668.79,3131222.58,208,112,13,150,0.437,32,5,5,3,0.5615,1
ACC04353,937,67,4629.91,27,40,122572.87,193290.94,12,27,0,4,0.0902,0,0,2,0,0.1616,0
ACC04354,706,62,2408.12,30,32,66357.08,64018.87,10,18,1,1,0.0175,0,0,0,1,0.4638,0
ACC04355,55,477,59665.94,315,162,17827583.06,11226749.23,273,145,21,189,0.2804,27,5,8,2,0.9295,1
ACC04356,763,25,691.12,13,12,11648.59,9870.81,11,12,2,2,0.0545,3,0,0,1,0.3388,0
ACC04357,1309,150,12530.01,56,94,791407.89,1351083.67,26,49,3,1,0.0485,2,1,0,0,0.1728,0
ACC04358,620,18,6955.08,9,9,71346.47,73987.84,9,3,3,2,0.0931,0,0,0,1,0.0836,0
ACC04359,1713,11,2976.91,6,5,15513.54,13114.95,6,2,1,5,0.0342,1,0,1,1,0.1515,0
ACC04360,532,42,4608.6,25,17,110648.25,89261.2,21,10,1,2,0.0571,1,1,0,0,0.3943,0
ACC04361,171,31,2223.61,12,19,27642.47,53639.05,2,13,0,1,0.0314,1,0,1,1,0.1152,0
ACC04362,590,23,2212.24,9,14,22251.81,36493.27,2,6,1,2,0.0121,1,0,1,1,0.1916,0
ACC04363,1006,31,6691.0,18,13,154577.52,72733.37,15,13,1,1,0.0722,3,1,1,0,0.1601,0
ACC04364,241,146,7643.44,76,70,696330.93,502729.74,45,50,17,50,0.1807,36,8,4,3,0.7648,1
ACC04365,1023,34,1216.0,12,22,19464.07,19909.59,4,15,2,1,0.0428,1,0,0,1,0.344,0
ACC04366,1684,32,1603.81,15,17,22354.61,27907.69,6,11,0,2,0.0483,3,0,0,1,0.5932,0
ACC04367,632,21,1361.08,9,12,10086.53,20800.66,2,7,0,0,0.0379,1,0,1,0,0.173,0
ACC04368,478,83,3908.35,39,44,136329.19,198147.74,26,18,5,1,0.003,3,0,1,0,0.5688,0
ACC04369,409,19,3400.99,10,9,35537.54,27917.87,2,4,7,3,0.0432,3,1,1,1,0.1749,0
ACC04370,267,49,2156.33,30,19,84323.12,38886.47,11,2,2,2,0.0414,0,1,1,1,0.0643,0
ACC04371,312,34,1236.12,14,20,20635.51,19435.1,4,11,2,3,0.0489,0,0,1,0,0.1835,0
ACC04372,1641,70,3011.24,44,26,157755.37,95444.66,10,10,2,2,0.0381,3,0,2,0,0.2042,0
ACC04373,230,359,21951.38,273,86,6940579.2,1798669.72,238,77,14,137,0.555,24,4,8,2,0.8003,1
ACC04374,1258,33,1955.98,16,17,36252.06,26387.56,12,16,1,0,0.027,2,1,1,1,0.2023,0
ACC04375,1090,35,6522.51,15,20,102962.71,116625.81,8,17,5,2,0.007,2,0,1,1,0.546,0
ACC04376,314,143,9039.4,84,59,757440.12,541166.17,84,57,8,53,0.4675,30,4,4,1,0.9328,1
ACC04377,1934,29,1658.01,16,13,25254.37,27357.31,5,2,0,3,0.0141,0,0,0,1,0.0747,0
ACC04378,524,25,4307.98,9,16,46544.66,69197.32,2,4,4,6,0.0329,2,1,0,0,0.2245,0
ACC04379,1174,96,1439.92,46,50,52527.89,52937.54,27,27,2,4,0.06,2,0,1,1,0.4191,0
ACC04380,580,35,1497.97,13,22,23800.95,24325.25,10,2,1,2,0.0043,3,2,2,0,0.0968,0
ACC04381,1381,40,5672.04,19,21,88857.14,87991.08,12,14,3,2,0.03,2,0,2,0,0.4135,0
ACC04382,47,218,9712.14,162,56,1676436.16,477146.36,123,52,8,83,0.5203,25,11,6,6,0.8809,1
ACC04383,818,34,826.61,19,15,16848.48,12509.74,6,11,1,3,0.0123,1,0,1,1,0.2403,0
ACC04384,307,74,1922.75,33,41,84115.29,62643.31,27,19,6,0,0.0313,1,1,6,0,0.3514,0
ACC04385,182,112,35626.83,64,48,2122527.4,1927778.6,44,45,11,42,0.444,19,7,2,7,0.8742,1
ACC04386,1873,450,19532.97,281,169,5524981.19,3318946.24,232,144,8,185,0.4026,37,4,9,7,0.9851,1
ACC04387,921,47,1430.63,30,17,45271.92,31004.71,13,7,0,2,0.0174,4,0,2,0,0.1553,0
ACC04388,315,481,21540.62,288,193,7668630.68,4155845.03,245,183,12,179,0.2456,19,4,5,4,0.6377,1
ACC04389,89,185,19681.58,120,65,2661437.88,1095014.8,98,53,16,67,0.5244,22,6,9,4,0.8293,1
ACC04390,685,108,438.27,49,59,20352.96,25139.79,18,32,0,2,0.1675,1,0,1,0,0.0586,0
ACC04391,960,47,1635.72,30,17,54006.98,25576.11,20,11,2,1,0.0435,4,0,0,1,0.571,0
ACC04392,837,23,1272.74,10,13,11807.04,16724.51,8,5,1,3,0.0183,2,0,1,0,0.6913,0
ACC04393,168,154,14550.01,90,64,1218245.82,845950.76,86,57,18,50,0.3697,24,11,8,4,0.8575,1
ACC04394,827,67,4263.6,29,38,123549.38,139205.72,15,17,3,6,0.0056,2,1,2,1,0.3013,0
ACC04395,1960,16,968.61,9,7,7627.78,8326.99,2,7,0,5,0.0125,0,0,1,0,0.3038,0
ACC04396,1509,34,2228.6,12,22,24132.17,53368.15,2,12,4,4,0.0927,2,0,1,2,0.1679,0
ACC04397,1330,65,969.11,38,27,32473.86,22542.55,21,3,4,3,0.023,2,0,0,0,0.35,0
ACC04398,1026,28,1582.4,16,12,25567.32,13994.71,10,11,1,2,0.0714,2,0,2,1,0.174,0
ACC04399,459,17,2872.61,10,7,25202.93,21208.13,2,6,4,1,0.0041,3,0,0,0,0.1442,0
ACC04400,360,33,2637.3,17,16,44294.47,53163.77,6,13,2,1,0.0654,2,1,1,1,0.5084,0
ACC04401,133,832,8714.68,593,239,4789541.01,2374262.83,504,194,14,296,0.4798,28,3,6,7,0.8104,1
ACC04402,1277,77,3062.95,32,45,108419.12,115091.96,9,20,4,3,0.0297,0,1,1,3,0.4275,0
ACC04403,1171,28,3913.24,15,13,64936.04,62493.0,6,8,1,2,0.0738,0,0,3,2,0.3272,0
ACC04404,1667,98,1361.62,62,36,99404.22,41856.11,29,13,0,2,0.0054,2,0,0,1,0.336,0
ACC04405,595,74,7531.73,34,40,239519.07,310595.92,25,30,3,4,0.019,2,0,1,1,0.3883,0
ACC04406,1578,69,627.84,40,29,19356.32,20568.62,9,21,1,5,0.0826,1,0,1,0,0.341,0
ACC04407,1571,83,5756.51,48,35,337295.11,165814.44,20,18,3,0,0.0433,0,0,3,0,0.2891,0
ACC04408,3882,35,4123.55,12,23,42207.24,95828.91,2,2,5,2,0.0526,1,0,1,2,0.2394,0
ACC04409,614,515,8617.22,378,137,3957703.37,1443433.16,314,119,14,208,0.3855,24,2,6,5,0.9854,1
ACC04410,889,30,1388.62,11,19,19136.12,24484.85,2,4,0,4,0.0825,2,0,3,1,0.4236,0
ACC04411,1414,52,3367.83,31,21,128770.86,58384.52,17,14,1,3,0.0255,1,0,1,0,0.247,0
ACC04412,797,46,3207.57,29,17,101714.76,48138.53,12,10,3,0,0.1094,0,1,5,1,0.1418,0
ACC04413,670,34,5033.7,17,17,112073.47,81316.47,4,10,2,2,0.0643,2,0,1,1,0.2652,0
ACC04414,953,52,3826.52,33,19,137645.82,65151.23,22,8,3,2,0.039,2,0,2,1,0.207,0
ACC04415,60,318,14490.11,198,120,2822670.9,2145800.18,140,100,12,132,0.4185,30,9,7,2,0.9269,1
ACC04416,177,49,2848.92,29,20,94827.64,53491.49,11,10,5,3,0.0452,1,0,2,1,0.5252,0
ACC04417,124,187,6659.63,140,47,1020001.75,324347.78,125,30,11,75,0.2847,30,7,5,2,0.8932,1
ACC04418,714,93,2626.2,54,39,129594.51,104651.07,23,25,1,2,0.1179,2,0,1,0,0.3365,0
ACC04419,644,50,2907.39,22,28,58763.71,100138.73,10,16,2,3,0.0548,2,0,2,0,0.285,0
ACC04420,473,80,2405.59,30,50,91820.88,114891.05,17,20,1,4,0.0494,1,2,0,0,0.2529,0
ACC04421,433,111,2230.91,42,69,71231.9,115501.76,13,30,1,5,0.074,1,0,0,2,0.0876,0
ACC04422,981,8,1402.29,3,5,4683.78,5469.77,3,2,1,2,0.0414,0,0,2,2,0.0811,0
ACC04423,1205,41,2213.3,25,16,54603.12,43386.91,23,8,2,2,0.03,2,1,0,1,0.1887,0
ACC04424,46,234,10249.24,171,63,2164202.82,758533.28,160,36,19,111,0.5099,31,5,5,8,0.9406,1
ACC04425,496,29,808.26,11,18,8000.06,15825.99,2,15,2,2,0.0748,2,1,4,0,0.2711,0
ACC04426,475,197,16755.27,100,97,1841821.57,1429577.7,97,94,17,78,0.4677,20,3,3,9,0.5835,1
ACC04427,436,26,9262.18,13,13,135513.39,121613.27,10,11,2,1,0.0696,2,1,1,1,0.3731,0
ACC04428,537,68,8370.07,35,33,266899.55,221867.98,18,18,4,1,0.0564,0,0,2,0,0.0466,0
ACC04429,168,91,3150.78,53,38,146753.69,125277.64,24,26,2,2,0.0583,1,0,0,2,0.1416,0
ACC04430,31,504,8912.57,372,132,3881352.98,1125439.73,298,105,14,176,0.4489,29,4,2,2,0.6079,1
ACC04431,1393,96,5509.06,42,54,235274.41,332284.77,19,38,2,2,0.0437,4,1,4,0,0.5623,0
ACC04432,1338,33,724.79,12,21,10206.56,15056.05,4,21,1,0,0.0958,0,0,3,0,0.418,0
ACC04433,497,39,8924.45,14,25,139949.25,276046.67,2,4,2,2,0.0396,1,0,1,1,0.283,0
ACC04434,428,181,7415.94,102,79,728080.47,582357.14,90,78,15,66,0.51,33,3,6,2,0.7342,1
ACC04435,679,25,7797.09,16,9,142727.19,81043.2,15,2,2,2,0.0297,4,0,3,2,0.2519,0
ACC04436,2580,90,7396.9,40,50,321985.69,419693.73,18,28,5,2,0.0978,4,0,0,0,0.3509,0
ACC04437,1002,40,1993.91,14,26,29886.6,54609.6,11,14,3,2,0.0264,2,1,1,2,0.235,0
ACC04438,337,270,11497.77,212,58,3046880.89,689867.46,194,58,12,99,0.203,24,4,6,3,0.9363,1
ACC04439,237,778,24552.28,569,209,16938887.76,5000197.1,482,195,13,292,0.4483,22,5,3,8,0.8472,1
ACC04440,387,38,8448.48,23,15,166345.81,152750.19,20,15,1,3,0.0784,0,1,2,0,0.241,0
ACC04441,347,241,7986.41,129,112,1145563.8,773974.5,102,96,13,94,0.4437,21,7,7,4,0.9191,1
ACC04442,702,36,3047.73,21,15,72607.59,53851.24,7,11,2,1,0.0194,1,0,2,1,0.369,0
ACC04443,222,450,14213.17,347,103,5135009.24,1381359.43,273,94,15,187,0.3016,28,4,3,7,0.9531,1
ACC04444,306,51,5438.32,27,24,148288.26,149706.91,16,13,0,1,0.0293,2,0,1,1,0.3939,0
ACC04445,2605,54,2570.18,30,24,67257.16,44567.53,20,16,4,3,0.0463,1,0,0,0,0.4856,0
ACC04446,2345,41,3495.46,18,23,57089.82,72366.81,2,17,1,1,0.0825,3,1,0,0,0.1566,0
ACC04447,1861,49,4323.17,28,21,101005.09,72166.41,11,9,4,4,0.0119,3,1,1,0,0.2608,0
ACC04448,2364,50,3466.06,25,25,88597.91,62309.2,11,13,2,1,0.0213,0,1,0,2,0.4081,0
ACC04449,1375,137,6256.68,72,65,341042.16,467072.71,39,36,0,2,0.0142,2,0,0,0,0.5955,0
ACC04450,138,441,35941.52,296,145,10396054.54,4595499.5,226,123,15,161,0.4071,30,5,6,5,0.6831,1
ACC04451,1253,29,2884.8,17,12,63927.93,40230.24,12,2,2,2,0.1052,2,2,1,1,0.217,0
ACC04452,89,1056,5204.56,689,367,4304048.96,1870458.1,599,344,16,384,0.2704,22,2,1,2,0.7641,1
ACC04453,956,22,929.07,11,11,10596.98,9634.67,2,3,2,2,0.0468,2,0,0,1,0.1112,0
ACC04454,344,251,12454.46,184,67,2466842.46,926559.56,152,52,16,73,0.2542,23,6,5,4,0.7685,1
ACC04455,142,175,10643.67,113,62,1213687.51,655410.42,92,62,18,66,0.4167,26,3,4,4,0.7743,1
ACC04456,69,121,13748.58,95,26,1555977.03,322317.8,95,5,13,49,0.3223,22,6,3,5,0.8127,1
ACC04457,1600,76,3226.67,47,29,180859.78,95516.26,23,12,1,3,0.0541,3,1,0,1,0.2598,0
ACC04458,373,100,10313.32,76,24,738034.8,278119.67,75,24,11,48,0.5852,31,7,4,3,0.8744,1
ACC04459,1976,69,1356.39,24,45,37205.27,71720.47,19,28,2,0,0.0459,3,0,1,0,0.2883,0
ACC04460,280,66,1027.19,23,43,19986.83,39441.4,8,18,3,3,0.0296,2,0,1,0,0.4759,0
ACC04461,289,12,1991.46,5,7,9482.27,10520.06,3,5,2,2,0.0504,2,1,3,2,0.3266,0
ACC04462,109,237,12087.49,123,114,1693347.79,1319736.28,96,82,21,100,0.5365,23,4,4,8,0.7517,1
ACC04463,1171,95,2827.54,39,56,109003.36,135422.54,22,36,0,0,0.0205,1,0,4,0,0.1992,0
ACC04464,974,30,1780.7,13,17,19314.67,26733.08,8,14,1,3,0.0585,0,1,1,2,0.4577,0
ACC04465,255,576,31222.5,436,140,15578785.38,4558427.31,381,131,19,236,0.4374,26,6,5,7,0.6931,1
ACC04466,2125,58,1757.96,35,23,73787.97,38512.3,19,19,2,2,0.0487,1,0,1,1,0.2478,0
ACC04467,127,35,600.17,16,19,9972.04,9680.75,9,13,2,3,0.0601,2,0,0,2,0.1689,0
ACC04468,2508,24,8149.35,8,16,81547.74,122533.6,5,16,2,3,0.0912,1,0,1,1,0.2494,0
ACC04469,24,195,14262.54,98,97,1267656.22,1318660.62,93,72,6,83,0.3601,26,7,13,5,0.8348,1
ACC04470,964,91,4927.27,49,42,232702.36,158542.02,30,12,0,2,0.0328,0,0,4,1,0.1447,0
ACC04471,1055,25,3963.78,11,14,40130.74,60515.16,2,2,3,1,0.0378,0,0,1,0,0.1797,0
ACC04472,517,27,8149.16,16,11,164806.57,64125.57,11,3,1,0,0.0192,1,0,2,0,0.4162,0
ACC04473,1175,44,8148.41,19,25,154854.72,165134.99,2,11,6,3,0.0434,1,1,5,0,0.174,0
ACC04474,1133,48,1540.55,23,25,35577.14,32678.5,10,17,1,3,0.0448,2,0,0,1,0.4537,0
ACC04475,1393,55,3320.26,32,23,108608.83,77157.75,14,17,3,1,0.0756,1,0,1,0,0.1322,0
ACC04476,43,247,22440.62,170,77,4741268.09,1846734.66,170,60,16,109,0.4057,22,10,9,2,0.8491,1
ACC04477,1905,83,700.13,49,34,34737.9,20841.8,23,23,1,4,0.0634,1,0,2,2,0.5684,0
ACC04478,233,87,4176.82,34,53,168202.45,255078.25,17,25,5,5,0.0803,4,0,0,0,0.2329,0
ACC04479,493,80,1110.51,43,37,62537.86,44148.98,14,20,1,2,0.0737,2,1,2,2,0.2168,0
ACC04480,555,36,2719.44,19,17,44822.0,52272.56,18,8,4,3,0.0535,4,2,0,2,0.1739,0
ACC04481,525,95,2799.17,55,40,143858.53,130323.11,17,20,2,0,0.1062,1,1,2,1,0.2865,0
ACC04482,1367,86,5039.9,32,54,155791.97,283158.13,17,33,1,2,0.047,2,0,1,0,0.2475,0
ACC04483,3081,33,3543.27,11,22,31632.14,60354.04,3,2,0,0,0.0265,3,0,2,1,0.4636,0
ACC04484,440,52,1749.44,30,22,56033.77,43259.09,15,16,2,2,0.0269,2,0,2,0,0.1983,0
ACC04485,761,20,2642.8,10,10,33789.83,18972.36,2,4,0,3,0.0814,3,1,1,1,0.327,0
ACC04486,701,41,2569.86,21,20,65120.45,66369.73,10,13,6,4,0.0645,3,0,1,0,0.0975,0
ACC04487,483,25,3091.74,13,12,31708.3,46906.78,11,6,4,3,0.0386,0,0,2,1,0.4245,0
ACC04488,7,139,30336.98,77,62,2147593.94,2008695.93,65,46,17,56,0.2066,21,6,4,6,0.4873,1
ACC04489,25,196,8471.89,156,40,1437737.14,396922.05,142,38,21,76,0.4982,22,3,2,3,0.9008,1
ACC04490,315,228,22784.77,135,93,3210474.22,2499545.25,120,77,14,84,0.3483,20,3,4,4,0.8035,1
ACC04491,1680,34,2771.33,12,22,34823.64,61510.24,2,12,3,1,0.0558,0,2,0,0,0.1716,0
ACC04492,1909,57,444.39,29,28,16685.3,10138.76,17,21,3,1,0.0234,1,0,1,0,0.3114,0
ACC04493,436,37,2522.9,18,19,53414.07,54770.38,12,16,5,0,0.0768,1,0,0,1,0.425,0
ACC04494,422,418,15528.7,261,157,4614467.38,2455767.1,223,157,8,164,0.2189,26,4,6,4,0.8145,1
ACC04495,1019,28,1951.86,16,12,39546.91,29158.69,3,9,2,1,0.0534,4,0,0,2,0.1721,0
ACC04496,174,119,10190.19,71,48,791083.35,505022.76,71,41,18,38,0.2325,26,12,8,3,0.8645,1
ACC04497,2318,31,2163.0,15,16,27535.74,42873.79,4,7,0,2,0.0835,1,0,2,1,0.2698,0
ACC04498,388,36,1939.73,20,16,45359.3,25617.84,5,12,3,3,0.0162,2,0,1,0,0.0775,0
ACC04499,544,17,3333.8,8,9,25103.91,23567.02,3,3,1,0,0.0872,1,0,2,1,0.1555,0
ACC04500,560,53,4285.62,33,20,137130.48,105212.85,16,2,3,1,0.0605,0,1,1,0,0.2746,0
ACC04501,260,184,11261.65,101,83,1092516.72,1010396.46,59,74,13,50,0.3962,27,7,6,6,0.9959,1
ACC04502,459,77,1478.31,49,28,83069.24,52843.54,15,21,0,2,0.0259,1,0,2,0,0.6123,0
ACC04503,1579,45,3929.47,15,30,74130.55,93430.68,4,21,1,2,0.0242,0,1,0,2,0.4596,0
ACC04504,1107,36,1504.53,21,15,37275.57,27524.12,16,2,1,1,0.0436,2,1,0,0,0.2194,0
ACC04505,317,15,5152.96,7,8,43039.52,47359.47,2,2,1,2,0.0464,1,0,0,1,0.4022,0
ACC04506,755,48,1126.06,23,25,34275.62,34414.73,3,25,1,2,0.0799,0,0,0,0,0.0551,0
ACC04507,994,32,2037.15,11,21,24836.34,51949.77,8,18,3,0,0.0373,3,0,0,1,0.154,0
ACC04508,1103,49,3478.69,24,25,94654.0,77235.47,2,11,3,0,0.0358,2,0,2,1,0.2676,0
ACC04509,880,10,4380.97,4,6,22364.62,22180.71,4,2,3,2,0.0925,1,1,1,2,0.1116,0
ACC04510,962,96,3096.41,48,48,147903.98,106891.85,18,23,3,2,0.0409,1,0,0,1,0.1435,0
ACC04511,700,91,1436.61,49,42,87363.19,67154.17,23,14,1,3,0.0285,1,0,0,0,0.4538,0
ACC04512,1071,15,3622.09,8,7,32106.17,25196.52,6,2,0,2,0.0561,2,0,2,0,0.0962,0
ACC04513,842,71,3458.06,31,40,106713.38,154931.15,16,33,3,5,0.0272,1,0,0,1,0.0526,0
ACC04514,122,316,13716.31,179,137,2129850.58,1829655.69,179,108,10,108,0.3815,24,5,8,4,0.9414,1
ACC04515,1374,43,4403.41,27,16,124275.37,55670.61,13,2,4,3,0.0593,0,0,2,1,0.1943,0
ACC04516,5000,67,3571.8,31,36,114075.17,98956.62,14,19,1,2,0.1451,2,1,0,1,0.336,0
ACC04517,1043,54,1186.47,26,28,37390.75,39459.02,7,10,0,5,0.0211,2,0,1,1,0.33,0
ACC04518,123,287,7208.04,155,132,1256005.26,1046207.94,131,115,10,113,0.2689,16,7,7,9,0.9224,1
ACC04519,2911,47,2928.75,23,24,76753.04,73966.66,9,16,1,4,0.0304,3,1,2,0,0.3171,0
ACC04520,51,134,5863.09,97,37,584692.43,216851.24,94,31,15,32,0.4176,27,6,3,3,0.8921,1
ACC04521,1111,20,2460.91,10,10,31684.05,29233.95,10,10,0,3,0.0531,5,1,2,0,0.5248,0
ACC04522,1129,27,1320.45,17,10,23014.08,10615.57,8,10,1,8,0.0147,1,0,1,0,0.2773,0
ACC04523,136,148,17457.23,78,70,1650171.08,1409118.47,59,70,14,67,0.4727,30,4,8,6,0.8467,1
ACC04524,1216,26,1866.59,14,12,33151.11,24883.87,2,12,1,0,0.0419,0,0,3,0,0.4329,0
ACC04525,637,16,1640.02,7,9,14530.46,12254.47,2,4,1,3,0.1312,3,0,0,3,0.4456,0
ACC04526,816,33,3582.26,13,20,50189.44,60050.64,9,18,5,4,0.0485,1,1,1,1,0.2294,0
ACC04527,515,38,2673.62,24,14,50692.46,42614.17,5,5,0,3,0.0145,0,0,1,0,0.1816,0
ACC04528,714,38,2448.79,14,24,33237.98,51949.86,3,13,4,1,0.0248,2,1,1,0,0.049,0
ACC04529,969,44,1121.84,17,27,17019.66,29432.23,5,15,1,3,0.0362,0,1,0,2,0.2184,0
ACC04530,609,53,2320.72,27,26,54614.25,56584.87,21,15,1,3,0.0353,0,0,2,0,0.2006,0
ACC04531,1754,54,4161.37,27,27,128975.9,107806.84,12,18,3,2,0.0265,1,0,2,0,0.2971,0
ACC04532,604,66,1232.29,30,36,45105.4,36430.65,3,21,3,2,0.0345,1,0,1,0,0.2333,0
ACC04533,1696,55,842.83,23,32,15675.59,21249.03,4,23,3,1,0.0257,0,1,1,2,0.3383,0
ACC04534,30,160,17613.45,92,68,1871108.45,1337893.87,61,68,18,56,0.3725,27,4,6,4,0.6957,1
ACC04535,728,72,3868.29,27,45,132850.9,127790.35,24,13,4,3,0.057,2,1,1,0,0.1272,0
ACC04536,792,83,4016.58,43,40,214259.24,178288.78,8,22,1,1,0.0332,1,0,5,0,0.1849,0
ACC04537,1850,25,2322.14,10,15,27753.59,25156.24,2,15,3,1,0.0461,0,1,1,1,0.1939,0
ACC04538,954,49,7562.4,25,24,236468.91,140979.13,14,12,0,3,0.0924,2,0,1,0,0.2505,0
ACC04539,2002,109,1202.77,69,40,75916.62,56597.56,29,21,1,1,0.0214,3,0,2,2,0.2623,0
ACC04540,85,336,7007.05,219,117,1600195.23,703059.01,179,86,15,123,0.4773,25,6,0,3,0.856,1
ACC04541,130,526,12549.53,317,209,3929570.89,3031356.92,259,205,3,197,0.5318,27,8,8,2,0.7794,1
ACC04542,769,17,3138.68,11,6,39374.97,23867.49,2,2,1,0,0.0093,0,1,3,0,0.2357,0
ACC04543,177,200,5499.03,106,94,713148.8,531025.12,86,94,14,51,0.4386,28,13,4,4,0.9743,1
ACC04544,579,67,2767.2,42,25,145932.59,69110.74,9,14,1,1,0.0293,3,0,3,0,0.1681,0
ACC04545,155,268,12701.3,138,130,1839134.71,1993653.19,104,102,16,105,0.4236,25,3,6,3,0.7361,1
ACC04546,419,54,3771.83,23,31,94039.84,112795.46,18,14,1,2,0.0055,3,0,0,2,0.2062,0
ACC04547,93,319,7079.75,173,146,1164952.0,967300.07,141,137,13,125,0.3255,26,5,0,2,0.7665,1
ACC04548,336,241,9094.18,179,62,2020853.67,495718.83,144,61,13,97,0.5042,27,5,9,5,0.857,1
ACC04549,1076,19,1076.68,9,10,10309.64,7590.16,4,2,1,2,0.0181,1,2,1,1,0.242,0
ACC04550,926,46,3364.53,28,18,105145.14,50269.8,16,6,1,2,0.0513,2,0,2,1,0.412,0
ACC04551,1168,40,5301.69,15,25,64733.37,102849.09,4,11,5,2,0.0244,2,1,0,1,0.1161,0
ACC04552,461,13,1647.4,7,6,10221.86,7828.64,3,2,0,1,0.0871,2,0,0,0,0.3867,0
ACC04553,949,10,2066.5,4,6,9083.17,14353.83,2,2,1,2,0.0184,0,0,2,0,0.3557,0
ACC04554,139,573,19207.89,306,267,5864094.14,5634860.85,268,240,19,250,0.217,20,5,5,9,0.9808,1
ACC04555,206,302,9910.05,229,73,2654193.36,729839.82,165,47,13,119,0.5367,22,7,0,4,0.638,1
ACC04556,1042,61,1226.57,33,28,35518.67,38484.2,13,18,1,1,0.0581,0,0,2,0,0.3752,0
ACC04557,362,74,10654.02,38,36,463931.6,445276.83,6,27,15,31,0.3424,24,7,6,3,0.7585,1
ACC04558,677,128,9728.7,69,59,904195.79,554750.97,33,33,1,3,0.0168,1,1,1,0,0.2965,0
ACC04559,377,62,2803.36,39,23,123559.8,76942.95,22,9,1,3,0.0277,1,1,2,1,0.0915,0
ACC04560,1899,19,1508.93,11,8,20645.18,10634.42,3,5,2,2,0.0997,2,1,1,1,0.1401,0
ACC04561,740,37,3342.27,14,23,53577.59,88926.84,8,5,2,0,0.0092,1,0,0,1,0.6337,0
ACC04562,1367,29,2321.68,17,12,33267.39,26591.7,7,8,3,1,0.1246,3,2,1,1,0.2355,0
ACC04563,1789,55,4802.95,25,30,161022.21,149893.07,12,8,2,4,0.0088,2,0,0,0,0.3098,0
ACC04564,244,274,19605.23,192,82,4383843.97,1561026.94,159,61,10,95,0.5625,28,6,7,2,0.9767,1
ACC04565,514,30,1034.72,17,13,13645.38,11047.84,3,5,2,3,0.1125,3,0,2,1,0.1351,0
ACC04566,193,114,22700.19,72,42,1776278.71,965840.81,61,31,14,41,0.4037,25,3,7,5,0.8228,1
ACC04567,122,372,18668.82,270,102,4338171.82,1727426.09,229,83,10,136,0.4389,32,5,4,4,0.771,1
ACC04568,612,67,1511.87,34,33,65616.05,53231.45,24,16,1,1,0.0352,1,0,0,1,0.2883,0
ACC04569,1291,29,2270.4,12,17,32779.33,43808.69,4,8,2,1,0.007,1,0,1,1,0.2405,0
ACC04570,393,110,2072.3,45,65,116979.48,117405.9,19,31,1,0,0.0769,2,0,3,1,0.4704,0
ACC04571,165,101,34452.22,54,47,2210130.84,1588988.89,47,38,15,41,0.4846,32,8,5,5,0.8133,1
ACC04572,151,29,6740.33,11,18,68759.22,147970.55,11,9,1,1,0.0485,2,0,1,0,0.4186,0
ACC04573,92,368,16681.18,280,88,5759665.91,1719775.23,215,79,15,127,0.301,25,9,2,2,0.8388,1
ACC04574,164,288,11940.91,146,142,1687040.99,1815868.56,146,129,14,117,0.6468,24,1,3,5,0.5911,1
ACC04575,1000,264,23755.02,136,128,2761440.39,3564806.24,117,97,12,97,0.2346,26,6,4,2,0.8464,1
ACC04576,1158,21,4823.83,9,12,40158.54,65456.51,3,9,1,1,0.0404,2,1,1,0,0.1247,0
ACC04577,479,168,14305.61,121,47,2005721.73,749672.84,115,47,15,67,0.6811,22,9,7,2,0.8012,1
ACC04578,1420,31,697.1,14,17,12365.46,14734.44,5,17,1,5,0.1318,0,1,1,1,0.3096,0
ACC04579,2688,66,3308.61,32,34,123847.54,100708.44,13,11,2,2,0.1282,2,1,1,1,0.0658,0
ACC04580,2228,8,2036.44,3,5,5516.59,8476.19,2,2,3,3,0.0261,3,0,1,0,0.2333,0
ACC04581,846,94,5979.66,36,58,230488.24,246668.94,18,23,2,5,0.0086,1,0,2,2,0.2032,0
ACC04582,721,48,1750.86,22,26,46209.18,40662.87,13,17,1,3,0.1115,0,0,0,0,0.2792,0
ACC04583,1290,52,4782.33,27,25,151234.39,132664.81,9,12,4,1,0.0212,3,2,1,1,0.0905,0
ACC04584,511,24,2462.47,9,15,20346.15,46720.41,3,15,2,3,0.0419,2,1,2,0,0.3417,0
ACC04585,445,349,11942.08,242,107,2533920.22,1462643.58,236,92,17,126,0.3242,25,8,5,2,0.7847,1
ACC04586,427,58,3797.86,30,28,117963.81,133211.36,15,14,3,3,0.0668,1,0,1,1,0.0655,0
ACC04587,1348,42,5467.92,19,23,127769.08,137839.67,2,12,3,2,0.0602,0,3,0,2,0.339,0
ACC04588,2171,114,897.17,68,46,53698.17,35895.18,22,17,2,5,0.0341,1,0,0,1,0.2898,0
ACC04589,105,168,33940.85,105,63,3106820.02,1903763.67,75,61,13,65,0.3174,24,5,2,6,0.5502,1
ACC04590,1664,58,3844.77,31,27,111809.75,81279.04,16,4,2,2,0.02,0,0,0,1,0.2221,0
ACC04591,797,30,1628.99,12,18,22508.94,38073.59,4,7,2,2,0.0281,3,1,2,1,0.2467,0
ACC04592,172,158,15955.75,108,50,1611816.45,731694.22,66,50,14,65,0.3245,21,10,4,4,0.8791,1
ACC04593,193,220,11651.71,152,68,1738506.5,800490.11,130,68,15,90,0.3001,21,9,6,4,0.7397,1
ACC04594,688,73,3249.35,46,27,145314.64,66239.95,17,18,1,0,0.0323,0,1,1,0,0.4922,0
ACC04595,169,340,35767.94,242,98,9572085.0,3655897.72,206,90,17,127,0.4991,22,11,5,3,0.8518,1
ACC04596,1746,41,2294.89,22,19,53762.66,44983.16,9,5,4,4,0.0084,1,0,3,0,0.2493,0
ACC04597,873,62,1649.75,28,34,48884.11,42790.13,3,18,2,1,0.0765,3,1,0,1,0.182,0
ACC04598,122,458,5599.17,259,199,1805553.15,1259293.89,215,170,24,150,0.1473,18,11,1,4,0.8999,1
ACC04599,45,280,24295.17,208,72,4915433.12,1718655.58,163,61,14,119,0.2745,29,4,4,1,0.927,1
ACC04600,164,356,19284.84,254,102,4349380.09,2364459.0,227,86,14,122,0.2409,31,9,3,1,0.8598,1
ACC04601,1774,42,739.88,26,16,15520.24,12649.04,9,13,1,2,0.0733,1,1,0,0,0.1678,0
ACC04602,353,185,11198.2,94,91,1220011.77,981112.02,62,60,16,65,0.2542,26,5,6,4,0.699,1
ACC04603,3372,41,6976.2,14,27,101107.69,171486.09,7,9,3,1,0.1286,2,0,2,1,0.2999,0
ACC04604,53,182,39421.28,140,42,5717113.6,1459504.81,140,19,10,73,0.3688,19,5,3,4,0.7272,1
ACC04605,1339,60,1484.4,24,36,34720.42,39488.71,17,23,1,2,0.0024,3,0,1,1,0.2081,0
ACC04606,722,29,1125.84,12,17,17501.09,22267.47,10,15,1,4,0.0697,1,0,0,1,0.2511,0
ACC04607,534,85,3469.13,36,49,114825.37,126726.41,9,38,4,2,0.1392,0,2,1,2,0.1369,0
ACC04608,1112,87,1538.32,38,49,76066.87,81358.28,13,26,3,2,0.0736,2,1,2,0,0.2553,0
ACC04609,63,827,11214.8,418,409,4438396.77,4741940.61,342,366,14,320,0.2555,26,8,0,5,0.9555,1
ACC04610,796,66,2712.99,27,39,87042.08,120365.57,14,29,1,2,0.15,1,1,2,3,0.1349,0
ACC04611,1682,88,1649.39,35,53,49045.73,112929.97,20,21,1,1,0.0344,1,0,4,2,0.2337,0
ACC04612,2117,24,5125.82,9,15,58436.08,58049.69,2,9,2,1,0.0391,1,0,0,0,0.2634,0
ACC04613,1194,37,3376.53,14,23,41682.3,84812.25,9,13,1,2,0.004,2,0,1,1,0.1956,0
ACC04614,128,311,30967.9,243,68,6875035.07,1845814.47,198,68,13,126,0.5363,18,8,7,6,0.8693,1
ACC04615,1260,44,2341.55,25,19,71895.28,37051.18,14,13,0,0,0.1206,1,1,1,1,0.3044,0
ACC04616,216,736,19005.65,547,189,9366153.88,3672696.14,452,184,12,283,0.3814,20,8,5,3,0.7741,1
ACC04617,677,32,4047.78,18,14,66717.92,52072.99,16,3,2,1,0.0149,2,1,4,0,0.2468,0
ACC04618,1270,49,1734.17,18,31,27272.08,51986.48,6,12,4,2,0.0817,3,1,0,0,0.4995,0
ACC04619,1191,17,1754.68,6,11,14061.74,17879.2,2,10,1,1,0.0087,0,2,0,1,0.1662,0
ACC04620,3144,99,946.41,39,60,48134.52,59753.31,16,37,3,2,0.0185,0,0,0,0,0.4066,0
ACC04621,1613,182,526.67,88,94,58454.61,49108.12,39,49,5,5,0.0297,1,0,2,0,0.1099,0
ACC04622,1325,86,14229.37,51,35,927036.61,519607.7,25,20,3,3,0.0615,0,1,2,0,0.1824,0
ACC04623,314,45,1643.06,27,18,53276.67,31955.16,19,4,5,3,0.0952,2,0,1,0,0.4837,0
ACC04624,104,402,11663.92,233,169,3272034.81,2270632.08,176,152,13,171,0.1979,31,4,4,4,0.9065,1
ACC04625,2135,108,1471.01,50,58,88529.26,77655.12,25,31,2,2,0.0858,3,1,1,1,0.4497,0
ACC04626,739,50,3878.25,18,32,91396.47,117891.24,16,19,3,1,0.0352,2,0,0,1,0.1966,0
ACC04627,438,240,16274.27,133,107,2545539.07,2015925.78,94,107,15,73,0.3539,26,4,7,4,0.9112,1
ACC04628,3464,48,1478.05,21,27,36324.08,41461.68,10,2,3,1,0.0425,4,0,1,1,0.2253,0
ACC04629,355,77,2521.06,37,40,104394.38,70922.51,16,17,2,1,0.0169,2,0,0,0,0.3552,0
ACC04630,335,51,2876.86,30,21,107515.35,66767.95,4,4,4,2,0.0781,3,1,1,2,0.1166,0
ACC04631,985,82,6940.54,35,47,198887.61,423397.59,24,22,3,2,0.0314,1,1,3,4,0.1173,0
ACC04632,2042,48,1400.4,31,17,51830.89,21928.75,14,11,1,3,0.0696,1,1,2,1,0.2227,0
ACC04633,921,57,2226.45,32,25,72444.25,66535.91,10,9,2,5,0.0599,4,0,0,0,0.2112,0
ACC04634,723,30,2075.8,14,16,29073.5,40780.03,6,8,2,1,0.0322,0,0,2,0,0.4206,0
ACC04635,280,211,12561.39,124,87,1863260.66,1113275.41,100,82,9,89,0.2607,37,5,5,1,0.8886,1
ACC04636,245,958,24655.4,553,405,15500809.02,11085069.92,484,351,13,360,0.6471,27,2,3,4,0.7599,1
ACC04637,899,32,5554.02,18,14,94887.47,80920.37,2,6,5,2,0.0625,1,1,1,0,0.2149,0
ACC04638,881,43,2039.58,23,20,35414.68,39050.4,5,17,2,3,0.018,4,0,0,0,0.0572,0
ACC04639,92,425,17627.28,333,92,6120330.04,1647575.74,293,92,15,165,0.3335,26,4,8,1,0.9035,1
ACC04640,61,173,6456.26,122,51,837709.88,360003.28,71,30,11,53,0.383,18,6,5,3,0.9805,1
ACC04641,1194,103,1712.87,61,42,116996.51,52224.27,29,27,4,0,0.013,0,1,1,1,0.2965,0
ACC04642,1318,80,1024.3,30,50,39781.91,56976.25,16,31,2,1,0.0754,0,0,2,0,0.2881,0
ACC04643,213,281,19903.23,187,94,4641685.55,1670001.61,157,92,20,104,0.1839,34,2,6,8,0.8533,1
ACC04644,983,28,5894.77,13,15,77984.16,82915.73,6,10,0,1,0.0019,0,1,2,2,0.2657,0
ACC04645,1026,36,2326.77,17,19,39460.31,37392.48,2,10,1,0,0.0543,0,0,3,1,0.483,0
ACC04646,1978,20,5071.02,9,11,46069.51,70961.42,2,6,3,0,0.1197,1,1,0,0,0.2694,0
ACC04647,826,25,13840.12,16,9,212299.56,92488.43,12,5,7,2,0.0734,1,0,0,1,0.1214,0
ACC04648,1467,35,3545.54,15,20,68811.31,73794.48,8,9,1,0,0.1241,3,0,2,0,0.2856,0
ACC04649,1720,61,1419.05,32,29,47182.15,36899.0,13,13,2,4,0.0646,1,0,0,0,0.3708,0
ACC04650,691,88,4167.92,56,32,208346.64,157138.56,31,16,1,2,0.0471,1,0,3,1,0.2995,0
ACC04651,246,298,13166.58,220,78,3217629.67,1147825.42,185,72,13,115,0.244,21,12,5,4,0.9336,1
ACC04652,35,718,13850.16,451,267,7649978.11,4072091.46,390,238,15,263,0.4273,21,8,7,2,0.9272,1
ACC04653,1030,80,3592.74,43,37,177873.36,119893.7,21,17,0,2,0.0459,3,0,1,0,0.224,0
ACC04654,427,17,2315.7,6,11,14830.92,32324.78,2,11,1,1,0.0117,2,1,2,0,0.1985,0
ACC04655,156,43,3670.28,19,24,56091.55,68851.07,2,14,0,1,0.2127,1,1,2,1,0.2526,0
ACC04656,562,28,10014.75,14,14,138290.31,140614.42,2,14,2,2,0.0916,0,2,2,0,0.5026,0
ACC04657,186,82,36185.59,53,29,2033839.93,1173632.64,53,21,13,29,0.1867,20,3,6,8,0.9275,1
ACC04658,595,26,2588.74,13,13,32493.76,41132.49,11,10,1,2,0.0508,1,0,1,1,0.1397,0
ACC04659,668,55,4154.0,31,24,98550.67,118904.07,15,11,3,0,0.1155,1,2,4,2,0.7293,0
ACC04660,370,28,2369.01,15,13,37756.71,35197.25,9,4,4,0,0.015,0,1,0,0,0.1216,0
ACC04661,1059,55,2636.62,26,29,82043.74,85668.3,5,18,3,1,0.05,1,0,0,1,0.0487,0
ACC04662,823,62,2063.39,37,25,66391.85,36346.36,16,9,1,3,0.0516,2,3,0,0,0.1531,0
ACC04663,95,914,35658.27,703,211,27064728.92,7983007.45,612,175,14,364,0.6227,36,4,5,4,0.5418,1
ACC04664,1261,20,1645.43,8,12,14095.34,22778.18,5,11,1,1,0.0551,0,1,1,0,0.0881,0
ACC04665,1271,42,2140.55,17,25,32615.63,67350.19,16,16,1,2,0.0668,0,0,0,1,0.357,0
ACC04666,106,125,12752.5,75,50,817394.79,603782.7,75,39,7,59,0.1609,28,10,7,8,0.6906,1
ACC04667,589,26,3888.49,11,15,39399.1,69569.2,2,7,3,2,0.0551,1,1,1,0,0.236,0
ACC04668,106,370,10374.18,242,128,2418779.62,1348091.82,209,115,13,128,0.4409,29,9,6,6,0.9168,1
ACC04669,1660,55,1904.67,30,25,67858.12,34208.52,18,12,2,0,0.0322,0,1,2,0,0.2679,0
ACC04670,3645,49,1784.4,30,19,47435.15,32016.92,9,16,0,1,0.0931,0,0,0,2,0.0849,0
ACC04671,449,132,1627.81,71,61,137883.2,83526.26,35,34,1,2,0.103,2,3,0,1,0.3092,0
ACC04672,957,30,2238.07,17,13,37416.22,32396.4,3,6,5,3,0.0653,3,0,1,0,0.084,0
ACC04673,26,175,18100.48,138,37,2249053.57,608942.97,127,28,23,72,0.3073,31,7,2,3,0.8434,1
ACC04674,196,163,9895.84,117,46,1399523.92,399296.98,82,38,20,52,0.3993,27,6,3,4,0.9741,1
ACC04675,1620,128,1055.09,49,79,40008.55,100485.64,27,45,1,3,0.0706,4,0,1,0,0.5462,0
ACC04676,1493,121,1748.35,68,53,128796.34,89528.91,27,29,2,1,0.1262,2,1,1,2,0.1495,0
ACC04677,72,195,32161.03,138,57,5101228.38,1925897.89,92,44,19,72,0.3854,28,5,4,3,0.6762,1
ACC04678,553,43,4895.11,19,24,82204.73,141182.03,2,14,2,5,0.0186,0,0,2,0,0.3918,0
ACC04679,655,59,2490.7,33,26,64375.48,53065.96,15,17,4,2,0.0881,2,1,1,1,0.2961,0
ACC04680,173,348,10046.47,176,172,2169878.15,1675488.5,141,154,18,134,0.1783,23,11,3,3,0.7586,1
ACC04681,1235,15,1947.34,6,9,11725.1,21624.75,2,9,3,2,0.0602,1,1,0,0,0.4138,0
ACC04682,124,405,12364.85,258,147,2899684.76,2057884.56,213,147,14,155,0.3988,26,12,4,5,0.9109,1
ACC04683,725,39,2831.84,17,22,61762.35,69155.13,12,19,3,1,0.1387,4,0,1,0,0.3461,0
ACC04684,48,243,10957.76,164,79,2185373.68,819546.29,129,71,10,84,0.1923,30,7,7,2,0.7875,1
ACC04685,1553,61,1460.07,25,36,43812.48,51979.0,8,18,4,1,0.0313,2,0,2,0,0.3132,0
ACC04686,327,236,28324.08,130,106,4278687.54,2850328.92,130,89,20,88,0.4991,21,8,3,4,0.8214,1
ACC04687,471,14,1940.1,5,9,11312.54,13715.5,2,9,0,2,0.0492,3,0,1,0,0.2733,0
ACC04688,1607,146,1099.47,62,84,62869.25,103623.99,25,45,1,2,0.0286,1,0,0,0,0.1481,0
ACC04689,83,562,7405.93,384,178,2669763.3,1302152.78,315,154,14,189,0.1802,18,5,7,5,0.5898,1
ACC04690,306,230,18138.8,168,62,3017689.83,1294445.04,145,53,13,91,0.3237,12,3,8,6,0.7735,1
ACC04691,1720,53,1303.93,23,30,35537.63,29314.15,11,16,0,0,0.0658,0,0,2,0,0.2128,0
ACC04692,1212,46,2051.9,17,29,27715.69,72759.85,6,11,2,2,0.048,1,0,3,1,0.1852,0
ACC04693,562,76,4799.86,31,45,118314.86,152790.71,8,25,3,1,0.0805,4,0,1,1,0.1945,0
ACC04694,836,54,1876.17,27,27,54242.6,55616.24,2,7,7,2,0.0209,3,0,1,0,0.5123,0
ACC04695,158,300,11159.13,157,143,2179799.69,1372574.06,127,117,14,116,0.6063,26,9,8,6,0.9669,1
ACC04696,596,100,3699.52,54,46,213174.86,183798.52,34,16,1,1,0.0674,2,0,1,0,0.0792,0
ACC04697,1815,35,872.31,22,13,22062.13,12696.79,10,8,2,0,0.0142,1,0,2,1,0.354,0
ACC04698,1363,44,3215.38,21,23,84604.79,90344.37,11,9,1,3,0.1049,3,1,0,1,0.3354,0
ACC04699,883,34,7660.47,21,13,190462.57,83431.77,10,9,2,1,0.0269,2,0,1,0,0.1401,0
ACC04700,691,55,4766.93,21,34,131574.5,162976.4,13,20,2,2,0.0386,2,0,3,0,0.5466,0
ACC04701,694,73,2130.56,29,44,47434.12,98998.88,9,27,5,3,0.0505,1,1,2,2,0.3718,0
ACC04702,2409,40,1577.34,23,17,45766.67,20667.55,7,16,1,4,0.0838,1,3,2,1,0.1878,0
ACC04703,288,272,10192.65,140,132,1335273.76,1635887.37,140,113,14,111,0.4901,21,3,6,3,0.8895,1
ACC04704,84,149,18822.56,95,54,1750889.27,956779.32,58,45,8,45,0.2154,35,8,6,5,0.9285,1
ACC04705,47,212,35834.62,133,79,4605710.84,2900803.49,130,59,15,84,0.3544,21,2,5,4,0.9309,1
ACC04706,374,44,4587.76,17,27,92300.85,122388.22,17,18,4,6,0.0126,3,0,0,0,0.3905,0
ACC04707,81,386,10266.05,194,192,2248815.22,2118106.8,168,183,13,127,0.3235,20,2,4,2,0.9124,1
ACC04708,347,41,1181.11,20,21,30617.14,19684.98,8,16,1,5,0.0257,2,1,0,0,0.2119,0
ACC04709,541,28,988.38,13,15,17329.43,10981.05,2,9,0,1,0.0649,1,0,1,0,0.2459,0
ACC04710,368,22,2322.01,8,14,18057.06,25367.09,2,7,0,4,0.0649,2,0,2,0,0.2373,0
ACC04711,278,24,2540.64,12,12,39409.65,35121.12,12,6,1,2,0.0274,0,0,2,1,0.2652,0
ACC04712,63,427,24813.66,295,132,8252087.89,3293873.39,278,112,17,183,0.2539,28,8,4,5,0.9626,1
ACC04713,162,103,9679.3,65,38,729038.31,434093.68,65,38,13,40,0.5507,22,7,8,1,0.8648,1
ACC04714,1239,26,4385.8,11,15,37511.07,50063.88,2,10,4,2,0.0416,0,2,2,0,0.3066,0
ACC04715,1349,53,770.3,20,33,14290.34,32307.6,7,17,3,2,0.0208,1,0,2,0,0.3666,0
ACC04716,1126,53,4398.41,33,20,148510.95,88674.12,13,8,2,0,0.2718,0,0,3,0,0.5364,0
ACC04717,1333,93,4143.5,53,40,273027.98,146469.27,25,19,3,1,0.0618,1,1,2,0,0.1052,0
ACC04718,267,20,6448.67,12,8,77664.87,43905.72,9,4,0,1,0.0356,0,0,1,2,0.3628,0
ACC04719,554,59,2358.59,24,35,54329.85,106686.27,9,14,3,1,0.0774,1,2,1,1,0.4713,0
ACC04720,545,61,872.08,31,30,29866.65,29260.88,14,11,1,3,0.0326,2,0,3,2,0.3428,0
ACC04721,376,63,1412.43,34,29,37545.86,33768.37,16,17,1,1,0.0459,2,0,0,0,0.165,0
ACC04722,604,68,2316.46,32,36,86076.16,107775.86,15,16,1,2,0.0098,1,0,2,0,0.2552,0
ACC04723,830,37,1348.93,19,18,27926.19,24606.52,9,10,1,2,0.1639,1,0,3,3,0.3539,0
ACC04724,31,272,10491.03,146,126,1701931.39,1469938.94,121,104,13,115,0.2193,12,5,7,5,0.9532,1
ACC04725,4605,25,2892.19,12,13,34400.4,31679.78,3,2,2,0,0.0898,0,0,0,0,0.2082,0
ACC04726,263,24,3385.37,10,14,45340.54,40656.05,2,10,2,3,0.0189,2,0,2,0,0.2698,0
ACC04727,270,346,23732.41,256,90,7127001.48,2108386.26,207,86,25,130,0.4223,23,2,7,4,0.9404,1
ACC04728,2692,33,4158.04,18,15,97886.21,80670.08,9,4,2,1,0.0297,1,2,3,1,0.3529,0
ACC04729,1592,21,2028.79,11,10,28277.34,22403.91,11,6,2,2,0.0653,1,0,0,1,0.4463,0
ACC04730,1562,43,2980.56,17,26,47885.59,84118.41,11,14,1,3,0.0453,3,0,3,2,0.3326,0
ACC04731,341,19,3986.31,9,10,34516.22,29087.42,2,5,3,3,0.01,1,2,0,3,0.2856,0
ACC04732,500,145,3338.23,94,51,352976.83,169171.87,37,22,1,0,0.0637,6,1,1,1,0.1622,0
ACC04733,32,511,25265.4,319,192,9349106.71,5862730.13,261,165,13,186,0.2051,24,5,8,6,0.8836,1
ACC04734,776,22,2249.71,13,9,37038.11,17893.01,2,9,1,1,0.0404,5,0,0,1,0.4457,0
ACC04735,262,39,1701.88,23,16,47126.14,21471.31,2,5,4,3,0.0189,2,0,0,1,0.2647,0
ACC04736,1155,132,4568.57,76,56,366308.13,272646.93,33,24,1,0,0.0669,2,0,3,0,0.2016,0
ACC04737,594,16,1605.55,8,8,12637.62,16249.4,4,3,5,4,0.0509,1,0,2,1,0.1785,0
ACC04738,420,40,705.78,18,22,15087.13,17295.65,2,14,1,4,0.0691,4,0,2,0,0.1465,0
ACC04739,285,530,23055.79,333,197,8732014.07,4089771.98,286,183,14,209,0.5461,17,9,1,1,0.9327,1
ACC04740,225,19,4757.7,11,8,64097.0,34895.46,2,7,1,2,0.0555,1,0,0,1,0.2423,0
ACC04741,163,323,8579.79,245,78,2439057.96,732482.82,214,77,9,107,0.3721,22,7,6,3,0.8154,1
ACC04742,1554,28,2185.5,17,11,32237.83,21643.29,5,6,7,2,0.1191,2,0,1,0,0.243,0
ACC04743,757,31,2894.61,13,18,37186.15,43486.55,9,14,5,2,0.0143,5,0,0,0,0.1105,0
ACC04744,520,73,3084.33,37,36,118149.62,142971.7,17,16,1,0,0.0146,2,0,1,0,0.3743,0
ACC04745,155,301,8919.66,203,98,1895551.73,792337.54,177,98,15,101,0.232,19,5,8,2,0.8731,1
ACC04746,37,122,3661.38,83,39,372387.16,126401.28,81,39,15,61,0.2602,28,11,2,4,0.8645,1
ACC04747,667,50,4738.21,22,28,116728.09,132360.07,14,17,1,1,0.1078,0,0,0,0,0.2009,0
ACC04748,85,128,22341.63,73,55,1686584.63,1056993.49,57,38,14,46,0.1425,25,3,2,3,0.8616,1
ACC04749,1127,67,6843.81,41,26,299476.03,201468.64,19,12,1,4,0.0884,0,0,1,0,0.1344,0
ACC04750,578,29,1602.22,16,13,25385.65,17734.38,7,10,3,1,0.0346,1,0,1,1,0.2632,0
ACC04751,1001,21,3133.89,10,11,32571.44,33362.87,7,5,4,2,0.0762,3,0,1,1,0.2779,0
ACC04752,1631,70,8109.84,42,28,316062.7,225482.14,16,24,0,3,0.049,1,0,0,1,0.4228,0
ACC04753,926,25,3794.42,9,16,37281.57,57565.63,2,2,0,1,0.0548,1,0,1,0,0.1349,0
ACC04754,1682,69,2878.71,36,33,115276.77,95121.01,15,21,2,3,0.0455,1,1,2,0,0.2367,0
ACC04755,532,86,12045.32,50,36,660203.91,432016.11,34,12,16,41,0.5859,20,3,6,4,0.7759,1
ACC04756,47,196,8597.72,130,66,1235782.93,644862.84,106,60,11,76,0.4021,19,5,2,4,0.9836,1
ACC04757,3991,118,3582.37,51,67,218822.03,261006.17,19,41,0,0,0.1833,3,0,3,1,0.1047,0
ACC04758,559,50,2051.31,23,27,37584.59,70845.13,2,16,3,0,0.0294,0,0,2,2,0.3217,0
ACC04759,220,719,10332.62,393,326,4356636.74,3194777.74,329,293,11,287,0.3287,28,9,8,3,0.9369,1
ACC04760,506,66,1403.6,35,31,54104.76,56199.75,13,14,3,2,0.0213,3,1,1,1,0.2594,0
ACC04761,874,58,1301.19,20,38,28100.42,36402.3,9,20,3,2,0.0239,1,0,2,3,0.2402,0
ACC04762,334,373,8152.88,190,183,1540439.12,1479753.54,178,164,13,139,0.8211,22,6,3,5,0.7089,1
ACC04763,1488,25,2722.03,11,14,25208.5,45594.8,6,13,4,0,0.1101,1,3,1,1,0.409,0
ACC04764,34,410,7584.42,319,91,2717734.04,802773.32,279,74,15,158,0.3111,17,10,4,5,0.9244,1
ACC04765,114,275,8727.68,174,101,1768871.92,991407.4,158,101,14,125,0.5559,21,12,4,8,0.9111,1
ACC04766,223,55,5023.52,27,28,124306.34,108550.89,17,14,1,1,0.0121,2,0,3,0,0.1059,0
ACC04767,809,97,2623.46,42,55,97810.74,129798.28,24,31,3,1,0.0233,2,2,1,2,0.0515,0
ACC04768,161,76,9583.31,44,32,468525.22,356105.25,44,32,11,33,0.7832,23,5,4,2,0.5899,1
ACC04769,801,34,3405.81,15,19,58093.77,70510.83,4,10,3,4,0.0369,1,1,0,0,0.0487,0
ACC04770,230,233,20484.96,145,88,3434839.46,2066622.52,123,82,12,82,0.503,26,7,3,3,0.9098,1
ACC04771,3227,26,1537.88,12,14,20757.53,26152.9,2,2,2,3,0.1678,2,0,1,0,0.2153,0
ACC04772,404,32,3430.54,20,12,75139.65,41936.85,5,2,0,5,0.031,1,0,1,0,0.3118,0
ACC04773,3149,73,7021.13,28,45,166931.25,284553.1,10,24,4,4,0.0254,2,0,2,0,0.2103,0
ACC04774,91,264,7546.13,193,71,1685925.02,543118.37,175,66,11,113,0.5291,20,4,5,4,0.9245,1
ACC04775,1306,26,1612.14,11,15,13972.68,23238.25,10,5,1,2,0.0268,0,0,0,1,0.2578,0
ACC04776,155,249,13314.27,161,88,1893909.18,1084019.92,130,81,14,86,0.22,31,7,5,4,0.7697,1
ACC04777,202,238,13535.32,135,103,2172043.59,1602846.39,112,84,16,91,0.4782,25,10,6,3,0.8987,1
ACC04778,939,26,2495.96,15,11,36132.63,20324.04,14,7,2,3,0.1898,0,1,0,0,0.2338,0
ACC04779,1618,20,4096.42,9,11,35506.41,33944.43,4,3,4,4,0.0453,1,0,1,0,0.1274,0
ACC04780,339,209,8528.79,141,68,1322246.89,593744.05,126,68,16,80,0.3613,29,7,5,5,0.9222,1
ACC04781,565,12,4953.32,5,7,19344.69,29807.76,5,3,0,3,0.0508,1,0,2,0,0.4495,0
ACC04782,41,434,44965.04,344,90,13535997.22,3740789.68,289,89,11,171,0.3599,33,8,7,2,0.877,1
ACC04783,633,37,4757.67,16,21,72405.48,105589.65,6,10,2,1,0.0421,2,0,0,0,0.1341,0
ACC04784,261,64,2117.22,27,37,50630.89,94900.34,2,20,2,5,0.0168,3,0,0,1,0.3011,0
ACC04785,1592,27,942.15,10,17,11201.35,17090.13,10,3,2,0,0.0907,2,1,2,0,0.1485,0
ACC04786,101,236,9877.14,152,84,1760315.01,796677.34,130,59,9,81,0.1505,20,3,3,5,0.7565,1
ACC04787,2111,97,2241.39,35,62,99926.86,105757.82,18,34,1,2,0.1209,0,0,0,0,0.147,0
ACC04788,233,575,6956.2,317,258,2561862.44,1854619.79,280,224,13,229,0.4592,20,4,5,2,0.8413,1
ACC04789,302,261,18168.11,165,96,3173172.47,1655845.51,144,94,6,103,0.2413,16,5,7,4,0.9249,1
ACC04790,1029,23,2832.34,14,9,46109.89,33108.29,12,2,3,2,0.0498,2,2,2,1,0.2284,0
ACC04791,207,1200,10993.19,823,377,9090044.76,3566332.25,684,347,16,465,0.4944,25,5,5,2,0.8721,1
ACC04792,549,34,4544.17,16,18,93633.39,104088.29,11,2,2,2,0.1236,1,0,2,0,0.2008,0
ACC04793,318,64,5506.95,27,37,172549.16,193645.05,8,23,5,0,0.0386,0,1,1,3,0.134,0
ACC04794,114,525,13468.65,317,208,4751231.29,2466466.04,251,185,6,207,0.478,29,7,7,3,0.8706,1
ACC04795,101,153,9888.92,111,42,1325895.02,464350.12,109,42,19,71,0.2163,23,8,3,7,0.7763,1
ACC04796,1211,128,1236.64,79,49,109044.49,74322.75,43,26,0,1,0.0751,1,0,1,1,0.2204,0
ACC04797,92,165,18901.98,111,54,2029538.79,946106.97,91,22,13,56,0.2831,16,2,5,4,0.9082,1
ACC04798,2234,26,9420.71,14,12,147513.95,108851.58,3,9,3,2,0.0134,3,0,2,1,0.3387,0
ACC04799,1562,24,2406.38,10,14,23507.49,43606.56,6,14,3,1,0.1152,5,1,3,0,0.3407,0
ACC04800,456,60,3933.55,25,35,130517.05,118804.13,10,22,0,1,0.0766,2,1,0,1,0.1556,0
ACC04801,356,93,4306.63,34,59,158478.48,215205.56,19,41,2,1,0.0393,1,0,1,0,0.2258,0
ACC04802,1173,40,2239.46,25,15,49461.43,40924.92,10,2,1,1,0.0534,1,0,3,1,0.2663,0
ACC04803,753,14,6083.15,5,9,35144.43,48675.16,4,9,2,1,0.0819,1,0,0,0,0.4046,0
ACC04804,42,134,9053.57,95,39,809745.58,436973.81,79,30,18,54,0.6159,26,4,1,4,0.9667,1
ACC04805,676,43,2172.73,22,21,48839.2,54011.48,9,7,3,4,0.0504,1,0,0,0,0.1668,0
ACC04806,190,178,6821.07,127,51,897734.28,420544.65,100,36,19,68,0.5923,19,4,7,4,0.8538,1
ACC04807,324,458,12607.79,309,149,4682850.98,1780905.59,265,124,11,160,0.5023,24,5,3,4,0.8015,1
ACC04808,954,53,2868.51,22,31,61032.13,82856.2,9,19,3,0,0.0306,3,0,1,0,0.0493,0
ACC04809,592,64,3943.88,39,25,207464.16,72879.58,24,13,1,3,0.1187,2,0,1,2,0.2051,0
ACC04810,85,336,8278.24,226,110,2150706.24,1091424.6,172,110,18,129,0.229,25,9,6,1,0.7152,1
ACC04811,105,156,21231.88,99,57,2477388.32,1391547.14,89,53,20,61,0.2906,31,8,4,5,0.8835,1
ACC04812,500,28,1467.3,14,14,16317.66,20320.75,10,2,3,0,0.1504,0,0,3,0,0.2568,0
ACC04813,552,81,2030.82,45,36,83202.74,61351.71,13,22,2,2,0.1277,2,1,2,2,0.3396,0
ACC04814,1209,74,1839.67,38,36,61498.33,80778.02,11,18,4,1,0.0445,4,1,1,0,0.1845,0
ACC04815,806,27,7477.44,14,13,123147.26,122652.21,2,2,3,2,0.2236,1,0,2,1,0.1983,0
ACC04816,72,230,20293.78,170,60,4230632.11,1105508.89,126,59,8,112,0.23,23,7,4,5,0.8191,1
ACC04817,2296,21,4197.59,8,13,42629.86,44949.09,2,4,1,1,0.0243,1,0,0,0,0.2454,0
ACC04818,1317,91,4322.73,54,37,302751.94,151021.64,15,17,2,2,0.0618,2,0,0,0,0.4661,0
ACC04819,153,237,4059.88,179,58,798059.4,213906.13,150,44,17,92,0.2923,24,11,4,3,0.8312,1
ACC04820,203,73,9643.7,35,38,279867.69,368684.55,7,28,2,1,0.0633,1,0,1,2,0.3139,0
ACC04821,63,328,9804.09,216,112,1925309.21,1332202.64,174,91,11,130,0.2965,26,6,7,5,0.8841,1
ACC04822,1076,56,3297.31,24,32,63939.8,131467.44,12,12,1,1,0.0348,4,1,2,2,0.3093,0
ACC04823,77,395,9716.0,199,196,1893766.45,2114907.39,158,173,15,137,0.5739,25,7,4,5,0.7377,1
ACC04824,800,33,1460.64,11,22,16871.37,35108.19,2,15,1,2,0.0232,2,0,2,0,0.3673,0
ACC04825,1189,62,2677.03,37,25,76061.21,59732.45,27,15,1,3,0.0709,1,0,2,1,0.187,0
ACC04826,983,63,2274.37,30,33,73579.96,89440.07,9,28,5,6,0.0326,3,0,1,0,0.3569,0
ACC04827,573,34,4694.22,21,13,79199.13,68848.85,5,2,3,1,0.1168,1,0,1,0,0.0788,0
ACC04828,778,28,4522.47,17,11,72691.29,44589.71,10,7,2,1,0.0562,2,1,0,0,0.5607,0
ACC04829,1368,116,562.1,68,48,31755.32,32839.06,24,30,2,3,0.0517,1,0,1,0,0.0864,0
ACC04830,191,222,16123.4,175,47,3196451.54,665757.92,133,31,17,91,0.3825,26,4,9,2,0.7637,1
ACC04831,690,50,3865.64,31,19,108571.92,64487.66,10,17,2,4,0.0763,1,0,0,0,0.2328,0
ACC04832,1834,75,3178.37,26,49,88939.71,120772.4,11,29,5,4,0.0346,0,0,1,1,0.2095,0
ACC04833,53,166,18898.03,129,37,2666895.79,603450.31,114,24,13,68,0.4662,30,3,3,5,0.8022,1
ACC04834,1790,24,658.66,12,12,9215.73,9335.79,6,2,1,3,0.0278,0,0,1,2,0.2337,0
ACC04835,3837,32,1337.4,15,17,27066.06,21995.59,11,7,1,2,0.1304,1,2,1,0,0.3786,0
ACC04836,191,52,2538.48,33,19,71660.97,49718.22,17,10,4,2,0.0377,2,0,3,1,0.2302,0
ACC04837,1699,26,4246.13,10,16,45944.5,71063.06,2,14,2,2,0.0631,0,1,0,0,0.3229,0
ACC04838,87,152,5920.52,99,53,563391.99,359840.12,99,36,14,65,0.4178,29,8,5,6,0.7154,1
ACC04839,1166,14,1422.47,6,8,6496.94,12467.32,6,5,1,5,0.0523,0,0,5,0,0.4282,0
ACC04840,431,159,38102.49,126,33,5876319.94,1278020.68,124,13,13,80,0.1829,18,6,6,6,0.9612,1
ACC04841,4105,37,1180.3,21,16,31136.91,22257.02,14,13,2,3,0.0376,0,0,1,1,0.2445,0
ACC04842,446,41,4110.41,16,25,62598.83,127728.93,11,20,0,1,0.0843,1,2,2,0,0.0527,0
ACC04843,1312,25,1069.51,11,14,14202.83,17689.87,8,14,2,1,0.0427,0,0,0,1,0.3194,0
ACC04844,1118,36,1835.64,13,23,18470.94,52830.98,7,8,3,2,0.05,1,0,1,0,0.1952,0
ACC04845,1031,41,962.37,21,20,15218.34,24440.56,7,18,1,2,0.11,1,0,2,1,0.2235,0
ACC04846,810,36,3815.1,13,23,59763.2,70876.86,10,9,1,1,0.0207,1,0,0,2,0.2898,0
ACC04847,2459,91,1878.13,35,56,83081.18,89068.77,16,31,2,1,0.0345,2,0,1,0,0.3597,0
ACC04848,1661,32,1763.33,12,20,23356.27,39985.6,2,7,6,2,0.0413,0,1,1,1,0.0955,0
ACC04849,862,30,2563.37,11,19,23789.57,50785.42,2,18,5,5,0.0221,0,0,2,2,0.3822,0
ACC04850,631,31,3145.72,19,12,73672.5,48941.36,7,10,2,3,0.0104,1,0,1,0,0.4667,0
ACC04851,1460,25,2779.45,9,16,30626.18,48924.35,8,4,1,1,0.0995,5,0,1,0,0.1847,0
ACC04852,1008,116,3388.73,41,75,155348.54,178691.12,19,42,1,2,0.047,2,1,4,0,0.3353,0
ACC04853,72,202,14913.57,135,67,1795145.88,1144966.25,131,50,10,69,0.4884,25,3,7,4,0.882,1
ACC04854,589,49,2432.5,23,26,63307.67,76583.64,2,9,2,4,0.0294,1,0,0,0,0.1044,0
ACC04855,687,66,639.67,40,26,28412.17,20645.45,13,5,0,1,0.061,0,0,1,0,0.1223,0
ACC04856,101,152,46482.99,110,42,6093067.25,2321803.62,101,42,12,43,0.2167,27,4,3,3,0.8542,1
ACC04857,397,14,5185.59,5,9,31411.74,46687.55,2,2,2,6,0.0165,0,0,2,0,0.2469,0
ACC04858,941,34,3731.96,18,16,60793.69,47167.73,3,9,2,4,0.0233,1,1,1,2,0.1779,0
ACC04859,1147,24,9380.64,10,14,104660.15,149211.77,10,6,0,1,0.0598,1,0,1,1,0.3222,0
ACC04860,1558,63,1144.7,23,40,30250.35,53766.6,9,29,4,3,0.091,0,3,2,2,0.1156,0
ACC04861,951,33,2587.1,15,18,35795.52,39505.83,6,14,3,2,0.0486,1,0,2,0,0.3242,0
ACC04862,299,101,1549.59,51,50,84700.74,96735.74,24,22,4,1,0.1623,3,0,0,0,0.1782,0
ACC04863,1545,56,1182.9,24,32,23653.36,27686.0,6,21,1,2,0.0748,1,0,2,0,0.2605,0
ACC04864,661,47,1647.82,19,28,32882.0,36984.96,2,16,0,1,0.0541,0,0,1,0,0.1332,0
ACC04865,202,209,40451.44,142,67,5805219.96,2332570.87,122,63,17,78,0.2408,19,10,6,2,0.8764,1
ACC04866,977,63,2385.31,33,30,90477.78,56310.21,14,17,2,3,0.0561,2,3,0,2,0.1651,0
ACC04867,1165,94,3990.03,56,38,187562.76,182259.6,23,20,2,2,0.0629,4,0,1,1,0.2956,0
ACC04868,251,394,10765.49,275,119,2652278.79,1377717.38,239,112,11,150,0.4957,30,4,1,6,0.8256,1
ACC04869,1230,68,5195.63,42,26,257022.13,160750.43,26,14,1,2,0.0748,2,0,3,1,0.2809,0
ACC04870,1928,23,2328.8,12,11,25939.66,24360.65,11,2,0,1,0.0181,4,0,0,0,0.2457,0
ACC04871,56,246,23640.99,170,76,4203252.44,1692994.52,136,42,21,100,0.2588,25,12,2,4,0.8769,1
ACC04872,101,309,18449.77,245,64,4946753.86,1048651.9,188,53,11,137,0.4668,26,7,4,5,0.8178,1
ACC04873,1867,99,1992.46,57,42,96697.52,77197.07,30,27,2,3,0.0633,1,2,0,1,0.4725,0
ACC04874,1259,36,2526.55,22,14,41741.73,27901.9,4,9,2,0,0.0596,1,0,3,0,0.2611,0
ACC04875,82,79,5242.64,52,27,316882.15,152396.45,23,27,10,33,0.3095,21,5,5,9,0.7443,1
ACC04876,767,27,2075.41,10,17,18690.25,37013.17,10,7,4,3,0.1742,1,1,0,1,0.1411,0
ACC04877,1095,13,2037.44,6,7,12446.92,11903.86,2,2,2,2,0.049,6,0,0,0,0.1268,0
ACC04878,5000,17,1267.2,7,10,9841.06,10445.23,5,2,4,2,0.0249,2,0,0,1,0.4076,0
ACC04879,112,215,13882.89,143,72,2477013.16,996886.88,143,61,15,94,0.4542,17,4,6,3,0.9146,1
ACC04880,154,38,1175.46,23,15,30943.03,15138.05,6,11,2,4,0.0522,3,0,0,2,0.4118,0
ACC04881,119,408,6083.1,297,111,2004362.97,624131.95,246,95,16,149,0.5751,23,4,4,1,0.8204,1
ACC04882,915,48,4829.99,21,27,102755.25,169514.35,6,16,3,4,0.0199,1,1,3,1,0.2774,0
ACC04883,98,229,12826.23,158,71,2425066.78,850568.74,157,71,20,103,0.4155,19,8,6,4,0.7509,1
ACC04884,149,548,12407.63,369,179,4521519.99,2030460.25,326,177,12,222,0.3679,33,5,4,6,0.8574,1
ACC04885,301,510,18529.37,309,201,6852192.66,4530200.64,223,174,14,183,0.4385,29,2,6,3,0.9206,1
ACC04886,1205,33,1140.32,13,20,16249.6,28559.86,7,6,1,3,0.1511,0,0,1,1,0.077,0
ACC04887,666,120,1644.59,76,44,117592.51,82769.28,36,24,3,1,0.0562,3,0,3,1,0.2792,0
ACC04888,1348,38,6494.75,21,17,181367.72,115618.51,2,16,5,4,0.0093,1,0,0,0,0.1527,0
ACC04889,1302,20,1519.2,12,8,15111.17,9191.27,6,7,1,4,0.1013,2,0,4,0,0.3698,0
ACC04890,1281,20,2711.8,11,9,28085.8,20186.24,5,3,2,3,0.0409,2,2,1,3,0.5301,0
ACC04891,854,61,3529.63,23,38,75421.6,112158.27,5,23,2,1,0.0242,2,0,2,1,0.0843,0
ACC04892,1378,23,1680.27,11,12,20999.8,18607.96,2,4,1,3,0.0875,3,0,0,0,0.1204,0
ACC04893,121,165,27101.17,109,56,2845972.86,1866232.2,109,40,12,60,0.3877,31,8,6,4,0.929,1
ACC04894,2257,64,4876.96,29,35,179841.82,194767.47,16,17,2,1,0.1189,2,0,1,1,0.0841,0
ACC04895,607,86,10821.45,38,48,416523.17,452924.03,15,31,1,0,0.1037,1,0,2,1,0.1982,0
ACC04896,210,238,11912.5,165,73,1770060.52,1065742.62,108,37,14,90,0.5231,23,5,5,4,0.9341,1
ACC04897,2174,88,1130.33,45,43,40694.46,47557.16,15,23,3,2,0.0708,3,2,0,1,0.4996,0
ACC04898,116,123,7181.54,81,42,665798.72,272617.46,81,27,16,45,0.4115,39,8,3,6,0.9275,1
ACC04899,477,50,1015.39,17,33,15146.55,25963.33,5,15,2,0,0.0167,2,1,0,1,0.213,0
ACC04900,2587,85,1327.12,45,40,78035.44,56983.51,15,22,1,1,0.0602,1,0,3,0,0.4867,0
ACC04901,440,81,5943.71,50,31,316340.59,199532.51,18,21,1,2,0.048,3,0,1,1,0.5267,0
ACC04902,111,138,38538.19,93,45,3173021.35,2114073.78,87,36,7,60,0.1149,19,5,8,3,0.9293,1
ACC04903,1333,34,3325.11,15,19,47431.67,48975.86,11,15,0,3,0.0523,1,1,2,0,0.1816,0
ACC04904,357,120,28751.62,78,42,2247764.59,1113943.9,49,21,13,39,0.453,28,3,4,5,0.9166,1
ACC04905,2771,44,6961.95,20,24,185204.09,149083.63,6,13,1,1,0.0204,2,1,0,0,0.6417,0
ACC04906,2004,69,1996.08,33,36,65353.05,54007.76,19,14,0,1,0.0477,1,0,0,1,0.2909,0
ACC04907,946,38,1054.54,19,19,26740.44,21939.56,13,15,1,1,0.0191,0,0,3,0,0.2564,0
ACC04908,118,239,19397.32,178,61,4118763.1,1459678.23,141,61,15,86,0.4322,28,2,5,4,0.8631,1
ACC04909,1308,48,2318.42,25,23,58119.7,40430.87,2,8,2,0,0.0386,2,0,0,2,0.171,0
ACC04910,529,34,1332.04,15,19,26207.24,24500.08,11,10,1,1,0.0436,4,0,2,0,0.5188,0
ACC04911,852,37,958.2,15,22,11160.15,25968.22,2,16,0,2,0.0209,2,0,1,0,0.2605,0
ACC04912,4069,28,3495.14,12,16,47118.42,43491.78,3,5,3,2,0.0953,0,0,1,0,0.3097,0
ACC04913,885,147,4099.35,82,65,408371.12,228241.49,28,32,3,4,0.0386,1,0,0,0,0.1317,0
ACC04914,135,426,33163.01,215,211,7352658.88,6583119.89,198,185,15,156,0.2997,18,6,6,1,0.7325,1
ACC04915,609,42,4558.74,15,27,61629.7,131535.13,6,10,1,1,0.0417,2,1,2,2,0.2029,0
ACC04916,217,213,6931.83,109,104,644115.75,795084.65,91,85,20,74,0.2932,25,8,4,3,0.8331,1
ACC04917,671,126,3734.77,62,64,215488.21,205704.25,35,27,2,2,0.0839,3,1,1,1,0.3355,0
ACC04918,425,77,2191.15,38,39,70588.29,75136.16,21,12,2,3,0.0809,1,1,1,0,0.3762,0
ACC04919,478,35,2264.48,21,14,63954.08,35381.28,4,4,1,4,0.0103,0,0,1,2,0.1319,0
ACC04920,40,283,34313.28,197,86,6563080.15,3339522.09,190,85,11,107,0.4055,28,6,6,7,0.8024,1
ACC04921,508,39,943.71,16,23,14099.09,15325.57,9,14,3,1,0.0269,1,0,3,0,0.2875,0
ACC04922,1455,56,1527.19,23,33,31444.79,55823.76,14,20,4,1,0.104,3,1,2,0,0.3982,0
ACC04923,509,23,12929.97,10,13,127219.84,205055.62,10,2,4,2,0.0499,0,1,2,1,0.1749,0
ACC04924,1143,25,2749.08,15,10,41905.93,21754.6,6,10,3,1,0.025,2,0,1,0,0.2022,0
ACC04925,899,67,2009.15,40,27,94674.53,53268.03,11,8,0,2,0.0216,0,0,1,0,0.2761,0
ACC04926,765,26,2658.41,13,13,43355.08,25239.11,8,4,2,4,0.0118,3,1,0,0,0.2772,0
ACC04927,138,138,21749.44,76,62,1953787.43,1303327.66,65,29,16,53,0.3665,23,13,4,7,0.8232,1
ACC04928,388,38,1608.48,20,18,33296.91,20679.57,12,10,6,4,0.1358,0,0,0,1,0.3782,0
ACC04929,662,47,1411.82,30,17,52871.34,28043.54,16,2,0,3,0.0568,3,0,3,2,0.2626,0
ACC04930,436,53,1179.49,30,23,32869.96,24797.94,11,21,3,4,0.021,0,1,1,1,0.2578,0
ACC04931,3849,31,2065.39,19,12,51931.67,23535.95,11,11,1,3,0.0112,1,0,1,1,0.0488,0
ACC04932,1521,35,1078.83,17,18,22195.38,20029.49,2,4,1,0,0.0934,1,1,2,0,0.2645,0
ACC04933,801,55,2766.12,23,32,48476.67,89556.59,11,12,3,4,0.0384,1,2,0,1,0.3033,0
ACC04934,564,34,798.47,18,16,10892.73,13078.39,7,2,4,1,0.0799,1,1,0,0,0.1027,0
ACC04935,726,16,2682.93,7,9,22571.63,21564.71,2,7,3,1,0.1052,2,0,0,1,0.2209,0
ACC04936,852,37,1721.47,15,22,22486.98,33734.09,2,10,1,4,0.0425,3,2,1,2,0.1887,0
ACC04937,151,277,13721.31,188,89,2549388.47,1511010.38,163,89,18,107,0.3113,33,6,4,5,0.7261,1
ACC04938,2424,72,2747.07,36,36,116346.63,75478.07,18,12,2,3,0.0124,3,1,0,0,0.5617,0
ACC04939,824,98,7674.47,55,43,524851.67,378331.04,25,22,3,5,0.0749,3,0,1,0,0.2035,0
ACC04940,340,52,862.56,29,23,20645.92,25686.94,14,14,1,3,0.1174,1,0,0,3,0.0357,0
ACC04941,1854,35,1260.75,19,16,26846.15,15415.33,14,5,4,1,0.0784,3,0,2,1,0.3337,0
ACC04942,87,202,6082.18,125,77,894259.6,572039.79,74,77,11,62,0.4599,27,10,3,5,0.8954,1
ACC04943,34,336,10519.09,226,110,2272964.68,1336098.11,170,88,12,137,0.1637,26,6,3,7,0.8544,1
ACC04944,695,55,1023.77,19,36,19995.12,37334.92,10,21,1,1,0.1067,2,0,0,2,0.2588,0
ACC04945,451,42,3830.29,26,16,97465.95,43431.84,10,6,1,3,0.0103,1,1,0,0,0.0496,0
ACC04946,198,251,21943.1,169,82,3401250.92,1712274.36,136,60,6,88,0.3107,25,5,6,5,0.6873,1
ACC04947,323,48,1481.65,30,18,34737.17,24418.74,16,9,1,1,0.0929,1,0,1,1,0.4226,0
ACC04948,86,271,8571.96,193,78,1592293.34,713507.02,180,78,15,109,0.4313,19,8,9,5,0.9023,1
ACC04949,751,69,1900.91,31,38,67362.55,92039.6,10,24,2,2,0.0488,1,0,2,1,0.2794,0
ACC04950,42,782,28737.96,475,307,14590395.61,10858880.45,389,293,12,312,0.3468,14,8,4,1,0.7195,1
ACC04951,1325,36,5005.61,14,22,59525.04,131297.52,8,15,1,1,0.0405,2,0,1,1,0.2094,0
ACC04952,2250,172,1766.66,102,70,180414.92,140155.66,48,43,2,7,0.0298,1,0,0,0,0.2752,0
ACC04953,1545,31,2526.03,15,16,47094.03,39277.77,3,5,3,1,0.092,0,2,1,0,0.2331,0
ACC04954,56,248,8000.38,144,104,1224057.17,861662.21,90,88,16,91,0.3653,21,11,4,4,0.8716,1
ACC04955,1105,42,1499.34,20,22,28896.84,39079.49,7,11,2,1,0.0171,1,0,0,1,0.4532,0
ACC04956,1115,57,1239.55,36,21,46321.27,33805.82,19,21,2,3,0.0174,1,0,2,0,0.1167,0
ACC04957,45,416,14480.38,216,200,2877903.46,3170279.74,179,173,11,148,0.3249,25,10,4,1,0.935,1
ACC04958,1491,179,1255.62,71,108,117306.36,101331.74,31,57,2,2,0.0195,1,0,1,0,0.4504,0
ACC04959,117,264,23501.05,166,98,3385189.03,2288082.78,151,79,13,101,0.2922,21,5,8,2,0.7948,1
ACC04960,172,277,19192.33,178,99,4173733.96,2093357.66,176,82,25,115,0.2762,22,7,2,5,0.8554,1
ACC04961,880,45,3902.38,28,17,116129.01,75378.84,21,9,0,2,0.0587,0,0,1,0,0.399,0
ACC04962,1976,38,1374.71,18,20,25649.49,33347.25,9,17,3,0,0.0771,2,0,0,0,0.3156,0
ACC04963,369,456,17956.45,251,205,4451410.18,3474537.25,215,174,15,162,0.4102,21,4,4,5,0.5505,1
ACC04964,1223,36,1614.6,13,23,23106.34,26096.76,13,16,1,1,0.024,1,0,0,1,0.1741,0
ACC04965,389,99,997.44,40,59,41816.24,51407.36,14,35,1,3,0.1873,0,0,2,1,0.3652,0
ACC04966,170,201,7835.45,140,61,1262070.92,416202.78,114,61,14,84,0.3231,22,4,6,5,0.9151,1
ACC04967,283,202,11453.42,126,76,1576091.44,906280.28,106,60,10,77,0.3455,19,3,4,6,0.9342,1
ACC04968,1082,42,3274.87,19,23,50797.25,93304.94,6,17,0,3,0.0784,3,2,1,1,0.3927,0
ACC04969,1352,100,3594.16,54,46,215335.27,158114.79,30,31,3,0,0.0731,0,1,1,1,0.2741,0
ACC04970,556,63,3448.75,39,24,156644.22,65240.59,18,14,2,2,0.0371,1,0,2,0,0.2392,0
ACC04971,37,268,10101.35,174,94,1725793.31,852785.83,173,83,16,101,0.4022,18,9,4,5,0.9779,1
ACC04972,241,401,10082.27,219,182,2536795.52,2278272.05,183,156,17,156,0.3797,24,9,8,4,0.8976,1
ACC04973,45,251,14713.08,175,76,2835474.59,1078505.29,171,46,14,78,0.5053,29,6,6,2,0.7987,1
ACC04974,634,40,2197.93,22,18,50675.5,45576.5,14,2,0,1,0.0387,2,1,0,1,0.387,0
ACC04975,1201,13,1458.49,6,7,11362.16,12092.45,2,7,2,3,0.0367,2,2,1,0,0.3024,0
ACC04976,619,6,621.88,3,3,2227.51,1660.66,2,3,0,3,0.211,1,0,2,0,0.2712,0
ACC04977,836,52,8120.14,26,26,268730.88,212522.94,11,13,1,1,0.1098,3,0,3,3,0.1336,0
ACC04978,1003,37,2766.95,19,18,47033.88,42876.99,2,8,2,1,0.068,1,1,1,1,0.1855,0
ACC04979,1115,15,1122.66,6,9,7903.7,7979.77,6,3,1,2,0.0512,1,1,1,0,0.0781,0
ACC04980,672,53,3242.83,32,21,129702.9,57605.61,12,18,1,0,0.0362,1,2,0,0,0.2825,0
ACC04981,74,239,8162.24,148,91,1406085.65,913851.44,109,91,19,92,0.5012,24,7,2,5,0.962,1
ACC04982,334,72,1879.45,39,33,76525.6,54230.84,21,14,2,1,0.0538,1,1,0,0,0.2403,0
ACC04983,730,61,1114.06,26,35,29021.4,45256.83,14,18,2,6,0.0307,1,1,2,1,0.1439,0
ACC04984,575,30,3349.91,12,18,48629.37,48986.92,2,13,1,4,0.03,2,0,0,3,0.2244,0
ACC04985,666,47,1272.13,18,29,25233.1,42019.03,10,3,4,1,0.025,0,0,0,0,0.2157,0
ACC04986,39,259,7507.45,175,84,1453163.22,768720.99,153,61,11,95,0.207,25,8,5,1,0.7786,1
ACC04987,455,39,4560.19,23,16,100121.82,53079.1,8,5,2,2,0.1093,3,0,0,1,0.2476,0
ACC04988,653,31,2080.21,12,19,21769.3,33397.86,9,2,1,1,0.1943,3,0,1,0,0.2344,0
ACC04989,144,274,10426.48,202,72,1808060.7,837879.94,156,37,10,109,0.1568,34,2,2,3,0.9302,1
ACC04990,67,271,25060.39,184,87,4128279.3,2687778.42,140,87,17,122,0.3432,17,10,7,8,0.9718,1
ACC04991,112,453,6902.74,293,160,1850018.73,1285751.23,249,149,15,175,0.3838,21,8,1,11,0.9377,1
ACC04992,947,66,6663.21,42,24,219275.17,156856.23,25,15,2,2,0.031,0,0,1,0,0.4362,0
ACC04993,252,23,3602.1,12,11,43082.33,37796.41,9,11,1,0,0.0677,2,1,0,1,0.3957,0
ACC04994,1249,21,6663.78,12,9,73148.36,55146.68,7,2,1,1,0.0398,0,0,1,3,0.3393,0
ACC04995,736,71,1040.21,26,45,20367.54,36068.64,2,22,1,6,0.1035,2,1,3,1,0.3153,0
ACC04996,157,93,24664.55,51,42,1275629.74,1045100.48,51,42,15,34,0.3301,24,4,7,4,0.9611,1
ACC04997,131,94,6741.89,73,21,423358.14,168610.71,68,7,18,40,0.2434,23,8,3,5,0.9236,1
ACC04998,849,44,479.69,23,21,10698.87,8601.43,15,12,1,3,0.0436,2,1,1,0,0.0883,0
ACC04999,625,78,1085.28,30,48,36801.59,41378.94,7,21,1,1,0.1087,1,1,2,0,0.4143,0
ACC05000,413,104,3248.69,41,63,125741.09,173158.01,25,38,1,0,0.0445,2,2,0,1,0.3122,0
ACC05001,581,22,4345.37,9,13,35065.44,45694.51,5,11,3,3,0.0538,1,0,1,0,0.1711,0
ACC05002,1029,38,3389.23,17,21,63769.97,60624.02,15,8,4,2,0.0162,1,0,2,0,0.4948,0
ACC05003,218,221,13249.47,130,91,2072569.66,1154633.64,106,87,20,77,0.2662,18,7,5,5,0.7534,1
ACC05004,799,65,2700.73,38,27,78947.88,66999.03,23,12,4,2,0.0292,1,0,2,0,0.3117,0
ACC05005,571,69,1816.04,24,45,54156.54,66726.42,15,14,2,1,0.0606,1,1,0,0,0.1877,0
ACC05006,4554,36,2570.64,13,23,42337.33,42335.08,6,7,2,4,0.0054,2,0,2,0,0.1919,0
ACC05007,30,156,20546.95,104,52,2465136.41,1086096.9,104,52,14,51,0.1704,29,4,6,1,0.9279,1
ACC05008,87,246,9643.28,178,68,1606803.47,593180.65,133,52,18,96,0.1903,23,9,7,5,0.8506,1
ACC05009,99,255,16873.1,202,53,3613371.51,914724.57,163,50,10,93,0.4641,30,6,4,4,0.7753,1
ACC05010,64,123,14728.64,76,47,1040509.19,844017.44,65,42,16,52,0.6674,28,4,3,6,0.9024,1
ACC05011,322,53,1405.68,28,25,42583.14,29071.88,15,14,2,3,0.0305,1,0,3,2,0.3504,0
ACC05012,503,234,24981.65,181,53,4432025.0,1644791.46,181,53,15,96,0.3658,30,7,1,3,0.8438,1
ACC05013,1847,14,1497.77,9,5,16420.93,7344.9,2,2,0,1,0.1029,1,0,1,1,0.2404,0
ACC05014,497,61,4316.34,22,39,77455.43,213831.38,3,14,0,1,0.0914,1,0,0,0,0.4055,0
ACC05015,1496,20,6529.38,10,10,77699.16,66919.37,6,2,0,2,0.0845,1,0,0,0,0.1955,0
ACC05016,205,259,10957.16,143,116,1899059.69,1496185.54,130,108,10,89,0.313,30,6,4,4,0.8291,1
ACC05017,90,80,14002.9,41,39,596792.37,667450.53,30,34,18,24,0.4633,26,7,7,1,0.9164,1
ACC05018,1117,65,2957.49,38,27,111257.44,97424.12,22,17,2,5,0.0318,2,0,0,3,0.1377,0
ACC05019,661,50,1303.69,27,23,43485.71,27452.91,9,6,3,1,0.1066,1,0,0,0,0.2661,0
ACC05020,154,301,39514.58,208,93,7635685.37,4515408.27,201,91,16,113,0.2176,24,4,5,4,0.8913,1
ACC05021,2606,44,1568.53,23,21,43664.6,42806.8,9,11,3,3,0.0591,4,1,0,0,0.2439,0
ACC05022,1251,34,25000.0,18,16,477637.62,392485.18,11,3,2,1,0.0645,0,0,1,0,0.6084,0
ACC05023,495,7,2140.11,2,5,4024.19,13232.39,2,5,2,2,0.1255,0,0,1,1,0.3758,0
ACC05024,467,56,5447.63,28,28,174691.61,191472.98,16,13,0,0,0.0083,2,0,2,0,0.188,0
ACC05025,2577,36,4299.53,13,23,47126.69,118169.34,13,6,4,2,0.171,1,0,1,1,0.1202,0
ACC05026,872,73,1246.53,46,27,63804.15,37171.19,30,18,2,1,0.0478,2,0,1,1,0.4762,0
ACC05027,2310,46,2645.53,21,25,52528.55,55394.61,9,13,0,0,0.069,1,0,1,0,0.5432,0
ACC05028,143,196,17213.03,114,82,2012216.9,1297731.98,93,68,11,84,0.2047,28,7,6,4,0.9458,1
ACC05029,626,82,2762.03,47,35,174899.16,101799.92,16,23,0,0,0.0269,2,0,2,0,0.1273,0
ACC05030,824,9,4018.99,3,6,13182.66,28374.59,2,6,3,2,0.0629,1,2,2,2,0.2001,0
ACC05031,1118,23,8667.45,10,13,112300.69,134242.13,10,2,1,1,0.0494,1,0,1,0,0.2068,0
ACC05032,574,348,38428.7,222,126,9058667.72,5457172.86,216,126,19,127,0.5181,32,9,4,5,0.45,1
ACC05033,2265,51,1300.78,27,24,28966.69,33859.56,12,24,1,2,0.041,1,1,0,1,0.4176,0
ACC05034,600,38,1870.19,14,24,24178.34,53805.38,4,19,2,1,0.0514,1,0,0,1,0.3632,0
ACC05035,2099,62,5393.46,25,37,135561.22,159238.51,8,24,0,3,0.0881,1,0,1,1,0.1112,0
ACC05036,1185,51,1803.76,18,33,35078.19,74923.44,3,20,0,0,0.0188,3,1,1,0,0.4055,0
ACC05037,706,142,1683.7,83,59,171281.98,96552.93,33,32,0,2,0.0389,4,0,0,1,0.1532,0
ACC05038,156,130,14343.89,85,45,1309673.01,724536.42,85,38,16,47,0.323,31,10,10,2,0.9542,1
ACC05039,369,58,1127.25,24,34,33207.02,43797.02,8,27,3,3,0.0692,1,1,2,1,0.059,0
ACC05040,505,45,1468.99,17,28,24278.0,36943.75,3,26,1,3,0.0093,2,1,1,0,0.3074,0
ACC05041,814,43,1524.6,23,20,27530.16,39327.81,15,12,0,3,0.0079,2,0,1,0,0.2269,0
ACC05042,346,31,4077.67,11,20,46882.7,88255.39,7,12,2,3,0.0555,0,3,0,0,0.2716,0
ACC05043,857,63,661.68,35,28,27306.77,17171.76,22,19,5,2,0.0125,4,1,3,1,0.3115,0
ACC05044,506,103,4328.26,42,61,242709.2,302019.41,19,31,1,3,0.0412,0,0,0,0,0.1634,0
ACC05045,668,50,4183.36,30,20,131574.91,99016.31,9,15,4,3,0.1295,1,0,1,0,0.2285,0
ACC05046,48,447,17407.61,260,187,4925189.57,3007714.46,235,176,9,160,0.3328,28,4,5,4,0.9547,1
ACC05047,84,266,21348.26,206,60,4191469.61,1408873.09,184,56,16,112,0.2555,29,4,4,4,0.8166,1
ACC05048,631,48,2704.42,29,19,104860.24,58081.06,11,8,1,0,0.017,3,0,0,0,0.1991,0
ACC05049,1490,24,5366.65,14,10,66791.9,54326.01,14,3,2,1,0.0251,2,0,1,1,0.1572,0
ACC05050,777,127,6379.91,54,73,270670.87,339194.9,24,38,0,2,0.0564,4,0,0,0,0.2891,0
ACC05051,413,56,644.97,30,26,21110.11,19571.51,9,7,1,4,0.0914,2,0,0,0,0.2312,0
ACC05052,1239,130,1839.96,48,82,89349.74,168273.78,13,47,1,4,0.0236,0,0,1,0,0.1388,0
ACC05053,365,1003,100000.0,800,203,88629530.42,23227975.39,701,185,14,371,0.1771,33,7,5,6,0.8482,1
ACC05054,229,482,16809.77,380,102,6080512.44,1964040.07,318,86,16,188,0.2175,24,5,4,3,0.709,1
ACC05055,63,485,8548.28,370,115,3235949.53,1007744.86,322,90,21,187,0.5672,23,2,3,1,0.9457,1
ACC05056,880,28,7193.1,10,18,72407.83,124103.75,6,9,2,2,0.0233,1,0,0,1,0.1905,0
ACC05057,1578,58,3784.73,35,23,175881.86,101892.22,15,5,2,0,0.0466,1,0,2,3,0.4286,0
ACC05058,297,50,3237.39,24,26,99217.58,75401.77,9,16,2,0,0.0101,1,0,0,1,0.2427,0
ACC05059,1322,23,1984.76,8,15,14433.62,35254.48,3,5,4,1,0.0688,1,0,1,1,0.3113,0
ACC05060,1477,26,2530.05,16,10,33571.94,31971.26,8,10,3,2,0.0558,2,0,1,1,0.3193,0
ACC05061,539,55,9554.1,30,25,263450.79,204938.27,18,8,2,1,0.0457,1,1,2,0,0.1672,0
ACC05062,44,579,27869.64,343,236,8657169.32,6874771.9,289,199,16,248,0.3565,24,3,5,3,0.8661,1
ACC05063,354,56,2051.94,29,27,57652.91,41627.4,20,7,1,1,0.0355,4,0,2,0,0.2151,0
ACC05064,182,79,13703.36,41,38,667024.35,502403.8,41,38,9,42,0.5126,24,1,5,5,0.652,1
ACC05065,55,180,7164.53,91,89,773515.01,756208.94,68,87,19,71,0.5235,23,3,5,2,0.9085,1
ACC05066,277,38,1002.07,14,24,18170.12,26315.66,5,14,2,4,0.0157,0,0,2,2,0.1494,0
ACC05067,2188,35,5354.52,22,13,95980.66,79978.55,15,9,1,4,0.0388,2,0,1,0,0.3758,0
ACC05068,39,363,13190.83,187,176,2829912.86,2365873.47,147,175,13,141,0.4875,24,5,4,1,0.9296,1
ACC05069,103,446,7262.07,305,141,2428087.19,915248.23,227,141,14,175,0.2914,29,7,7,4,0.884,1
ACC05070,91,166,14258.51,104,62,1488937.08,813617.4,104,36,10,63,0.6109,26,6,10,5,0.9539,1
ACC05071,906,25,5150.11,12,13,48863.19,76154.97,12,3,0,4,0.0221,4,0,0,1,0.1143,0
ACC05072,147,471,8225.44,246,225,2159386.71,2268927.3,204,214,14,181,0.4469,26,3,2,6,0.7658,1
ACC05073,1229,23,7637.51,14,9,130978.31,72820.58,3,2,5,2,0.0298,1,3,1,0,0.252,0
ACC05074,125,185,5963.05,133,52,867810.29,312993.28,98,30,4,59,0.2041,28,5,2,5,0.9353,1
ACC05075,872,14,3599.94,4,10,15265.25,35964.16,2,6,3,2,0.1,0,2,0,1,0.1785,0
ACC05076,167,291,12443.87,219,72,2383209.95,818131.25,174,50,12,110,0.5532,25,7,2,4,0.9491,1
ACC05077,740,67,2464.31,36,31,81195.89,58181.92,8,15,2,0,0.0084,0,1,1,1,0.2158,0
ACC05078,581,18,4559.28,9,9,45751.94,36615.52,3,2,4,2,0.0436,0,0,1,2,0.2493,0
ACC05079,2710,37,4605.19,20,17,74821.16,80622.43,10,2,3,5,0.0437,1,0,2,0,0.1577,0
ACC05080,567,62,3306.76,24,38,76022.1,159870.45,11,17,0,5,0.0418,2,2,1,0,0.2985,0
ACC05081,2062,38,1072.89,21,17,22186.9,18923.41,3,6,0,0,0.0322,1,0,2,1,0.2988,0
ACC05082,193,436,20792.49,239,197,4673387.53,4462650.93,212,189,7,158,0.5328,20,8,6,1,0.7815,1
ACC05083,39,456,29915.28,286,170,9547019.47,6146934.64,227,163,13,196,0.1411,23,11,4,3,0.8273,1
ACC05084,1627,23,2703.16,8,15,22292.73,30942.91,5,13,2,2,0.0511,0,4,3,2,0.3061,0
ACC05085,189,22,7079.08,12,10,69633.1,63260.37,11,2,3,3,0.0232,3,1,1,1,0.3874,0
ACC05086,657,55,2513.4,32,23,75748.15,64915.35,19,22,2,1,0.1055,4,2,1,0,0.262,0
ACC05087,720,14,4690.0,5,9,17808.2,51927.87,2,4,2,4,0.0548,0,1,0,2,0.2313,0
ACC05088,787,58,6342.9,27,31,129516.24,245059.58,6,18,4,2,0.044,3,1,4,3,0.0946,0
ACC05089,87,400,36386.41,272,128,9259400.34,5567701.51,220,107,16,138,0.2978,17,4,9,5,0.9045,1
ACC05090,1135,15,5432.72,5,10,28369.27,38458.95,5,9,4,2,0.1829,2,1,0,0,0.2465,0
ACC05091,1420,16,1325.13,7,9,10016.46,14609.75,2,2,0,3,0.0347,4,1,0,2,0.3262,0
ACC05092,500,50,3378.24,24,26,67399.86,75406.7,12,19,1,2,0.0933,0,0,0,0,0.2922,0
ACC05093,1259,44,1817.96,28,16,47869.66,29999.71,12,10,1,2,0.0646,5,0,1,2,0.2046,0
ACC05094,846,47,2647.07,18,29,54205.35,67178.71,5,13,4,0,0.0424,2,0,1,0,0.4353,0
ACC05095,271,45,1881.18,20,25,50099.06,42770.65,2,11,1,3,0.0798,0,1,1,1,0.0777,0
ACC05096,52,240,7590.96,155,85,1134753.04,685683.52,109,73,18,103,0.3605,18,5,5,6,0.9421,1
ACC05097,126,206,38262.22,124,82,4307836.01,3555318.14,105,82,12,75,0.2766,29,5,8,4,0.7159,1
ACC05098,628,54,1219.41,27,27,32283.39,29170.98,14,24,1,2,0.0153,0,0,1,1,0.4412,0
ACC05099,990,54,1544.61,19,35,37718.04,52406.09,10,12,4,1,0.0536,0,0,1,0,0.2585,0
ACC05100,980,74,4447.45,36,38,164276.41,179290.84,14,12,1,2,0.0403,1,0,1,0,0.2844,0
ACC05101,105,279,5836.6,222,57,1541535.3,403049.99,192,57,11,102,0.4945,19,12,7,1,0.5416,1
ACC05102,1176,32,1803.65,12,20,27599.47,29397.89,2,15,0,2,0.0156,1,0,0,3,0.2359,0
ACC05103,1912,25,2244.91,12,13,22491.64,33366.79,8,9,3,5,0.1507,0,0,2,1,0.3304,0
ACC05104,1004,17,1693.44,6,11,9692.56,19238.72,2,4,3,1,0.0106,0,1,2,0,0.3793,0
ACC05105,1398,20,2154.82,11,9,24540.23,13987.88,4,7,1,2,0.0836,1,1,1,0,0.2432,0
ACC05106,1447,44,1640.49,23,21,45066.31,38749.16,2,21,1,1,0.0448,1,2,1,0,0.1358,0
ACC05107,552,338,41153.5,204,134,8821127.09,5316878.72,154,101,10,114,0.3617,30,9,6,4,0.9131,1
ACC05108,713,26,2109.96,15,11,25108.23,22870.96,14,9,2,2,0.0103,1,0,0,0,0.1532,0
ACC05109,1771,44,891.85,26,18,31163.33,18072.19,17,9,1,1,0.1688,1,0,0,0,0.1005,0
ACC05110,267,217,22524.12,154,63,4242165.83,1470690.29,136,62,13,84,0.6341,18,9,1,4,0.7599,1
ACC05111,296,21,1950.21,8,13,19027.01,22401.28,8,3,1,3,0.0197,0,1,0,1,0.0429,0
ACC05112,556,54,1118.6,31,23,41920.76,29987.33,13,5,1,3,0.0205,1,0,0,1,0.3672,0
ACC05113,1347,57,2181.24,35,22,99150.61,35192.13,10,16,3,1,0.0107,0,1,1,1,0.2815,0
ACC05114,73,489,16775.89,374,115,6143447.85,2120307.51,298,97,9,191,0.2882,25,5,2,5,0.8859,1
ACC05115,66,310,14478.05,176,134,2784043.99,2087881.74,164,115,16,115,0.4234,29,6,3,4,0.7939,1
ACC05116,1002,55,822.97,35,20,21876.42,18521.88,13,16,3,4,0.0756,0,0,1,3,0.6367,0
ACC05117,857,43,3218.35,17,26,59072.1,94139.5,11,18,1,2,0.0335,2,0,2,0,0.2269,0
ACC05118,882,11,3069.33,5,6,15832.08,16673.4,5,2,0,2,0.0096,2,1,3,0,0.5138,0
ACC05119,1048,50,3009.15,28,22,89664.4,70161.09,19,16,2,4,0.0186,2,0,2,0,0.3662,0
ACC05120,1282,37,5316.49,18,19,87851.79,92915.9,9,7,3,2,0.0495,0,0,2,1,0.2869,0
ACC05121,700,19,4841.47,11,8,40317.28,43629.99,3,2,0,2,0.0277,0,1,1,0,0.2551,0
ACC05122,145,278,10961.81,210,68,2006256.52,727043.14,193,56,9,112,0.1739,28,3,3,9,0.5844,1
ACC05123,845,47,2070.3,18,29,29031.88,46573.11,7,13,2,2,0.0235,2,0,1,1,0.2967,0
ACC05124,699,20,2150.39,10,10,20762.83,23306.94,3,9,1,2,0.0036,3,0,2,2,0.3288,0
ACC05125,1373,62,2391.69,36,26,111928.76,61917.24,12,15,2,0,0.0105,2,2,4,0,0.0817,0
ACC05126,1123,65,4134.89,35,30,145509.63,108531.77,13,12,1,2,0.0163,0,0,0,0,0.3855,0
ACC05127,1225,31,2093.73,19,12,48117.79,28777.45,9,7,2,1,0.1089,2,1,3,4,0.1251,0
ACC05128,776,48,1955.37,27,21,62822.83,43786.24,8,13,2,1,0.048,2,0,1,1,0.134,0
ACC05129,763,41,5666.71,25,16,179112.29,85523.05,9,10,1,2,0.0086,4,2,1,0,0.3293,0
ACC05130,52,289,14263.47,170,119,3007782.32,1733713.42,160,119,12,122,0.4178,22,5,4,2,0.6067,1
ACC05131,148,99,22045.08,67,32,1359540.02,774526.46,54,25,9,34,0.581,19,5,7,4,0.9554,1
ACC05132,1281,59,5399.37,25,34,122174.2,178497.71,2,27,0,4,0.0381,1,0,1,2,0.6059,0
ACC05133,1448,40,1814.62,19,21,43481.2,47221.21,2,9,0,1,0.0673,1,0,2,0,0.7217,0
ACC05134,715,22,4661.88,11,11,52460.21,46975.88,4,4,0,2,0.1047,0,0,2,2,0.3292,0
ACC05135,799,74,3662.35,27,47,79457.04,131052.45,10,26,3,1,0.0252,2,0,0,0,0.42,0
ACC05136,818,43,3859.34,22,21,66751.09,62855.58,12,12,3,1,0.0097,1,1,2,1,0.4226,0
ACC05137,989,67,2224.45,36,31,92127.84,72267.49,16,16,3,1,0.0835,1,1,5,1,0.2594,0
ACC05138,140,200,8653.75,104,96,1027872.83,1020521.02,97,91,16,75,0.3796,22,9,6,5,0.7894,1
ACC05139,256,22,2414.94,9,13,27196.47,40133.16,2,4,8,1,0.1015,4,1,1,1,0.2305,0
ACC05140,1510,45,3691.63,24,21,111841.24,59627.2,16,6,1,0,0.0287,0,0,1,1,0.2276,0
ACC05141,189,419,25005.72,300,119,6781647.31,2578422.98,252,112,14,155,0.2849,21,7,2,2,0.6677,1
ACC05142,1391,62,1671.86,32,30,51895.71,44431.05,15,16,1,0,0.013,0,0,4,0,0.4781,0
ACC05143,99,560,29201.96,280,280,8068264.14,8878000.5,231,231,7,222,0.3987,30,5,4,3,0.7312,1
ACC05144,478,30,1551.21,15,15,28504.8,28964.12,10,12,2,1,0.1515,2,0,2,0,0.2155,0
ACC05145,1087,41,4253.91,17,24,57420.28,84754.89,12,21,5,2,0.1144,3,1,0,4,0.2344,0
ACC05146,1467,27,8324.3,13,14,118610.35,104367.08,3,2,1,2,0.0541,1,0,0,1,0.3089,0
ACC05147,216,132,11825.84,94,38,1099257.28,472152.53,94,21,17,51,0.3382,26,6,5,7,0.9548,1
ACC05148,759,17,1707.96,8,9,14310.79,16680.79,7,9,3,0,0.0569,5,0,1,1,0.099,0
ACC05149,133,248,11977.06,151,97,2199262.45,1167903.62,145,90,11,103,0.301,23,8,7,7,0.8811,1
ACC05150,125,191,8309.98,107,84,774687.71,622304.83,89,60,7,65,0.279,21,4,8,2,0.9379,1
ACC05151,805,63,2802.05,29,34,62536.14,70730.81,11,21,0,2,0.0581,4,2,0,0,0.4965,0
ACC05152,698,66,1281.77,32,34,39135.53,41495.96,14,8,4,2,0.0426,4,1,0,0,0.2365,0
ACC05153,1224,79,2341.17,40,39,80529.25,86836.59,17,22,1,2,0.0314,1,0,0,0,0.3092,0
ACC05154,993,40,1322.53,22,18,35493.7,24706.97,2,10,1,1,0.0141,2,1,2,2,0.053,0
ACC05155,1338,71,3014.98,26,45,82322.71,142902.08,4,26,1,0,0.0201,3,1,0,2,0.1131,0
ACC05156,95,226,11589.07,154,72,1618910.21,977224.81,141,63,7,108,0.5802,21,5,3,4,0.9355,1
ACC05157,714,53,2159.17,23,30,38117.87,47368.18,3,29,1,3,0.0166,2,1,1,1,0.2333,0
ACC05158,1487,339,14430.69,215,124,3408707.37,2162979.23,199,106,10,127,0.2281,14,5,3,4,0.9641,1
ACC05159,2421,71,1723.36,31,40,54099.01,51560.61,22,17,3,1,0.0964,0,0,1,1,0.2726,0
ACC05160,1665,40,6681.13,16,24,142546.86,142109.43,7,23,4,1,0.0597,2,0,2,0,0.2463,0
ACC05161,490,29,1909.97,18,11,28503.73,18272.45,7,10,2,0,0.0314,2,0,2,1,0.3747,0
ACC05162,129,112,6400.3,72,40,526389.3,265056.97,72,37,8,43,0.4524,26,2,6,3,0.8431,1
ACC05163,4834,31,951.91,19,12,18581.4,14780.52,2,2,2,1,0.0198,1,0,0,0,0.3404,0
ACC05164,1715,68,3060.48,39,29,148777.58,75758.57,24,24,2,0,0.0236,1,1,1,1,0.3243,0
ACC05165,918,62,1670.65,24,38,34732.8,49707.39,8,22,0,3,0.0288,1,1,2,3,0.1838,0
ACC05166,330,12,1367.44,6,6,8557.32,8343.67,2,6,1,0,0.0471,1,1,2,1,0.1693,0
ACC05167,82,140,21046.0,102,38,2313019.83,770827.32,100,26,13,51,0.1546,30,11,4,7,0.8501,1
ACC05168,1753,58,1412.74,25,33,37073.01,53584.19,10,15,1,1,0.0808,3,0,1,2,0.222,0
ACC05169,1714,111,3961.42,67,44,334238.1,177541.24,29,16,0,3,0.1038,1,0,1,0,0.2998,0
ACC05170,681,91,1726.87,45,46,80667.37,79079.76,26,38,1,0,0.1384,1,0,1,0,0.2405,0
ACC05171,299,120,32855.94,65,55,1986342.15,2209359.8,51,54,12,40,0.2385,25,7,2,4,0.8012,1
ACC05172,453,23,1772.66,9,14,13747.62,28894.29,9,14,2,2,0.0223,2,0,0,0,0.3378,0
ACC05173,1016,24,3544.77,15,9,55785.08,38702.86,8,7,2,2,0.0492,1,1,0,1,0.2274,0
ACC05174,943,47,2484.82,19,28,55976.83,57818.04,10,9,1,1,0.065,1,1,1,2,0.2426,0
ACC05175,1110,40,3406.25,15,25,51323.86,69436.29,10,11,3,0,0.0319,1,0,0,0,0.1953,0
ACC05176,43,491,9478.01,333,158,3766277.08,1346157.05,284,153,26,195,0.3985,23,3,6,2,0.9761,1
ACC05177,63,370,19179.64,235,135,4147098.99,2605972.94,196,110,19,140,0.1557,28,7,6,4,0.8399,1
ACC05178,287,63,2779.55,37,26,92523.28,58318.52,29,14,2,2,0.0056,4,0,2,0,0.0688,0
ACC05179,731,41,1830.79,25,16,41208.11,25171.97,17,8,2,1,0.0854,3,0,0,0,0.3065,0
ACC05180,200,100,13081.29,58,42,696215.51,503894.55,45,40,10,38,0.2238,23,11,3,1,0.7132,1
ACC05181,663,25,3115.72,10,15,26415.71,59854.9,10,3,3,1,0.0176,2,1,0,0,0.316,0
ACC05182,27,156,28417.59,83,73,2773558.15,2460017.17,78,73,9,59,0.5464,24,4,8,4,0.7679,1
ACC05183,409,40,2343.98,25,15,74185.49,31349.36,3,12,5,1,0.0337,2,1,1,1,0.2015,0
ACC05184,579,19,6380.88,9,10,58433.83,63655.79,9,10,1,2,0.1104,2,0,1,0,0.2718,0
ACC05185,1025,47,3501.63,27,20,108911.26,53459.13,6,13,1,2,0.1285,2,0,0,1,0.3289,0
ACC05186,54,332,16175.25,207,125,2871243.95,1948032.14,163,116,14,130,0.5693,26,6,10,4,0.5909,1
ACC05187,215,47,3068.82,22,25,84598.39,91557.21,10,11,0,2,0.0083,2,1,3,0,0.2571,0
ACC05188,1546,71,17375.48,37,34,585687.97,720135.22,20,23,2,1,0.0062,1,0,2,0,0.4704,0
ACC05189,611,42,2175.58,19,23,52868.28,50385.97,2,12,2,6,0.0072,3,0,1,3,0.0662,0
ACC05190,2933,16,3504.29,7,9,32741.03,31046.22,2,7,2,3,0.1009,1,0,2,1,0.1938,0
ACC05191,1341,29,4990.08,10,19,46237.51,85018.96,3,2,2,4,0.0214,0,1,0,0,0.0706,0
ACC05192,173,623,17811.18,386,237,6092243.46,5208828.35,331,221,9,243,0.3442,25,10,4,2,0.972,1
ACC05193,252,40,6870.04,22,18,143945.85,151980.66,6,7,2,3,0.0538,2,0,1,0,0.1817,0
ACC05194,586,44,361.72,21,23,7214.24,8649.71,8,8,1,1,0.0291,2,1,0,0,0.6836,0
ACC05195,84,218,19951.11,164,54,2926584.54,1268875.63,127,34,14,98,0.4561,16,5,8,4,0.748,1
ACC05196,761,30,2063.53,16,14,41980.54,36856.48,2,6,0,3,0.0425,0,0,0,1,0.165,0
ACC05197,594,28,1983.83,11,17,29027.39,24424.21,7,12,1,3,0.0759,1,1,0,0,0.1779,0
ACC05198,305,45,1471.95,18,27,32465.59,29506.81,10,8,0,1,0.0278,0,0,0,0,0.3679,0
ACC05199,828,84,2484.58,52,32,145403.75,94952.47,16,20,1,0,0.0175,1,0,3,2,0.1763,0
ACC05200,775,34,6154.82,21,13,145097.52,88969.74,13,2,2,2,0.0702,0,0,1,0,0.3486,0
ACC05201,1254,40,1659.36,16,24,21779.14,48887.21,4,8,3,1,0.097,0,0,6,1,0.1249,0
ACC05202,628,39,1185.24,17,22,25027.48,32914.0,7,10,3,5,0.0902,3,0,0,0,0.5845,0
ACC05203,384,36,1159.19,18,18,26153.18,27019.76,2,14,1,1,0.0239,1,1,3,0,0.4318,0
ACC05204,1650,47,6246.61,20,27,152468.36,128334.73,2,6,0,4,0.0151,1,1,0,0,0.0886,0
ACC05205,318,57,3567.11,28,29,105152.57,116088.4,5,14,3,1,0.1229,3,0,0,0,0.231,0
ACC05206,138,158,3901.72,88,70,406905.61,234065.76,88,64,17,52,0.3676,23,5,3,2,0.8602,1
ACC05207,1297,36,2526.01,23,13,65398.88,33541.71,2,5,3,4,0.0994,3,0,1,0,0.3301,0
ACC05208,257,191,22449.74,120,71,2296778.55,1372058.67,108,69,21,64,0.2111,25,1,4,2,0.9295,1
ACC05209,74,434,28685.31,290,144,9126958.9,4764168.25,257,131,14,177,0.4403,27,4,6,5,0.8456,1
ACC05210,742,150,16517.92,116,34,2122445.32,656428.77,81,34,16,66,0.3447,25,6,6,8,0.8507,1
ACC05211,2945,112,1678.61,43,69,64356.96,85300.71,21,41,1,3,0.009,0,2,2,0,0.5976,0
ACC05212,98,328,6757.22,258,70,1684151.1,571412.07,199,67,15,131,0.2172,31,6,7,3,0.8333,1
ACC05213,1071,20,1936.37,10,10,25395.08,20899.47,2,2,2,3,0.1828,1,0,3,0,0.5915,0
ACC05214,1006,86,1843.24,37,49,83521.67,113485.51,12,33,1,1,0.0503,1,0,0,0,0.3528,0
ACC05215,641,44,1991.1,22,22,40698.39,35071.83,6,10,4,1,0.0173,0,0,1,0,0.1446,0
ACC05216,1056,73,2861.61,28,45,75590.13,112095.21,14,31,0,0,0.1159,4,0,3,3,0.2141,0
ACC05217,622,27,2449.83,13,14,41551.37,25091.09,13,6,4,1,0.0126,0,1,0,0,0.4361,0
ACC05218,86,247,9453.22,130,117,1396543.66,1145211.43,95,112,11,100,0.2684,32,9,6,6,0.9208,1
ACC05219,523,28,3028.91,14,14,41330.9,40709.02,8,11,1,2,0.0536,0,1,1,3,0.3276,0
ACC05220,639,20,1400.02,12,8,22401.52,12139.77,3,8,2,2,0.1054,1,1,2,1,0.387,0
ACC05221,408,561,16607.08,287,274,5422858.48,5512128.53,233,234,15,219,0.3175,24,2,5,1,0.9311,1
ACC05222,167,150,9256.99,118,32,1203179.77,339228.75,118,32,11,50,0.2877,29,9,5,3,0.7069,1
ACC05223,954,65,644.38,27,38,22642.96,30709.18,13,17,1,0,0.0504,0,1,4,0,0.3126,0
ACC05224,644,51,2150.48,32,19,58859.32,35283.26,18,7,1,1,0.0682,1,2,2,0,0.2321,0
ACC05225,472,68,3288.22,29,39,73389.3,109270.67,10,18,5,2,0.1376,4,2,1,0,0.4714,0
ACC05226,834,89,3142.24,37,52,127919.08,121819.31,24,42,4,3,0.0252,1,0,1,0,0.1685,0
ACC05227,685,40,2613.73,18,22,45894.34,46481.01,5,10,0,3,0.0229,3,0,0,0,0.39,0
ACC05228,152,24,8340.09,11,13,93987.06,120675.86,11,7,2,6,0.0289,1,0,0,2,0.3269,0
ACC05229,816,86,6716.44,54,32,445695.95,253268.71,24,15,0,1,0.1428,0,1,1,1,0.5491,0
ACC05230,740,75,4343.76,27,48,104487.32,254423.09,10,28,2,0,0.0443,1,0,2,1,0.1102,0
ACC05231,1135,67,2964.69,35,32,109240.31,93474.54,7,17,1,1,0.0929,0,3,1,0,0.2506,0
ACC05232,1952,55,2347.1,29,26,59015.86,66267.78,16,8,1,2,0.0381,0,0,2,1,0.2986,0
ACC05233,63,169,21757.2,85,84,2159165.73,2084817.75,85,84,12,74,0.4326,17,6,6,1,0.9594,1
ACC05234,1001,189,6271.33,99,90,662856.04,588602.36,99,82,23,60,0.4203,17,6,5,5,0.8087,1
ACC05235,776,83,1226.12,51,32,63013.63,34015.01,16,21,4,4,0.0277,3,1,0,0,0.2641,0
ACC05236,1040,34,3744.52,12,22,59828.33,100464.1,7,14,1,3,0.0264,0,1,1,1,0.2686,0
ACC05237,653,50,2329.87,24,26,57829.84,45149.79,13,11,3,1,0.0329,0,0,1,1,0.4741,0
ACC05238,937,36,920.83,23,13,18475.09,10687.57,3,2,1,2,0.0853,0,0,1,0,0.1012,0
ACC05239,50,749,8994.4,458,291,3677843.62,2330202.13,394,252,13,295,0.2481,15,1,3,5,0.8302,1
ACC05240,1643,37,2089.3,17,20,28178.31,34618.92,13,13,4,1,0.0265,3,2,0,1,0.3564,0
ACC05241,133,344,13404.85,259,85,2963050.33,1206060.59,205,60,16,117,0.4653,29,4,2,1,0.7056,1
ACC05242,296,46,1456.86,20,26,34604.63,45697.51,2,15,3,4,0.066,1,0,3,2,0.3916,0
ACC05243,631,70,3130.99,33,37,81637.19,108837.02,9,13,4,1,0.047,1,0,1,2,0.0261,0
ACC05244,658,65,5871.43,39,26,275081.44,149519.57,13,7,2,3,0.0594,3,1,1,2,0.1973,0
ACC05245,3634,89,4201.15,49,40,196826.26,147494.39,21,17,3,0,0.0073,1,1,3,0,0.1304,0
ACC05246,727,55,2456.98,21,34,49202.14,96349.61,6,20,3,3,0.1054,1,1,0,1,0.2605,0
ACC05247,91,200,8079.91,141,59,1218577.12,547273.0,103,59,14,75,0.3553,20,7,4,6,0.9964,1
ACC05248,1597,155,1465.42,59,96,113951.8,164723.48,30,60,5,4,0.0864,3,1,0,0,0.1864,0
ACC05249,247,17,2558.44,9,8,21870.2,22001.2,9,6,4,4,0.0449,2,0,0,0,0.1966,0
ACC05250,728,21,1136.9,8,13,12164.85,17896.62,2,9,0,0,0.0295,2,0,3,0,0.3988,0
ACC05251,976,80,1580.26,42,38,60261.4,44097.31,21,28,2,1,0.0702,1,0,2,0,0.3323,0
ACC05252,315,34,3817.67,16,18,64858.95,73687.49,3,16,3,2,0.022,2,0,1,0,0.4381,0
ACC05253,386,57,2560.6,29,28,87818.4,83924.57,17,20,0,4,0.0548,2,0,1,1,0.3179,0
ACC05254,525,43,1807.1,25,18,59563.7,25524.7,15,7,4,0,0.0095,0,1,2,0,0.1722,0
ACC05255,97,538,10929.56,299,239,3311467.52,2578844.94,228,210,16,216,0.6327,26,5,3,5,0.8631,1
ACC05256,879,62,3150.04,24,38,83447.86,95781.41,5,14,0,2,0.0997,1,0,5,1,0.191,0
ACC05257,907,89,3304.6,57,32,252614.71,129179.02,21,13,2,0,0.0071,1,1,1,1,0.3213,0
ACC05258,129,162,16789.31,127,35,2237778.79,586112.43,90,35,11,66,0.3063,19,5,9,6,0.8693,1
ACC05259,503,54,3269.87,24,30,69862.07,90993.13,12,22,2,1,0.024,1,0,1,1,0.1357,0
ACC05260,821,11,2716.38,3,8,9951.08,17207.3,2,2,1,3,0.0805,0,0,1,2,0.5327,0
ACC05261,56,196,12183.83,104,92,1117011.61,1136237.4,92,85,11,61,0.6257,21,5,9,4,0.7859,1
ACC05262,322,71,1387.64,38,33,57649.47,44643.57,19,24,2,3,0.0104,2,1,2,1,0.2518,0
ACC05263,613,32,2389.94,18,14,40542.91,34307.0,13,3,5,2,0.0421,1,3,0,1,0.4211,0
ACC05264,66,196,5159.81,138,58,719542.54,281085.06,108,58,18,80,0.4192,25,7,6,8,0.884,1
ACC05265,1655,75,816.32,36,39,34772.1,28158.2,9,16,4,1,0.0649,0,1,2,0,0.324,0
ACC05266,386,62,4225.13,32,30,128175.87,106504.3,20,25,4,1,0.0443,1,1,1,1,0.3242,0
ACC05267,39,248,15185.87,175,73,2757467.3,1014080.15,155,59,17,90,0.2928,23,7,4,3,0.9686,1
ACC05268,431,56,865.91,34,22,34436.38,14005.3,14,14,0,1,0.0612,2,0,0,0,0.2128,0
ACC05269,130,214,26382.08,125,89,3809291.99,2601077.79,116,89,9,78,0.5912,20,5,1,6,0.7565,1
ACC05270,2039,40,1722.94,16,24,20848.83,36059.27,5,5,2,3,0.1035,2,1,0,1,0.2544,0
ACC05271,1273,111,1257.55,52,59,59124.65,95981.5,15,38,0,2,0.0381,2,0,4,3,0.3247,0
ACC05272,648,46,3003.69,24,22,79021.05,68306.73,16,7,1,1,0.0231,1,0,1,0,0.3413,0
ACC05273,737,46,3653.52,22,24,81959.23,100876.25,2,14,5,5,0.0704,2,2,0,0,0.4729,0
ACC05274,515,37,2707.71,20,17,64504.25,52375.0,2,7,7,1,0.0909,0,1,0,0,0.2476,0
ACC05275,608,23,5243.17,12,11,80544.91,73403.3,8,6,3,1,0.095,0,1,1,1,0.4587,0
ACC05276,840,97,2605.48,37,60,92362.04,143822.48,18,34,2,0,0.0203,1,1,0,1,0.3071,0
ACC05277,313,56,2143.7,29,27,76800.88,43732.47,12,3,0,4,0.0169,1,1,0,2,0.3068,0
ACC05278,2644,28,1418.71,15,13,17100.6,13455.89,9,9,1,2,0.0257,0,0,1,2,0.3755,0
ACC05279,948,38,1513.49,16,22,26781.01,33994.21,12,9,1,3,0.0557,0,0,0,0,0.1988,0
ACC05280,566,82,2129.13,34,48,84459.15,77376.38,13,25,2,1,0.0545,0,0,1,1,0.3626,0
ACC05281,584,83,4722.41,29,54,119737.49,281471.93,13,34,3,2,0.0435,1,2,3,0,0.551,0
ACC05282,1273,32,598.34,11,21,8673.62,14645.02,2,12,1,3,0.0021,1,1,1,0,0.2438,0
ACC05283,593,30,8333.17,14,16,118471.55,157694.15,4,6,0,3,0.021,1,0,3,0,0.1952,0
ACC05284,859,73,3683.18,29,44,119097.81,121353.64,17,24,1,1,0.0203,0,0,0,1,0.2565,0
ACC05285,575,26,1222.29,11,15,10675.04,22411.5,2,10,2,2,0.0334,1,0,1,0,0.3584,0
ACC05286,1246,27,3078.32,10,17,29638.75,43390.64,9,12,4,0,0.0979,1,0,3,0,0.163,0
ACC05287,3853,32,2711.13,16,16,52939.53,35101.21,14,5,2,1,0.0762,2,1,1,1,0.3292,0
ACC05288,73,590,9832.45,300,290,3036426.35,3087375.0,245,278,13,199,0.1619,29,3,2,11,0.8703,1
ACC05289,1474,46,1675.9,20,26,28957.07,39725.07,10,6,2,1,0.093,3,1,1,0,0.2452,0
ACC05290,884,55,3070.0,30,25,107953.93,67196.48,2,8,0,2,0.0314,1,2,1,1,0.2261,0
ACC05291,343,26,752.26,15,11,9430.52,6406.97,9,9,2,3,0.1027,1,1,1,2,0.1286,0
ACC05292,1129,32,4735.15,15,17,55708.08,65693.89,11,4,1,3,0.0271,0,0,3,0,0.2333,0
ACC05293,623,67,1799.01,42,25,57177.54,58278.13,22,13,1,1,0.0509,1,0,1,0,0.218,0
ACC05294,1055,23,4199.41,12,11,47649.42,58148.16,2,8,2,0,0.0102,2,0,0,2,0.3338,0
ACC05295,499,41,2690.08,24,17,51145.45,48293.22,13,7,3,3,0.0066,2,1,1,1,0.1471,0
ACC05296,183,180,13527.69,136,44,2077243.57,514343.6,136,41,17,51,0.4065,30,1,3,5,0.8639,1
ACC05297,365,51,6310.54,24,27,195961.11,199319.61,6,16,1,1,0.0397,0,0,2,1,0.2265,0
ACC05298,1005,63,1704.87,23,40,44040.59,80464.47,2,22,1,2,0.0241,1,2,2,1,0.3778,0
ACC05299,2214,39,1107.03,18,21,18965.35,19707.38,9,9,2,1,0.0182,2,0,2,0,0.364,0
ACC05300,3498,53,1369.57,23,30,26327.97,39012.54,8,23,1,5,0.061,1,0,1,0,0.3483,0
ACC05301,3222,54,1541.51,29,25,41558.48,49101.97,12,15,2,2,0.0375,1,0,1,1,0.3119,0
ACC05302,560,32,2526.92,17,15,47369.3,33105.13,10,8,3,3,0.0095,3,0,2,0,0.2802,0
ACC05303,1943,103,3421.97,46,57,161507.52,195065.92,24,47,3,3,0.084,0,0,2,2,0.0305,0
ACC05304,960,123,25931.2,98,25,2496030.34,736059.09,90,5,12,24,0.2477,22,7,5,8,0.7737,1
ACC05305,1955,27,1953.21,9,18,22858.48,29006.04,9,11,2,1,0.0913,2,1,4,1,0.1845,0
ACC05306,1553,20,3716.28,9,11,39834.86,52086.8,8,11,1,4,0.0263,1,0,1,1,0.3163,0
ACC05307,47,173,35012.29,111,62,4328404.41,2226222.58,111,45,9,52,0.3425,14,9,5,2,0.8368,1
ACC05308,360,22,860.36,12,10,13458.39,10903.54,2,2,1,3,0.0207,0,1,4,0,0.4532,0
ACC05309,928,80,1964.68,51,29,115698.43,54399.73,24,12,2,4,0.058,2,0,0,1,0.4302,0
ACC05310,43,439,8154.24,285,154,2055722.52,1554578.65,216,132,17,179,0.3896,23,5,5,5,0.8161,1
ACC05311,26,669,8741.9,510,159,4742690.77,1287444.33,404,145,16,250,0.1277,19,8,2,1,0.9595,1
ACC05312,612,16,8414.1,7,9,63348.02,55868.91,4,5,3,3,0.029,1,0,3,0,0.3109,0
ACC05313,1921,49,2591.35,22,27,51966.33,54211.8,10,19,2,0,0.021,3,1,0,0,0.3643,0
ACC05314,1038,109,1317.6,64,45,105542.03,53116.78,34,27,2,2,0.1313,1,1,1,1,0.2923,0
ACC05315,1742,45,2011.07,24,21,38633.71,53628.52,16,21,1,1,0.0268,0,0,1,0,0.2255,0
ACC05316,840,46,2528.37,20,26,57325.61,48583.86,12,13,2,4,0.0159,0,2,0,1,0.2581,0
ACC05317,133,492,16678.34,352,140,6533410.54,2398116.13,293,140,10,202,0.1205,25,3,6,4,0.8353,1
ACC05318,46,557,25677.77,381,176,10375196.3,4143603.42,357,134,16,221,0.1887,21,7,4,4,0.6727,1
ACC05319,3227,40,3732.62,25,15,90875.65,59520.8,5,3,3,1,0.1888,3,0,1,1,0.1379,0
ACC05320,1222,40,1071.75,17,23,15699.97,25780.4,7,14,1,1,0.0475,1,0,0,0,0.169,0
ACC05321,700,24,1261.18,13,11,12608.2,15220.96,12,3,0,3,0.0208,1,0,4,0,0.0897,0
ACC05322,676,34,6201.18,15,19,118406.67,100172.91,8,11,2,1,0.028,2,1,1,1,0.2846,0
ACC05323,1640,56,4648.72,30,26,187255.32,151347.67,2,8,6,5,0.0375,3,1,3,4,0.5808,0
ACC05324,634,31,1246.48,19,12,31851.31,12567.13,6,5,1,0,0.1273,4,0,0,1,0.0452,0
ACC05325,1521,24,2792.51,14,10,48249.94,36083.55,2,10,1,4,0.0145,0,1,0,0,0.2387,0
ACC05326,1202,24,3475.57,14,10,44296.64,24794.67,6,2,2,1,0.0611,0,0,1,1,0.1105,0
ACC05327,158,464,14645.93,367,97,5530530.44,1436087.6,318,96,9,181,0.282,27,3,3,7,0.9057,1
ACC05328,56,341,5574.04,237,104,1548060.92,547295.48,234,98,6,99,0.4823,29,5,6,4,0.7329,1
ACC05329,942,29,746.64,15,14,9116.01,12910.89,11,14,2,0,0.0208,1,0,1,1,0.2676,0
ACC05330,1679,51,3748.64,23,28,114387.28,91476.3,7,20,1,0,0.0322,1,1,1,2,0.2988,0
ACC05331,441,64,6832.1,33,31,272553.48,168215.73,9,15,2,2,0.035,1,1,2,0,0.2768,0
ACC05332,779,63,1677.87,28,35,50761.59,70482.32,13,22,1,4,0.049,3,0,1,1,0.1433,0
ACC05333,710,70,3242.82,31,39,104690.01,101928.54,13,18,6,0,0.0549,2,0,0,1,0.4053,0
ACC05334,224,68,3070.85,41,27,107028.17,89408.08,22,12,4,0,0.0048,0,0,2,1,0.2475,0
ACC05335,668,57,1281.98,23,34,34735.69,52798.88,6,17,1,2,0.0214,2,1,2,3,0.4406,0
ACC05336,209,229,8946.72,134,95,1248756.58,1001828.01,131,76,8,78,0.268,32,4,3,3,0.7743,1
ACC05337,123,473,19744.14,352,121,7243383.05,2554980.29,293,121,19,168,0.1642,27,1,6,1,0.9459,1
ACC05338,72,287,27332.73,177,110,4124060.67,2807211.42,167,87,18,126,0.2943,17,10,3,2,0.7432,1
ACC05339,794,30,1269.22,11,19,18812.21,20734.32,11,9,3,3,0.0151,1,0,2,1,0.3456,0
ACC05340,29,223,26329.06,147,76,3557715.43,1990475.48,121,51,10,85,0.3406,21,4,4,6,0.7488,1
ACC05341,494,55,8677.15,30,25,237926.59,254652.52,5,9,2,3,0.0199,1,1,1,2,0.2353,0
ACC05342,576,49,2091.71,28,21,77677.89,31280.83,13,2,5,2,0.0049,0,0,1,1,0.3677,0
ACC05343,231,293,16298.75,224,69,3390853.3,1173279.61,184,69,16,109,0.4365,32,3,3,7,0.7894,1
ACC05344,464,108,2861.61,70,38,175009.77,98150.11,35,19,1,0,0.0764,2,1,1,1,0.2031,0
ACC05345,876,38,5667.46,18,20,95756.53,99697.36,9,11,2,2,0.1207,1,2,3,3,0.0501,0
ACC05346,283,559,19393.51,384,175,9203873.69,2956838.17,336,170,10,210,0.4585,29,7,5,2,0.9445,1
ACC05347,21,222,11405.47,176,46,2003530.87,517287.19,126,46,14,80,0.3383,26,3,4,3,0.8961,1
ACC05348,180,209,22673.54,160,49,3373663.11,1234504.99,137,28,19,59,0.3547,31,6,8,1,0.8544,1
ACC05349,346,282,18765.86,158,124,3001527.5,2640529.23,117,124,13,96,0.2977,21,6,10,6,0.9723,1
ACC05350,578,57,3287.96,23,34,74635.49,112982.06,13,20,1,3,0.0627,1,0,3,0,0.2013,0
ACC05351,686,38,1989.77,23,15,40269.17,27683.47,4,2,1,1,0.0239,1,0,1,0,0.4294,0
ACC05352,389,115,3353.48,58,57,184048.58,161251.85,24,36,2,2,0.0925,0,2,0,0,0.0503,0
ACC05353,453,57,2085.25,33,24,54385.03,50390.48,9,17,0,2,0.027,0,0,2,0,0.4002,0
ACC05354,375,233,7487.02,175,58,1359577.18,439273.16,148,41,16,101,0.2561,24,8,8,4,0.8646,1
ACC05355,87,260,15950.16,146,114,2751776.79,1567725.11,117,109,17,109,0.2845,12,10,5,3,0.7856,1
ACC05356,467,39,1589.45,24,15,33806.14,17974.77,13,2,1,0,0.0907,1,0,1,0,0.33,0
ACC05357,328,83,7046.12,47,36,431922.46,199277.54,19,20,3,3,0.0379,1,0,1,0,0.1761,0
ACC05358,508,21,2013.69,10,11,23007.97,25455.93,4,2,1,0,0.0692,1,1,2,1,0.2952,0
ACC05359,1170,99,6543.74,51,48,259123.97,377098.9,23,32,1,1,0.0276,0,0,4,0,0.1313,0
ACC05360,40,268,21686.85,149,119,3041618.97,2544976.48,133,98,16,105,0.4237,28,9,4,5,0.9662,1
ACC05361,1658,41,3724.42,25,16,114783.64,43677.2,10,9,4,1,0.0417,1,0,1,0,0.114,0
ACC05362,721,52,990.31,27,25,28700.39,20272.4,10,10,6,4,0.0391,2,2,1,4,0.0925,0
ACC05363,500,91,5687.19,37,54,251571.31,319155.96,9,29,0,1,0.1032,1,0,2,0,0.1346,0
ACC05364,1856,23,3064.59,11,12,43822.72,31288.31,6,8,4,2,0.0415,1,0,1,1,0.1539,0
ACC05365,807,100,812.51,41,59,33305.91,43652.75,21,31,2,2,0.0288,2,0,1,0,0.3635,0
ACC05366,720,114,1329.79,51,63,53548.71,79094.41,26,38,3,4,0.067,1,0,3,0,0.409,0
ACC05367,239,169,6249.22,105,64,818938.01,387097.01,105,50,15,72,0.2993,31,5,4,2,0.9256,1
ACC05368,2010,56,5211.4,36,20,171682.91,96444.62,17,15,1,3,0.0334,4,0,4,1,0.3197,0
ACC05369,599,156,22881.92,120,36,2472787.81,813231.27,90,33,9,60,0.2519,33,5,6,7,0.7793,1
ACC05370,180,12,1212.56,4,8,6402.79,9082.62,2,2,4,3,0.0715,1,0,1,1,0.1095,0
ACC05371,562,144,3727.66,74,70,288796.51,209782.06,33,32,1,2,0.0808,1,2,1,1,0.2918,0
ACC05372,2086,14,3736.83,6,8,27437.42,34724.27,3,5,1,4,0.0796,2,1,1,0,0.0409,0
ACC05373,332,40,2379.16,16,24,36959.03,42867.42,3,14,4,0,0.1078,3,0,0,1,0.1871,0
ACC05374,732,35,3488.39,17,18,78795.46,71685.33,12,4,0,3,0.0274,1,0,4,3,0.2106,0
ACC05375,41,458,8775.22,319,139,3432034.72,1174113.08,260,123,13,171,0.1931,24,11,6,2,0.8871,1
ACC05376,885,67,3566.04,32,35,102684.56,123367.04,17,18,2,1,0.1104,4,1,0,0,0.3508,0
ACC05377,2527,30,8340.41,19,11,151661.48,118611.65,11,8,4,3,0.1128,1,2,2,0,0.4005,0
ACC05378,662,24,4480.99,9,15,38680.88,83101.55,2,2,5,1,0.0256,1,0,2,0,0.2565,0
ACC05379,756,43,4012.73,20,23,91562.35,70655.88,14,7,2,3,0.0266,3,0,2,3,0.0654,0
ACC05380,199,48,3401.03,24,24,74354.35,62330.45,13,9,1,2,0.0402,0,0,0,1,0.1163,0
ACC05381,4302,49,1707.18,18,31,38284.62,50799.79,2,26,4,1,0.0362,0,0,0,1,0.2102,0
ACC05382,41,206,14209.19,104,102,1289812.3,1271229.88,95,102,16,82,0.0796,20,5,3,4,0.7575,1
ACC05383,168,450,18360.87,335,115,6493988.51,2139598.26,272,94,18,164,0.2732,27,3,7,7,0.8338,1
ACC05384,159,153,52680.66,77,76,4896829.26,4871692.67,32,44,9,47,0.3219,25,10,8,5,0.991,1
ACC05385,65,415,13929.49,299,116,3988418.39,1716490.46,267,106,11,151,0.3637,27,5,3,9,0.9495,1
ACC05386,506,88,4078.98,49,39,173059.66,165335.43,22,25,3,3,0.0204,3,3,0,3,0.4044,0
ACC05387,553,99,5751.91,57,42,262698.94,277670.01,26,22,0,2,0.0589,1,3,1,2,0.3432,0
ACC05388,865,26,2992.58,12,14,29295.16,33860.97,2,14,3,1,0.119,0,0,0,3,0.2583,0
ACC05389,661,36,1281.28,19,17,31241.34,24257.36,8,11,4,3,0.0424,0,1,1,1,0.1421,0
ACC05390,117,282,12234.67,152,130,2236885.17,1859631.94,134,122,8,109,0.4285,31,4,6,6,0.6508,1
ACC05391,1686,92,2023.55,41,51,109790.97,114701.82,21,25,0,0,0.0735,2,0,2,1,0.1749,0
ACC05392,115,203,28343.79,132,71,4130277.7,2306527.7,124,57,16,87,0.3053,19,8,2,2,0.5134,1
ACC05393,48,417,13069.76,316,101,4699040.59,1162568.04,256,91,22,169,0.2643,24,8,5,2,0.9482,1
ACC05394,677,76,1998.74,46,30,90320.89,75269.48,13,19,1,1,0.0764,1,0,0,2,0.3921,0
ACC05395,1012,42,3032.43,21,21,51421.42,52677.1,8,16,5,1,0.159,1,0,3,1,0.2404,0
ACC05396,738,43,1886.86,18,25,36634.65,57150.8,2,12,3,2,0.0361,2,0,1,0,0.1675,0
ACC05397,104,87,7329.5,53,34,416296.67,235028.59,50,5,14,31,0.5038,18,4,6,6,0.8873,1
ACC05398,572,46,2809.87,28,18,76856.71,42509.19,4,9,1,2,0.1286,1,0,1,0,0.0826,0
ACC05399,882,20,4264.2,10,10,42736.22,38521.51,2,6,2,3,0.0175,2,0,1,0,0.6937,0
ACC05400,1046,22,4064.69,13,9,62341.78,28893.21,4,9,1,2,0.131,0,3,0,2,0.2747,0
ACC05401,1307,18,3445.11,11,7,45501.63,19810.61,3,2,1,2,0.0344,1,0,1,2,0.2432,0
ACC05402,369,47,993.21,22,25,29013.25,20148.24,3,15,1,4,0.0193,1,0,3,0,0.0424,0
ACC05403,708,97,3072.92,62,35,157756.91,133013.54,35,12,2,4,0.0098,1,0,2,3,0.2051,0
ACC05404,793,102,841.79,62,40,60388.46,34671.08,29,27,1,4,0.0687,1,0,2,2,0.1848,0
ACC05405,1164,10,1988.82,5,5,7610.88,7700.79,3,2,0,0,0.0165,0,0,0,0,0.4704,0
ACC05406,405,95,1355.05,41,54,72662.06,63598.55,18,38,4,2,0.0293,1,0,1,0,0.1713,0
ACC05407,1063,18,1614.08,10,8,18334.43,11930.07,2,2,2,2,0.0584,2,0,3,3,0.3125,0
ACC05408,3194,87,1118.01,51,36,54070.54,35288.12,14,20,0,2,0.026,1,0,2,1,0.4527,0
ACC05409,130,139,19918.26,80,59,1371784.87,1133941.18,70,57,12,52,0.134,30,5,2,4,0.7645,1
ACC05410,1644,29,910.38,17,12,12873.77,9163.55,7,6,0,0,0.0601,3,2,2,1,0.2945,0
ACC05411,1325,45,2421.34,16,29,31012.0,75186.03,10,16,1,2,0.1364,0,0,1,0,0.2735,0
ACC05412,1511,48,1748.03,19,29,42201.29,36476.02,7,7,0,4,0.0805,1,0,1,1,0.3068,0
ACC05413,46,166,18765.63,107,59,2506505.63,1023934.05,78,59,6,67,0.3424,26,2,7,6,0.9661,1
ACC05414,1235,50,1565.82,21,29,43098.87,42614.68,13,16,2,2,0.0289,1,0,1,1,0.1283,0
ACC05415,675,73,2151.03,33,40,82746.71,63182.26,5,14,0,1,0.0302,2,0,0,0,0.3938,0
ACC05416,466,57,1411.42,26,31,29570.58,55298.03,14,7,3,2,0.0927,1,0,2,2,0.2129,0
ACC05417,908,19,4970.14,11,8,53019.93,41532.18,6,8,1,2,0.0769,2,0,0,2,0.3436,0
ACC05418,1449,63,973.82,38,25,45455.48,25083.11,19,9,0,4,0.0297,0,0,0,0,0.3293,0
ACC05419,116,222,4881.32,111,111,460779.53,515077.52,103,103,9,82,0.2849,21,5,3,6,0.9914,1
ACC05420,707,38,2637.48,21,17,53159.71,47620.55,10,11,1,3,0.0684,3,1,2,1,0.2704,0
ACC05421,2666,19,2590.09,7,12,18693.96,31959.01,2,8,3,2,0.0645,1,0,1,1,0.0968,0
ACC05422,176,232,18757.28,124,108,2368805.62,2366703.45,79,94,8,89,0.6528,30,2,4,2,0.7341,1
ACC05423,687,47,3618.99,26,21,123706.78,65743.03,18,11,3,2,0.0411,4,0,3,1,0.195,0
ACC05424,1290,19,4214.37,8,11,42212.86,60111.42,2,2,2,4,0.1325,2,0,1,0,0.3583,0
ACC05425,698,23,1782.17,14,9,27104.53,20037.13,14,9,0,8,0.0389,1,0,0,1,0.4299,0
ACC05426,4586,23,2914.69,11,12,40737.23,40651.58,5,5,0,2,0.0094,2,1,4,1,0.2206,0
ACC05427,428,110,10006.46,73,37,644024.0,367392.16,65,28,12,34,0.2674,34,8,3,4,0.7724,1
ACC05428,58,165,16568.14,88,77,1510609.01,1249644.43,56,49,13,74,0.188,20,4,4,5,0.9436,1
ACC05429,2144,25,4642.51,10,15,48945.05,54081.07,2,2,2,2,0.0682,1,0,1,0,0.0923,0
ACC05430,4146,14,2407.97,5,9,15827.59,15431.5,2,7,4,2,0.0653,3,2,1,0,0.2563,0
ACC05431,505,21,6600.79,10,11,88400.68,87616.77,2,2,1,1,0.0409,0,0,0,0,0.2026,0
ACC05432,677,16,451.89,7,9,4229.39,3750.83,2,2,2,3,0.0322,2,0,1,1,0.244,0
ACC05433,1049,28,3651.51,13,15,61120.4,70140.06,13,3,1,1,0.0557,4,0,1,0,0.6019,0
ACC05434,95,227,5801.66,158,69,1039014.62,393262.86,121,68,10,82,0.582,17,9,6,3,0.8989,1
ACC05435,2137,67,817.54,34,33,21758.67,20496.4,18,26,3,5,0.1279,0,1,1,0,0.0815,0
ACC05436,1795,41,5627.71,24,17,126062.28,114499.42,5,17,4,2,0.0245,3,0,2,0,0.1481,0
ACC05437,1207,59,3505.47,31,28,123428.46,70511.14,16,23,0,1,0.0258,3,0,0,0,0.2587,0
ACC05438,2028,36,1392.78,13,23,15641.99,38809.84,3,13,0,0,0.0308,3,1,1,2,0.199,0
ACC05439,992,20,1924.96,8,12,14986.87,28388.7,2,2,0,3,0.0812,1,0,1,0,0.6197,0
ACC05440,542,38,9280.79,15,23,161538.44,223006.93,6,17,0,2,0.0648,3,0,0,0,0.1247,0
ACC05441,481,89,3332.77,32,57,113751.6,192648.19,14,35,2,1,0.0299,1,0,0,0,0.1117,0
ACC05442,132,223,31400.64,147,76,4456995.7,2362483.28,107,59,12,86,0.4966,19,3,4,7,0.7828,1
ACC05443,1012,52,3290.65,25,27,78805.77,99595.92,13,10,1,2,0.0263,0,0,1,0,0.222,0
ACC05444,883,56,1652.41,28,28,57316.4,44399.15,19,16,4,2,0.071,3,0,1,0,0.1516,0
ACC05445,164,155,11493.21,83,72,999218.11,748205.2,79,72,20,63,0.3411,21,4,3,4,0.9123,1
ACC05446,51,189,10877.9,134,55,1450299.33,651382.61,128,55,19,71,0.1965,28,8,5,3,0.9063,1
ACC05447,57,363,19214.05,218,145,4936478.18,3189469.44,194,113,17,147,0.321,22,8,6,4,0.9449,1
ACC05448,95,134,14383.37,71,63,908873.44,850085.36,66,41,17,66,0.2896,29,8,8,2,0.7816,1
ACC05449,475,134,3072.4,55,79,132677.25,261902.76,24,47,4,0,0.0549,1,0,3,0,0.3455,0
ACC05450,1927,124,2347.21,63,61,163406.6,133123.73,21,27,2,2,0.0821,0,0,2,0,0.455,0
ACC05451,596,28,6048.33,13,15,94831.72,91699.36,9,2,2,3,0.1355,2,0,1,0,0.2444,0
ACC05452,717,45,6414.83,19,26,101232.68,126327.14,14,15,1,3,0.0139,0,0,1,0,0.1896,0
ACC05453,1293,101,6819.17,59,42,333581.74,310832.63,27,21,1,1,0.055,2,0,1,0,0.3831,0
ACC05454,1214,34,5498.14,20,14,130556.19,78319.25,7,12,2,3,0.0308,3,0,1,2,0.3355,0
ACC05455,707,30,2311.9,10,20,24706.15,55702.9,8,14,2,1,0.0437,0,0,2,0,0.2808,0
ACC05456,645,207,3475.87,100,107,273314.83,387208.35,45,57,2,0,0.0208,2,4,0,0,0.1546,0
ACC05457,374,388,15975.17,274,114,4736593.18,1911429.45,237,80,13,155,0.2066,22,5,2,5,0.8416,1
ACC05458,790,71,3053.5,37,34,89922.83,122235.63,11,9,2,0,0.0857,2,0,1,0,0.5315,0
ACC05459,1089,68,3608.23,36,32,107009.36,82970.42,20,16,3,2,0.0194,3,0,2,1,0.462,0
ACC05460,460,63,818.63,35,28,32579.62,23611.62,15,10,3,1,0.0143,1,1,1,0,0.1571,0
ACC05461,324,88,1500.61,36,52,47560.63,55287.96,12,24,1,2,0.0157,2,0,1,0,0.1641,0
ACC05462,1451,44,2197.41,20,24,41069.47,37262.04,13,14,1,3,0.0202,0,0,2,1,0.3259,0
ACC05463,178,25,3804.13,9,16,33936.51,75940.7,2,16,2,1,0.0529,2,2,2,1,0.0763,0
ACC05464,539,69,851.36,32,37,29519.77,27075.84,12,17,2,1,0.0365,1,0,0,0,0.3754,0
ACC05465,2704,29,5424.07,18,11,99593.09,48788.12,8,9,1,3,0.0252,1,1,1,0,0.6307,0
ACC05466,1808,90,1793.99,40,50,77409.78,115726.01,25,23,3,0,0.0315,1,1,1,3,0.3179,0
ACC05467,858,54,2257.33,22,32,49043.37,65091.04,6,16,1,1,0.0255,0,0,2,1,0.3719,0
ACC05468,25,562,17997.57,345,217,7279701.0,3549427.7,318,206,11,215,0.2633,20,4,9,9,0.9507,1
ACC05469,1452,24,1879.56,14,10,35195.85,15041.18,5,10,4,3,0.1213,1,0,0,1,0.3943,0
ACC05470,405,11,1619.62,7,4,8506.6,4684.55,7,4,2,1,0.0742,0,0,0,1,0.1782,0
ACC05471,792,30,2547.91,17,13,52423.73,31670.75,12,10,4,3,0.0212,3,0,3,1,0.2272,0
ACC05472,880,30,1138.51,19,11,23641.64,15912.7,13,2,0,1,0.0258,2,0,2,0,0.3388,0
ACC05473,589,16,871.32,6,10,6261.89,8157.71,3,5,5,1,0.0405,2,1,1,0,0.0373,0
ACC05474,486,67,3344.99,32,35,142916.24,121540.73,7,17,1,3,0.0546,3,0,1,0,0.3367,0
ACC05475,130,147,22979.19,101,46,2806545.86,1058373.03,78,43,14,67,0.4037,35,8,3,5,0.8919,1
ACC05476,1146,60,13723.59,26,34,285087.97,467391.63,6,15,2,1,0.0089,1,0,1,0,0.1926,0
ACC05477,795,75,1117.97,34,41,40277.75,56382.79,17,25,3,5,0.1103,2,1,5,0,0.1208,0
ACC05478,97,463,8908.52,283,180,2590753.35,1958218.0,256,160,17,174,0.5083,34,6,3,3,0.8342,1
ACC05479,1264,33,4346.08,17,16,94478.76,52314.73,6,2,2,2,0.0407,1,0,3,1,0.1713,0
ACC05480,507,20,7049.9,10,10,69088.27,84658.16,2,8,1,2,0.0437,5,1,1,0,0.2697,0
ACC05481,773,43,2764.0,17,26,49717.81,84830.66,13,16,1,3,0.0799,2,0,3,1,0.2605,0
ACC05482,675,39,1164.64,21,18,21493.68,15559.92,21,13,2,2,0.0485,0,1,0,0,0.1793,0
ACC05483,742,63,6587.35,29,34,151259.14,210217.94,11,15,0,2,0.1152,1,1,1,0,0.2448,0
ACC05484,1023,107,4504.71,63,44,322962.7,180380.57,36,13,2,2,0.0125,1,1,2,0,0.0227,0
ACC05485,819,33,1695.92,12,21,16573.95,44827.18,3,14,0,3,0.0112,1,0,0,0,0.1041,0
ACC05486,1892,79,5198.54,31,48,173638.42,266011.45,6,30,0,0,0.0636,3,0,1,0,0.2013,0
ACC05487,206,340,5840.74,263,77,1841403.48,492418.1,186,73,14,108,0.3869,23,6,5,4,0.7573,1
ACC05488,335,47,744.31,17,30,13212.35,19802.52,3,16,2,1,0.0246,0,0,4,0,0.2019,0
ACC05489,667,36,1873.06,15,21,22007.7,36122.77,10,9,0,2,0.0031,1,1,1,0,0.1802,0
ACC05490,37,167,19907.2,120,47,2937707.17,1138627.34,80,35,15,60,0.3467,26,4,10,3,0.9013,1
ACC05491,1153,29,2959.37,14,15,34772.55,32032.58,7,3,1,2,0.0532,2,1,1,0,0.1231,0
ACC05492,1432,31,1354.49,18,13,24684.76,19416.75,7,9,1,1,0.029,2,1,2,0,0.1165,0
ACC05493,2723,51,1898.33,22,29,42563.45,54511.14,7,20,2,2,0.0075,1,1,0,0,0.1321,0
ACC05494,355,154,908.33,89,65,70528.16,51273.99,35,32,1,4,0.1089,3,0,1,0,0.0511,0
ACC05495,753,92,829.39,54,38,40009.02,29806.98,18,23,0,1,0.079,2,0,0,2,0.3246,0
ACC05496,4026,42,1292.33,21,21,20523.1,29020.43,12,14,0,2,0.0738,1,0,1,2,0.2346,0
ACC05497,288,38,4509.94,19,19,80589.14,75417.26,12,2,2,3,0.0372,0,1,1,0,0.25,0
ACC05498,267,16,3047.29,6,10,17278.4,24608.88,2,8,2,3,0.0269,0,0,0,2,0.481,0
ACC05499,1544,43,5232.62,25,18,135578.6,98691.78,14,9,2,3,0.0066,2,1,0,0,0.1952,0
ACC05500,1207,23,1157.26,9,14,10394.48,20082.57,5,7,1,1,0.0271,0,2,0,0,0.4041,0
ACC05501,831,25,2989.72,12,13,43972.2,31568.65,3,2,1,3,0.0299,2,1,2,0,0.3117,0
ACC05502,1317,108,5742.38,62,46,297837.36,277704.09,33,21,1,1,0.049,0,0,2,0,0.0738,0
ACC05503,1037,44,2749.84,18,26,49791.63,77333.12,8,13,3,3,0.0473,1,0,1,1,0.1971,0
ACC05504,4824,32,2074.43,11,21,23346.82,47494.24,7,20,1,2,0.0429,4,0,1,0,0.2214,0
ACC05505,1326,97,3423.42,50,47,222962.97,140372.8,22,21,2,0,0.0212,2,0,2,0,0.1713,0
ACC05506,807,12,698.95,7,5,4549.62,4177.84,2,2,2,5,0.0132,0,1,1,0,0.1404,0
ACC05507,34,409,48728.31,229,180,10954752.57,8495391.06,190,142,19,141,0.3084,21,3,8,1,0.962,1
ACC05508,159,298,9839.35,207,91,2237557.35,939621.26,179,75,10,135,0.4681,19,8,3,2,0.637,1
ACC05509,471,26,1711.34,9,17,19476.4,28148.59,9,9,1,1,0.058,0,0,1,1,0.2438,0
ACC05510,825,86,745.79,46,40,35680.77,37993.57,24,27,1,1,0.0525,0,0,0,1,0.1263,0
ACC05511,101,184,17902.02,136,48,2203629.8,739289.79,96,39,12,68,0.362,26,3,6,5,0.6923,1
ACC05512,1468,41,1898.51,20,21,29819.23,41467.2,10,10,2,4,0.0667,0,0,2,0,0.4768,0
ACC05513,835,1056,9788.54,749,307,8871914.37,3662252.46,657,278,8,405,0.6057,19,3,1,5,0.9203,1
ACC05514,418,201,29700.5,145,56,3730161.11,1817778.12,121,40,16,69,0.3735,29,3,3,2,0.8838,1
ACC05515,2366,47,1683.02,29,18,36756.64,32804.55,9,7,2,2,0.1078,1,0,0,3,0.4143,0
ACC05516,997,99,2547.72,36,63,108203.79,155182.29,9,29,1,1,0.0248,1,0,0,0,0.2629,0
ACC05517,256,210,12419.51,159,51,2062444.86,678572.94,154,51,20,72,0.3081,21,5,11,5,0.9186,1
ACC05518,288,10,1511.41,4,6,5107.64,11101.85,2,6,3,1,0.0322,7,0,2,0,0.1627,0
ACC05519,422,49,3894.02,22,27,70552.88,85876.56,11,13,1,2,0.0745,4,0,2,0,0.231,0
ACC05520,422,537,9131.4,347,190,3038816.86,1560150.61,283,178,10,181,0.3331,27,2,3,4,0.8679,1
ACC05521,45,464,7123.04,236,228,2085190.06,1874536.21,194,193,5,165,0.2067,23,5,4,4,0.9385,1
ACC05522,297,31,4465.99,18,13,67345.01,66826.29,3,9,3,2,0.0679,1,0,1,0,0.3463,0
ACC05523,1146,232,3293.67,141,91,365659.65,288003.47,57,50,5,2,0.009,0,0,2,0,0.4617,0
ACC05524,3707,72,2106.63,25,47,57446.02,125952.45,9,24,0,2,0.0447,1,1,2,0,0.0661,0
ACC05525,199,540,39438.81,368,172,14826319.33,7404391.74,307,159,16,189,0.304,24,3,3,3,0.7643,1
ACC05526,1157,55,3211.43,30,25,104388.09,71421.61,8,12,3,1,0.0801,0,2,0,0,0.1163,0
ACC05527,1168,27,2515.83,13,14,31240.46,35134.15,5,14,3,3,0.0549,1,0,4,0,0.1954,0
ACC05528,41,213,19049.32,165,48,2975468.06,966706.11,145,37,16,79,0.2242,29,1,1,3,0.9387,1
ACC05529,50,575,32114.19,355,220,11076771.45,7963530.08,309,207,17,215,0.3139,22,6,3,3,0.7904,1
ACC05530,1172,123,2254.81,69,54,195291.2,103583.15,28,39,1,1,0.0459,3,1,1,0,0.2945,0
ACC05531,1447,34,1192.19,14,20,15166.66,23985.05,11,11,0,4,0.0504,1,1,5,0,0.414,0
ACC05532,1490,12,2122.87,5,7,13843.56,14030.9,4,2,2,1,0.0744,1,0,1,1,0.2454,0
ACC05533,1048,24,843.68,8,16,6391.89,15003.24,8,14,4,4,0.0654,0,0,1,1,0.2003,0
ACC05534,185,116,36001.25,58,58,2041566.81,2470394.5,44,51,11,49,0.3397,32,10,6,2,0.8341,1
ACC05535,624,37,1325.65,13,24,18771.19,38601.35,2,10,3,1,0.0106,1,0,2,0,0.1233,0
ACC05536,427,76,2117.34,30,46,66730.53,81339.31,10,23,3,0,0.0483,2,1,1,0,0.2714,0
ACC05537,2791,25,5925.84,13,12,95537.1,78809.26,5,10,2,1,0.0589,2,0,0,3,0.501,0
ACC05538,363,335,12633.92,178,157,2055988.78,2049693.44,178,150,14,128,0.5862,23,7,7,6,0.9448,1
ACC05539,1933,32,5215.45,20,12,80569.76,72446.39,18,8,4,1,0.0657,0,0,0,0,0.2589,0
ACC05540,104,267,14702.51,187,80,3144554.83,1240926.51,141,74,15,112,0.4153,37,7,5,4,0.5057,1
ACC05541,175,184,8601.92,144,40,1165613.69,346457.27,105,27,15,60,0.2388,29,6,3,8,0.8884,1
ACC05542,673,263,2576.87,162,101,353553.23,267964.62,71,58,2,0,0.05,1,0,3,1,0.21,0
ACC05543,1971,100,3253.88,48,52,148204.89,203458.46,20,27,2,2,0.1012,2,0,3,0,0.2656,0
ACC05544,1388,30,2049.29,11,19,24595.32,41870.45,3,6,2,1,0.0762,0,0,0,1,0.1433,0
ACC05545,168,16,2158.85,10,6,26021.11,15865.64,10,2,1,3,0.0406,0,0,1,1,0.1149,0
ACC05546,421,58,6238.01,37,21,197028.74,142377.05,8,20,0,1,0.1415,1,1,2,0,0.3748,0
ACC05547,4777,29,1331.68,10,19,13660.34,18992.85,7,10,0,2,0.0328,1,0,1,3,0.4066,0
ACC05548,35,201,10942.57,160,41,2027848.68,445316.92,160,41,16,85,0.2546,32,10,2,3,0.909,1
ACC05549,688,45,1763.82,23,22,53172.11,46666.15,11,3,3,1,0.0231,1,0,1,0,0.2355,0
ACC05550,143,407,28217.98,228,179,7724204.79,4647102.43,212,160,14,163,0.5123,28,6,7,7,0.6538,1
ACC05551,60,1062,9134.63,839,223,7656290.01,1771492.74,718,201,13,377,0.0872,19,3,3,4,0.7982,1
ACC05552,757,46,1842.3,16,30,25545.02,47446.49,10,10,1,1,0.0566,0,0,3,0,0.261,0
ACC05553,100,250,8373.82,158,92,1632283.92,690682.31,139,92,10,102,0.4869,23,4,4,4,0.9031,1
ACC05554,52,527,24878.23,375,152,10483545.4,3803882.95,305,136,19,181,0.3466,20,9,4,7,0.9182,1
ACC05555,114,350,14632.19,228,122,3870489.48,1662507.32,213,93,13,116,0.2198,37,9,3,3,0.836,1
ACC05556,298,31,5720.13,11,20,53335.37,102494.75,8,7,1,2,0.1337,2,2,1,1,0.323,0
ACC05557,2341,73,1541.76,36,37,51181.1,47888.56,17,16,2,0,0.133,2,0,1,2,0.2053,0
ACC05558,808,39,6579.82,23,16,200364.19,74227.22,10,7,5,1,0.0723,1,0,0,0,0.0552,0
ACC05559,1399,46,678.53,25,21,17511.37,10043.27,13,10,0,3,0.048,5,0,1,0,0.1442,0
ACC05560,1535,36,4529.16,12,24,47153.97,83486.5,4,5,3,3,0.096,1,2,0,0,0.1595,0
ACC05561,5000,12,10657.12,4,8,50242.13,63916.19,4,8,0,0,0.0327,2,0,1,1,0.27,0
ACC05562,982,60,2889.98,26,34,95688.09,91304.44,18,19,0,3,0.0567,0,1,1,0,0.16,0
ACC05563,79,295,18338.03,208,87,4675195.07,1851332.76,196,86,20,116,0.1325,31,3,5,1,0.976,1
ACC05564,92,179,13960.98,142,37,1907806.97,498417.39,111,37,11,65,0.4566,22,6,3,9,0.8321,1
ACC05565,248,219,11495.93,122,97,1315339.58,1118631.37,117,86,13,76,0.2653,20,6,3,3,0.9692,1
ACC05566,2633,93,6632.44,43,50,328352.52,263036.66,21,22,2,4,0.0047,0,1,6,0,0.2847,0
ACC05567,969,33,3227.57,16,17,65468.24,65394.04,9,10,4,3,0.0992,2,0,2,1,0.2055,0
ACC05568,1455,58,1836.16,36,22,86859.26,47804.46,19,12,2,1,0.0809,3,2,2,0,0.4032,0
ACC05569,3211,45,782.89,29,16,29395.21,14010.07,16,12,4,2,0.0462,2,1,1,0,0.2815,0
ACC05570,97,126,7091.3,92,34,667263.39,270389.61,55,32,12,48,0.4641,20,8,1,6,0.8672,1
ACC05571,466,14,1560.45,8,6,15106.41,8794.6,7,2,3,3,0.1969,1,0,0,0,0.2369,0
ACC05572,1579,36,4061.36,15,21,73814.27,69659.87,7,15,2,0,0.0155,1,0,0,0,0.3667,0
ACC05573,402,29,2753.37,11,18,23195.3,35806.55,9,11,4,3,0.09,1,2,3,1,0.1799,0
ACC05574,912,86,7814.3,40,46,369218.62,456384.53,18,9,2,1,0.0686,4,0,0,0,0.2057,0
ACC05575,178,252,7337.88,201,51,1495505.19,431458.62,177,42,11,101,0.3333,26,9,3,2,0.9225,1
ACC05576,102,231,24919.79,136,95,2941085.14,2695851.37,136,95,14,83,0.2324,25,3,7,4,0.8735,1
ACC05577,3155,26,2500.07,9,17,26161.17,30959.17,6,5,0,4,0.038,3,1,1,2,0.267,0
ACC05578,78,154,7687.02,77,77,729321.3,688868.41,62,75,13,51,0.2163,22,4,3,1,0.869,1
ACC05579,162,198,33192.37,129,69,4345795.34,2120499.78,110,43,12,80,0.29,35,7,7,3,0.9318,1
ACC05580,942,26,3142.87,15,11,40221.28,26698.3,12,3,2,1,0.0448,2,1,2,1,0.2048,0
ACC05581,117,118,8116.47,60,58,490215.81,501459.44,60,41,17,35,0.1912,34,8,7,6,0.9115,1
ACC05582,188,268,17997.3,163,105,3342436.21,2089958.03,124,105,15,111,0.5649,21,9,5,2,0.7547,1
ACC05583,883,112,3936.01,45,67,156432.29,212009.38,13,36,4,4,0.008,1,0,0,1,0.2939,0
ACC05584,598,61,2988.02,31,30,114507.13,73068.43,24,20,2,1,0.0752,0,0,1,0,0.3541,0
ACC05585,494,55,2892.93,24,31,80320.78,110938.46,11,26,1,3,0.0714,1,0,0,0,0.1082,0
ACC05586,737,15,1016.13,7,8,6055.1,8698.71,5,8,3,3,0.0687,1,0,3,0,0.3943,0
ACC05587,1118,45,1245.78,24,21,27779.75,19525.11,12,10,0,2,0.0373,0,0,1,1,0.1965,0
ACC05588,711,623,8996.51,389,234,3800900.36,2278812.48,328,189,9,221,0.4034,23,11,4,4,0.8815,1
ACC05589,697,34,2112.79,16,18,39354.97,26849.76,15,17,1,0,0.0279,2,0,0,0,0.1255,0
ACC05590,653,21,4245.17,9,12,49816.85,51108.27,7,7,4,4,0.0256,1,0,2,1,0.2694,0
ACC05591,686,26,3572.74,14,12,53083.77,43067.95,2,3,4,3,0.041,2,0,2,1,0.443,0
ACC05592,706,85,2975.13,46,39,156125.72,114062.79,21,20,2,1,0.054,2,1,3,2,0.252,0
ACC05593,156,58,4369.17,26,32,125507.74,120702.56,6,22,3,1,0.0201,0,1,1,1,0.3089,0
ACC05594,1386,107,2111.79,54,53,90356.46,111870.49,28,20,0,1,0.0506,2,0,3,0,0.2158,0
ACC05595,536,9,1325.91,4,5,5832.79,5051.68,2,2,2,0,0.2137,1,1,2,0,0.3935,0
ACC05596,634,53,8742.23,20,33,171234.67,240787.27,7,18,4,0,0.1412,2,1,0,0,0.4966,0
ACC05597,1653,40,1203.0,21,19,34017.8,19127.47,18,11,5,3,0.034,0,2,3,0,0.3781,0
ACC05598,56,235,13321.44,129,106,1497446.0,1321476.32,129,105,10,78,0.5202,21,8,2,7,0.9055,1
ACC05599,318,31,1242.9,15,16,24005.09,15078.55,2,16,0,1,0.0455,1,0,1,1,0.3662,0
ACC05600,738,22,1857.46,12,10,29026.14,17816.29,8,7,3,5,0.056,2,1,2,0,0.3433,0
ACC05601,1143,19,1593.31,8,11,14244.86,13144.78,8,2,0,1,0.026,2,0,0,1,0.2079,0
ACC05602,1029,49,1756.2,28,21,63654.35,27896.92,19,8,2,1,0.0657,0,0,1,0,0.3753,0
ACC05603,552,29,1545.99,18,11,33955.22,15075.2,11,5,2,3,0.0467,1,0,0,0,0.2922,0
ACC05604,691,71,2733.88,35,36,123022.51,73633.7,16,21,2,2,0.07,0,0,1,0,0.222,0
ACC05605,536,71,1252.28,25,46,32010.4,41343.8,9,30,1,2,0.0133,3,0,1,1,0.4861,0
ACC05606,521,17,1193.91,8,9,9283.57,13248.52,2,2,3,1,0.0185,1,0,2,1,0.1258,0
ACC05607,600,49,5130.5,31,18,129505.83,109138.25,16,2,1,3,0.0602,1,0,1,1,0.0604,0
ACC05608,152,290,8715.19,148,142,1316826.47,1442743.04,126,122,9,105,0.3049,27,5,2,4,0.7975,1
ACC05609,312,65,2683.28,26,39,62501.66,83856.9,11,27,3,2,0.0135,2,0,2,0,0.4899,0
ACC05610,1073,42,2288.81,16,26,34764.91,57267.35,6,20,2,1,0.0218,3,0,1,0,0.6224,0
ACC05611,201,209,34137.13,159,50,6380394.86,1827763.65,125,49,13,82,0.7972,27,3,5,1,0.8783,1
ACC05612,49,139,36508.21,76,63,3440863.44,2364532.76,76,63,16,57,0.3859,29,7,2,2,0.7677,1
ACC05613,283,377,18384.69,244,133,4278445.54,2189836.61,209,125,11,155,0.2318,24,4,8,2,0.9478,1
ACC05614,203,245,18094.67,141,104,2991080.51,1755392.6,134,74,24,93,0.3284,25,4,7,4,0.9252,1
ACC05615,272,483,42558.31,265,218,13706683.38,8573011.81,204,211,17,185,0.4089,16,3,5,5,0.8115,1
ACC05616,737,16,2538.27,5,11,11374.11,22051.85,3,2,1,2,0.078,0,0,2,1,0.1572,0
ACC05617,1123,15,1237.69,5,10,4829.75,12758.56,5,3,1,0,0.1003,1,2,3,2,0.4027,0
ACC05618,2245,37,1595.63,17,20,21235.25,27016.51,10,19,0,1,0.0392,2,2,2,2,0.2457,0
ACC05619,206,290,16025.36,196,94,3317000.84,1522581.78,158,82,12,110,0.4132,27,9,3,2,0.9301,1
ACC05620,892,28,1578.23,14,14,27341.78,24446.09,11,8,1,0,0.1056,0,1,0,2,0.3249,0
ACC05621,207,538,16231.89,414,124,6020543.18,2137102.63,367,101,16,217,0.159,32,9,4,5,0.7626,1
ACC05622,133,237,16629.0,186,51,2991563.3,837945.11,133,41,13,98,0.7113,23,7,4,9,0.6808,1
ACC05623,1418,84,3750.01,51,33,233837.87,103320.09,16,20,1,1,0.0103,1,0,1,1,0.3465,0
ACC05624,883,64,4549.91,34,30,125322.22,175067.12,14,12,0,1,0.0151,1,0,0,0,0.3317,0
ACC05625,1137,37,7887.24,16,21,166681.94,209526.26,11,16,1,2,0.0335,1,0,2,1,0.2989,0
ACC05626,1729,88,2353.28,48,40,85915.64,71601.71,17,16,0,1,0.0352,0,0,3,2,0.2203,0
ACC05627,2339,24,4491.01,12,12,54064.22,55559.28,4,8,0,3,0.0236,5,0,1,0,0.2938,0
ACC05628,1689,38,4623.75,15,23,80301.64,80412.79,5,6,3,1,0.0546,1,0,1,1,0.3643,0
ACC05629,95,93,7884.92,55,38,376420.67,288157.67,43,38,21,32,0.412,14,6,5,5,0.8429,1
ACC05630,187,106,10102.02,80,26,793020.97,297842.14,48,10,17,34,0.4289,32,5,4,6,0.9436,1
ACC05631,332,54,1464.1,23,31,39431.92,53779.08,2,13,3,2,0.0253,1,0,1,3,0.25,0
ACC05632,355,66,2628.43,23,43,76956.08,142688.13,11,16,2,4,0.0027,1,1,0,0,0.4046,0
ACC05633,165,242,42234.22,177,65,6551680.97,2910507.34,147,54,18,92,0.3896,23,6,4,4,0.9686,1
ACC05634,303,50,2663.11,26,24,90975.46,77273.22,14,14,3,1,0.0046,1,0,1,1,0.2099,0
ACC05635,561,17,1034.96,7,10,7599.16,11084.65,2,2,2,1,0.0672,1,1,0,1,0.373,0
ACC05636,729,37,1471.01,16,21,21798.3,24397.84,7,20,2,4,0.0422,1,0,0,0,0.2021,0
ACC05637,523,51,3605.38,21,30,91982.53,114940.58,6,19,0,1,0.1033,2,2,2,3,0.3062,0
ACC05638,269,45,4292.5,20,25,67190.27,96407.27,6,10,3,2,0.1797,1,0,0,0,0.1528,0
ACC05639,149,178,12166.83,100,78,1505645.59,1023477.36,62,66,14,63,0.2987,19,7,8,5,0.5967,1
ACC05640,707,239,1028.06,150,89,124652.93,79796.32,65,39,3,0,0.0792,2,0,1,0,0.6158,0
ACC05641,1721,57,4456.35,36,21,198546.26,89230.59,11,14,1,1,0.0231,1,2,1,0,0.2192,0
ACC05642,86,110,9136.73,68,42,700994.86,417543.93,57,30,15,31,0.4661,29,7,5,5,0.9744,1
ACC05643,247,382,8003.13,208,174,1992257.51,1541657.17,175,130,25,139,0.2032,21,5,6,6,0.9285,1
ACC05644,653,21,3728.2,11,10,45253.19,38981.55,2,5,1,3,0.1132,4,1,2,0,0.2027,0
ACC05645,884,29,2926.9,15,14,40543.49,37281.5,8,14,1,2,0.0459,4,0,1,0,0.1555,0
ACC05646,1989,55,2414.37,31,24,91401.66,72459.15,23,7,1,0,0.0175,2,0,1,2,0.2578,0
ACC05647,284,73,4718.5,38,35,156310.4,158154.87,11,14,2,3,0.0608,1,0,0,1,0.5067,0
ACC05648,955,44,6751.63,17,27,136290.43,198111.7,8,11,1,1,0.0016,2,0,0,0,0.4829,0
ACC05649,310,247,17852.19,163,84,3424533.85,1612012.15,110,67,14,87,0.4064,16,7,5,5,0.9351,1
ACC05650,3150,16,4624.78,8,8,37350.06,43032.12,8,8,3,7,0.0735,2,0,0,2,0.6802,0
ACC05651,166,424,21329.87,214,210,4142389.93,5047786.88,181,172,15,157,0.2043,23,4,2,4,0.7736,1
ACC05652,179,111,14803.06,67,44,1150305.65,635154.99,67,18,12,50,0.4153,24,6,6,6,0.8585,1
ACC05653,133,318,25697.03,243,75,7377793.43,2171420.61,198,64,12,128,0.5438,31,7,6,4,0.8261,1
ACC05654,2890,109,5725.86,43,66,240466.79,405051.97,13,34,5,4,0.0614,2,0,0,0,0.2325,0
ACC05655,2019,25,1867.63,12,13,24967.26,29166.48,6,12,1,4,0.0319,3,0,0,1,0.227,0
ACC05656,1234,32,2397.37,17,15,47976.43,37709.49,12,8,0,2,0.0768,0,0,2,1,0.2801,0
ACC05657,1733,96,4337.75,49,47,216733.59,230639.49,23,32,1,5,0.0413,1,0,3,2,0.2065,0
ACC05658,1639,55,1154.13,33,22,44426.53,32899.11,17,10,1,0,0.038,1,0,1,1,0.1971,0
ACC05659,1561,28,1661.55,14,14,26581.52,19068.2,2,6,2,0,0.02,3,0,2,1,0.1958,0
ACC05660,1171,65,4167.93,36,29,193267.0,112994.34,12,15,0,1,0.0303,5,2,0,1,0.0401,0
ACC05661,790,29,2820.63,11,18,32901.8,49515.94,2,2,3,2,0.0865,1,1,2,1,0.636,0
ACC05662,1525,30,3109.61,17,13,45900.26,51627.38,4,7,1,4,0.0865,2,0,2,2,0.1356,0
ACC05663,47,314,15619.68,181,133,2760597.9,1873669.14,160,133,19,118,0.232,27,7,7,4,0.9807,1
ACC05664,777,51,1735.58,28,23,62628.53,41530.29,10,17,4,0,0.0269,3,0,1,0,0.2542,0
ACC05665,1077,37,2648.19,23,14,76161.85,38563.45,23,6,0,5,0.1027,2,0,0,1,0.2675,0
ACC05666,2530,104,6649.1,55,49,285431.54,229092.16,32,25,4,1,0.083,2,1,0,1,0.1446,0
ACC05667,528,25,5243.08,12,13,71769.44,77613.33,6,2,2,1,0.0165,1,1,0,0,0.0525,0
ACC05668,713,55,3102.47,22,33,57105.59,106953.91,10,19,4,4,0.0812,1,0,0,2,0.3167,0
ACC05669,933,84,1971.62,31,53,51406.69,124927.34,18,29,1,4,0.035,6,0,3,0,0.245,0
ACC05670,162,405,9174.16,258,147,2845111.29,1370657.05,256,140,11,154,0.298,24,9,3,5,0.9491,1
ACC05671,683,52,2025.72,27,25,66629.63,59203.51,8,7,4,0,0.0229,2,0,2,0,0.2949,0
ACC05672,141,235,15004.95,122,113,1821269.79,1805617.61,104,113,15,80,0.3765,24,9,5,5,0.7662,1
ACC05673,255,154,3421.62,113,41,377199.33,138602.59,65,41,5,53,0.5206,18,7,2,5,0.8447,1
ACC05674,717,32,2705.97,12,20,32450.16,39563.17,6,20,1,2,0.0378,1,0,1,1,0.121,0
ACC05675,652,37,925.33,21,16,23156.39,18416.53,10,7,4,1,0.0897,2,0,0,0,0.3745,0
ACC05676,912,67,1369.84,27,40,32100.48,47992.61,13,12,3,2,0.024,1,0,0,0,0.2694,0
ACC05677,396,33,961.61,11,22,10862.3,26851.32,11,18,2,1,0.078,1,0,2,0,0.3661,0
ACC05678,803,61,3530.54,28,33,127334.85,134513.14,10,22,1,3,0.0688,0,0,0,0,0.1775,0
ACC05679,846,164,1463.29,105,59,120522.91,104316.76,52,31,1,4,0.055,0,1,0,1,0.213,0
ACC05680,2721,41,3103.85,22,19,62588.43,48797.2,9,13,2,2,0.029,1,1,3,0,0.1654,0
ACC05681,996,32,1813.82,16,16,34673.33,37612.08,6,9,1,0,0.0055,3,0,2,0,0.2674,0
ACC05682,71,390,17230.46,202,188,3814339.28,2926980.66,174,176,10,149,0.2798,19,8,5,6,0.8806,1
ACC05683,146,268,10311.5,153,115,1913748.42,1281432.93,153,89,13,87,0.3114,17,4,5,7,0.8522,1
ACC05684,400,453,4554.45,329,124,1612907.26,542250.62,264,124,12,172,0.225,18,6,7,6,0.8093,1
ACC05685,585,52,6443.66,31,21,152708.83,115400.11,7,21,1,2,0.2028,2,2,1,0,0.293,0
ACC05686,233,51,750.29,29,22,22072.51,13031.83,4,9,1,2,0.0117,3,1,0,1,0.2873,0
ACC05687,879,39,2688.42,14,25,30030.87,74061.7,13,19,2,2,0.1251,0,2,0,1,0.2701,0
ACC05688,4134,38,2284.42,13,25,31406.08,63389.07,5,10,3,2,0.1079,1,1,0,0,0.2446,0
ACC05689,1617,64,5592.97,34,30,144522.82,212769.29,9,15,4,5,0.0845,3,0,1,0,0.1377,0
ACC05690,20,168,19940.97,86,82,1693988.74,1717804.37,47,71,18,63,0.4984,26,4,7,1,0.8314,1
ACC05691,1046,78,2584.79,50,28,110363.69,69373.7,24,18,4,6,0.0155,1,0,0,0,0.3903,0
ACC05692,1333,41,1127.13,24,17,28515.5,18244.46,6,5,3,4,0.0527,0,0,1,0,0.308,0
ACC05693,109,353,12000.62,191,162,2530354.93,2368658.41,190,151,15,142,0.3384,26,4,2,2,0.7794,1
ACC05694,337,58,3609.78,34,24,147860.73,90315.51,22,15,1,2,0.0268,1,0,2,0,0.3067,0
ACC05695,821,110,1724.0,66,44,131548.29,89960.51,30,26,0,2,0.0941,0,1,0,2,0.0582,0
ACC05696,453,103,1759.16,54,49,79054.13,82055.0,29,28,1,4,0.028,2,0,0,0,0.2656,0
ACC05697,984,24,898.64,13,11,15770.66,7428.83,2,9,1,3,0.0547,0,0,0,1,0.1963,0
ACC05698,1131,22,2668.49,11,11,25757.43,25483.2,4,9,2,4,0.0621,1,0,0,0,0.2767,0
ACC05699,32,165,13489.01,105,60,1731098.84,793517.77,89,51,13,56,0.3505,29,6,2,4,0.8636,1
ACC05700,462,35,1604.84,18,17,32173.23,21471.32,6,2,4,0,0.0542,3,0,1,0,0.1603,0
ACC05701,169,158,12740.43,104,54,1389241.98,840776.66,82,42,18,59,0.4458,22,5,5,3,0.9438,1
ACC05702,2674,44,2507.18,21,23,47272.25,53150.68,12,9,1,2,0.0519,2,1,1,0,0.2403,0
ACC05703,95,355,13989.04,239,116,3199628.61,1569369.1,204,102,11,149,0.3389,23,13,7,4,0.5892,1
ACC05704,131,136,27127.88,76,60,1895133.11,1725613.79,59,45,9,58,0.4758,31,5,4,5,0.9338,1
ACC05705,889,23,2224.33,9,14,27004.94,33337.51,2,2,1,1,0.2,1,1,0,2,0.164,0
ACC05706,595,75,3400.53,29,46,81309.21,186992.0,7,28,0,0,0.0549,3,0,0,1,0.1957,0
ACC05707,701,41,800.71,19,22,13066.68,12357.5,6,16,2,2,0.0144,1,1,2,1,0.4645,0
ACC05708,709,95,1819.3,44,51,88794.46,96743.69,18,22,1,2,0.0243,1,2,1,0,0.3752,0
ACC05709,2450,52,913.4,22,30,17240.36,19927.28,5,17,2,4,0.0093,0,1,1,0,0.4384,0
ACC05710,32,134,24259.65,94,40,2300919.82,1184774.5,90,12,17,46,0.3981,24,4,8,1,0.7928,1
ACC05711,795,21,4124.45,13,8,57162.58,31887.22,9,8,1,1,0.0643,2,0,1,1,0.1632,0
ACC05712,3696,105,6029.07,56,49,440153.32,208779.77,25,33,2,2,0.0963,0,0,0,0,0.3283,0
ACC05713,534,43,5208.29,23,20,140865.34,77053.72,8,4,0,1,0.0246,1,0,2,0,0.4011,0
ACC05714,323,80,3914.73,31,49,129433.85,222176.32,7,14,2,3,0.0491,0,1,2,0,0.4427,0
ACC05715,585,81,1658.59,38,43,52375.5,82892.62,8,21,3,1,0.0501,0,1,1,1,0.3419,0
ACC05716,1031,68,4506.42,41,27,184829.84,123552.33,22,9,3,2,0.0605,0,0,0,2,0.0656,0
ACC05717,523,203,14734.77,152,51,2733729.38,691528.09,150,51,10,82,0.4391,26,1,9,5,0.8082,1
ACC05718,66,219,19239.02,129,90,3069871.48,1895438.93,129,87,15,84,0.3236,34,5,5,4,0.903,1
ACC05719,218,285,27499.77,216,69,6943114.87,1740368.68,198,42,10,113,0.4471,21,7,4,3,0.9088,1
ACC05720,1280,37,2507.27,22,15,50330.14,33828.56,17,9,3,4,0.0113,0,0,1,2,0.2211,0
ACC05721,87,770,51378.88,541,229,26439984.31,10673775.6,460,217,11,318,0.3754,24,9,5,7,0.8244,1
ACC05722,2323,29,2636.31,12,17,30622.13,47251.41,9,8,2,1,0.0518,3,1,1,1,0.249,0
ACC05723,1183,27,2732.97,13,14,37159.63,45759.18,10,6,1,3,0.0303,1,1,0,0,0.2265,0
ACC05724,1731,64,1313.18,30,34,32829.35,49561.39,13,21,3,3,0.0888,1,1,1,1,0.2539,0
ACC05725,3190,44,6122.88,16,28,114827.57,186080.47,9,19,6,1,0.0138,1,3,0,0,0.3233,0
ACC05726,113,333,14024.3,218,115,3132916.37,1845128.95,186,90,20,116,0.2615,25,6,1,2,0.7846,1
ACC05727,431,30,8816.39,14,16,154670.3,99651.18,7,8,1,4,0.0442,0,1,0,1,0.0729,0
ACC05728,1502,66,2172.4,33,33,66366.37,71184.06,13,21,4,0,0.0366,0,1,0,0,0.4426,0
ACC05729,672,50,1811.18,27,23,64885.55,43237.49,11,17,1,2,0.0256,2,1,0,2,0.2437,0
ACC05730,706,79,2765.46,49,30,126463.74,75088.09,13,11,2,2,0.0461,4,0,3,0,0.1821,0
ACC05731,700,49,2826.34,20,29,75348.66,58235.65,2,13,6,2,0.0254,1,2,0,2,0.3716,0
ACC05732,40,340,13721.55,263,77,3583132.55,1081805.95,220,72,17,137,0.3644,38,5,0,6,0.5691,1
ACC05733,339,67,979.29,42,25,39153.59,22957.4,24,18,0,1,0.0048,3,0,0,1,0.5523,0
ACC05734,1684,71,1961.31,31,40,68665.58,73129.18,8,13,1,1,0.0864,1,0,1,1,0.0949,0
ACC05735,372,21,2171.99,12,9,29318.49,22440.55,2,3,3,0,0.0611,2,0,2,2,0.3347,0
ACC05736,2570,22,1596.66,9,13,16147.41,19341.16,8,13,1,2,0.0474,0,0,0,0,0.0858,0
ACC05737,235,201,24581.27,120,81,3317487.38,1948457.05,78,63,14,75,0.4492,31,6,3,5,0.9309,1
ACC05738,1017,39,316.0,20,19,6278.69,4207.8,8,12,3,1,0.0735,1,3,1,0,0.2239,0
ACC05739,125,407,5784.31,258,149,1428790.15,827288.16,219,109,19,160,0.2661,26,6,7,3,0.9452,1
ACC05740,1492,43,5085.23,21,22,83661.63,100752.38,4,2,0,2,0.0283,2,2,3,2,0.387,0
ACC05741,570,356,19787.04,178,178,3947554.01,3868019.79,140,178,13,134,0.2665,29,1,4,4,0.8118,1
ACC05742,765,58,1533.45,29,29,38065.09,44322.05,19,16,2,0,0.0654,1,1,3,0,0.1069,0
ACC05743,1085,46,2117.23,18,28,36247.24,74074.4,2,10,1,1,0.1188,1,0,8,1,0.2779,0
ACC05744,1766,29,4728.84,16,13,72605.15,49613.26,3,9,1,3,0.0071,1,1,2,1,0.2771,0
ACC05745,481,69,1724.88,28,41,44960.4,57266.83,22,27,2,4,0.0749,1,1,2,1,0.1823,0
ACC05746,1018,247,920.62,134,113,99038.85,133804.05,53,71,2,0,0.0428,1,0,0,0,0.309,0
ACC05747,304,48,8584.48,24,24,252690.7,186160.32,12,13,1,2,0.0414,1,1,0,1,0.2543,0
ACC05748,1227,80,2765.87,30,50,79266.01,130569.92,20,28,2,2,0.081,2,1,1,1,0.6067,0
ACC05749,645,42,2260.0,26,16,49551.14,29812.08,17,9,3,1,0.0423,1,0,1,2,0.3974,0
ACC05750,79,371,14141.58,244,127,3466263.44,1681626.15,204,127,16,133,0.4547,19,8,4,3,0.6703,1
ACC05751,407,102,914.45,63,39,73016.83,36852.27,31,24,0,1,0.1496,1,1,1,0,0.4292,0
ACC05752,768,32,1526.17,16,16,25323.62,29209.24,8,2,1,1,0.0673,0,1,1,1,0.2629,0
ACC05753,1624,19,1590.54,11,8,13653.93,12550.25,2,2,3,0,0.04,1,1,1,0,0.5072,0
ACC05754,37,161,6818.22,93,68,644891.04,529552.7,93,61,17,56,0.4101,27,4,4,1,0.881,1
ACC05755,138,132,10258.63,88,44,1059936.03,395467.32,55,44,13,57,0.1641,32,9,2,6,0.9011,1
ACC05756,618,84,1906.82,46,38,102162.53,76874.11,23,27,2,3,0.0736,2,0,1,0,0.3179,0
ACC05757,803,39,5005.12,21,18,137417.27,94553.97,2,2,2,4,0.0545,1,0,0,0,0.2555,0
ACC05758,52,391,13110.38,244,147,3083317.75,1912826.53,191,142,10,126,0.5682,24,5,1,7,0.775,1
ACC05759,478,48,1248.12,25,23,41560.44,34806.74,10,11,1,0,0.034,1,0,2,0,0.2816,0
ACC05760,1243,43,3467.05,20,23,72063.67,69257.29,2,7,0,0,0.0533,3,1,0,0,0.4006,0
ACC05761,289,23,2455.89,11,12,26886.26,37855.06,2,4,1,3,0.0348,1,1,0,2,0.3614,0
ACC05762,237,465,20320.37,337,128,6461892.35,3203542.93,317,120,13,164,0.5955,23,4,4,3,0.8507,1
ACC05763,633,37,1653.49,23,14,43845.39,24102.45,11,11,1,0,0.0604,0,0,0,1,0.1365,0
ACC05764,892,44,1784.41,16,28,34166.09,63808.12,3,12,3,1,0.1032,1,1,0,0,0.2196,0
ACC05765,2288,73,3853.86,39,34,137722.13,99886.27,19,16,1,4,0.0413,3,1,0,1,0.0954,0
ACC05766,2040,127,3154.31,76,51,323131.52,202856.38,31,28,2,6,0.0104,3,0,0,0,0.3124,0
ACC05767,1288,53,1080.95,24,29,31190.39,32908.2,19,15,2,2,0.0348,1,0,1,0,0.3163,0
ACC05768,84,162,32558.06,117,45,3398035.25,1440987.39,80,43,15,65,0.1935,31,3,10,4,0.6659,1
ACC05769,318,61,3522.98,33,28,133064.96,114837.88,9,17,2,1,0.0135,2,0,1,1,0.2521,0
ACC05770,2527,66,2407.24,28,38,56737.41,91843.11,2,21,4,2,0.012,3,0,4,1,0.3118,0
ACC05771,366,42,1531.42,15,27,25909.07,47700.01,8,9,1,2,0.0325,4,0,1,2,0.2655,0
ACC05772,912,20,2234.24,9,11,23183.68,29644.75,4,10,2,3,0.1164,5,2,1,0,0.4902,0
ACC05773,45,225,10304.9,169,56,1847220.64,553644.59,129,48,10,88,0.3713,21,4,6,2,0.8587,1
ACC05774,132,82,6598.95,61,21,427840.49,130856.57,25,21,14,37,0.2959,32,5,6,4,0.9111,1
ACC05775,108,344,23279.49,186,158,4500218.49,3471027.04,156,158,12,137,0.6021,30,4,5,4,0.8809,1
ACC05776,175,257,15627.75,157,100,2770229.1,1534092.31,128,68,12,92,0.5618,25,5,6,4,0.8333,1
ACC05777,345,38,2412.05,20,18,54459.74,49569.85,2,10,4,0,0.0542,0,0,1,1,0.2657,0
ACC05778,126,158,15040.45,104,54,1951623.52,900467.9,96,47,11,70,0.218,21,3,10,1,0.891,1
ACC05779,1001,24,1749.87,14,10,19756.72,15446.86,13,2,3,1,0.039,1,0,0,0,0.2427,0
ACC05780,818,86,1580.48,31,55,43537.76,88117.59,16,24,0,6,0.0555,2,0,1,2,0.2833,0
ACC05781,2256,52,1916.56,18,34,36514.89,57190.54,9,21,4,1,0.0877,0,0,3,0,0.6809,0
ACC05782,52,304,18992.49,232,72,3860527.26,1635290.98,208,47,15,104,0.3053,27,9,7,4,0.9042,1
ACC05783,372,33,10383.41,13,20,159853.12,257850.5,2,7,3,1,0.0368,1,0,0,2,0.1544,0
ACC05784,2416,30,1825.65,14,16,20765.88,23999.78,2,4,2,1,0.015,0,1,2,2,0.627,0
ACC05785,684,65,3598.83,33,32,121968.38,135626.64,14,23,4,0,0.1411,0,0,1,0,0.2822,0
ACC05786,244,383,7433.93,212,171,1964099.33,1330804.52,162,158,16,151,0.3547,19,2,5,2,0.8991,1
ACC05787,969,21,1301.48,11,10,17437.21,14122.51,7,2,0,1,0.0845,3,0,1,1,0.2194,0
ACC05788,169,273,7479.77,200,73,1678704.74,490536.28,187,64,13,108,0.3838,13,9,7,2,0.5318,1
ACC05789,153,146,12238.48,82,64,997552.74,880596.32,71,58,13,61,0.5319,17,11,7,2,0.6819,1
ACC05790,31,123,5162.31,85,38,388219.5,220799.15,61,33,14,34,0.487,26,10,4,4,0.8008,1
ACC05791,513,47,2098.85,18,29,32623.6,65893.09,13,14,0,3,0.0172,3,0,1,1,0.0973,0
ACC05792,123,382,12798.47,208,174,2577468.92,2694775.14,180,146,17,137,0.3968,22,8,4,6,0.857,1
ACC05793,439,19,8552.83,7,12,68613.3,81211.55,6,9,6,0,0.0242,2,0,0,1,0.1932,0
ACC05794,1097,58,4624.96,22,36,106838.1,197037.9,8,28,0,3,0.0421,2,0,1,0,0.2063,0
ACC05795,1448,99,1014.69,50,49,60160.0,58568.69,24,27,1,5,0.0686,0,0,2,1,0.3416,0
ACC05796,2279,71,3171.44,39,32,95990.68,91082.61,4,10,3,1,0.0794,1,0,0,1,0.3652,0
ACC05797,646,14,7090.18,5,9,43089.38,52908.12,5,9,1,2,0.0258,3,4,1,0,0.0786,0
ACC05798,609,33,524.37,17,16,10529.92,10357.92,9,9,2,1,0.1028,3,0,4,1,0.2145,0
ACC05799,972,19,2498.3,12,7,29509.54,18652.21,8,2,2,1,0.0378,2,1,2,0,0.3274,0
ACC05800,4822,37,2803.44,20,17,50408.95,60433.84,3,5,2,0,0.0223,0,0,1,1,0.1066,0
ACC05801,233,262,67923.1,140,122,8150350.13,7435792.96,97,117,12,107,0.5565,24,2,11,12,0.8831,1
ACC05802,1190,116,1583.88,48,68,96324.2,102469.29,19,30,0,0,0.019,1,1,2,0,0.3643,0
ACC05803,583,43,3198.03,15,28,59265.86,87526.97,8,13,1,3,0.027,1,0,0,1,0.3323,0
ACC05804,20,652,9572.67,464,188,4365082.36,1895326.48,376,159,8,253,0.3917,30,9,4,5,0.9738,1
ACC05805,171,283,12178.37,201,82,2353776.41,979281.91,145,78,18,91,0.28,28,9,4,6,0.8063,1
ACC05806,155,469,13471.95,374,95,5666350.19,1431795.05,333,75,14,168,0.3452,24,5,5,2,0.9437,1
ACC05807,133,110,2892.09,82,28,283077.35,87613.76,64,19,15,43,0.5057,27,3,3,2,0.6279,1
ACC05808,297,39,1199.17,15,24,21524.11,28728.09,3,12,1,1,0.0598,2,0,2,0,0.0877,0
ACC05809,684,259,6874.62,161,98,1184035.17,699973.17,146,77,19,88,0.4494,23,3,5,2,0.7185,1
ACC05810,1188,34,1331.47,17,17,22231.39,16943.85,11,11,1,3,0.0626,2,0,1,0,0.1625,0
ACC05811,1014,92,862.11,42,50,42580.46,51846.56,25,37,0,1,0.0228,2,0,0,2,0.2382,0
ACC05812,225,181,11170.19,108,73,1264870.51,731100.9,81,73,9,89,0.3112,21,12,5,3,0.839,1
ACC05813,759,27,3566.99,9,18,32074.14,63535.99,2,4,3,3,0.0715,1,0,0,0,0.4239,0
ACC05814,116,454,14779.49,316,138,4578704.08,1901885.0,277,138,19,163,0.394,19,4,6,1,0.9469,1
ACC05815,52,589,9861.02,403,186,3933227.18,1642460.46,345,173,15,235,0.2411,27,7,3,2,0.8254,1
ACC05816,354,33,1739.3,19,14,29479.79,30985.59,2,5,2,1,0.1835,0,1,1,1,0.0947,0
ACC05817,35,306,11215.84,153,153,1612471.57,1871124.55,132,153,21,116,0.3165,18,4,4,1,0.9172,1
ACC05818,202,81,37080.92,64,17,2941949.61,587527.37,52,17,12,40,0.5115,22,3,5,5,0.9389,1
ACC05819,1139,27,4278.0,10,17,33575.29,53514.87,3,14,0,2,0.0818,1,0,0,0,0.1695,0
ACC05820,1595,79,1869.61,49,30,69661.36,56239.41,21,14,0,1,0.0224,1,0,1,0,0.4103,0
ACC05821,1661,24,2294.59,13,11,23102.13,24073.77,7,11,0,4,0.0301,2,1,0,2,0.4293,0
ACC05822,526,21,1220.88,8,13,8093.21,17165.9,4,4,0,3,0.0539,1,0,2,1,0.2228,0
ACC05823,1106,70,1159.03,44,26,68299.57,36583.81,14,7,2,3,0.0153,1,0,1,0,0.0934,0
ACC05824,1622,26,4183.23,15,11,54462.75,38215.49,10,2,1,1,0.0895,2,0,1,2,0.1996,0
ACC05825,213,235,8189.18,118,117,1128048.09,857570.55,97,94,16,92,0.2738,19,7,6,8,0.6475,1
ACC05826,894,29,2991.45,15,14,36775.89,36972.77,10,9,1,4,0.0079,0,0,2,0,0.1855,0
ACC05827,243,300,12896.22,235,65,3486545.37,988948.95,179,40,14,107,0.3867,15,2,5,5,0.9139,1
ACC05828,403,115,2867.85,65,50,219281.1,123464.49,28,30,4,3,0.0297,0,0,1,0,0.6245,0
ACC05829,364,33,3064.21,12,21,41846.5,59433.12,2,9,1,1,0.1642,1,2,3,0,0.2121,0
ACC05830,486,49,3619.06,29,20,107920.39,66475.93,13,7,5,0,0.0387,3,0,1,1,0.1151,0
ACC05831,839,32,3730.51,14,18,60029.82,73742.88,12,18,1,3,0.0728,3,0,0,3,0.4987,0
ACC05832,495,54,1608.69,28,26,35611.59,52515.13,8,9,2,2,0.0325,2,1,1,0,0.2234,0
ACC05833,448,64,3308.03,25,39,101956.78,106162.08,7,17,1,1,0.0574,2,1,2,2,0.3788,0
ACC05834,405,50,1391.6,28,22,41964.1,22895.24,15,15,2,1,0.0587,1,0,2,0,0.2991,0
ACC05835,864,90,3509.01,48,42,189924.23,187947.97,31,21,2,1,0.0592,4,2,2,1,0.1408,0
ACC05836,779,40,1580.43,22,18,40319.19,21431.51,3,3,3,2,0.0448,2,1,3,1,0.1537,0
ACC05837,812,57,1536.81,20,37,24133.91,45767.43,12,27,2,1,0.0859,3,0,2,1,0.057,0
ACC05838,673,38,3549.8,17,21,75156.85,68815.63,17,12,4,0,0.0447,1,0,1,0,0.074,0
ACC05839,532,51,2857.59,32,19,72649.71,52177.91,15,9,2,1,0.0386,4,0,1,1,0.1731,0
ACC05840,1188,70,1334.34,43,27,65811.53,45651.56,21,15,1,3,0.0172,2,0,1,0,0.1987,0
ACC05841,81,206,30585.89,127,79,3331736.3,2491499.78,100,76,14,91,0.3785,33,5,15,3,0.905,1
ACC05842,952,37,997.12,21,16,17907.81,18569.01,8,6,4,1,0.068,1,1,2,0,0.3494,0
ACC05843,2009,74,1765.83,45,29,77993.03,47226.28,24,11,3,2,0.0776,0,1,1,2,0.3808,0
ACC05844,282,128,33140.51,98,30,3266268.12,972797.09,82,30,6,37,0.4351,29,5,2,7,0.8427,1
ACC05845,264,305,6525.87,214,91,1450317.36,658854.84,197,72,9,133,0.2823,21,6,4,2,0.7451,1
ACC05846,28,131,25678.17,94,37,2673889.75,819863.34,73,5,16,37,0.3492,22,8,2,4,0.9677,1
ACC05847,118,116,8064.76,60,56,534599.43,435998.53,50,56,14,44,0.1763,18,7,2,6,0.7273,1
ACC05848,437,51,5196.29,32,19,180016.98,101311.04,14,4,2,1,0.0432,1,0,2,2,0.3053,0
ACC05849,1291,69,2130.7,39,30,66598.56,49540.86,23,17,1,0,0.0399,2,1,2,0,0.1582,0
ACC05850,1420,77,2615.62,34,43,72969.76,129919.06,20,16,2,1,0.0293,1,2,1,1,0.3121,0
ACC05851,711,43,3821.16,18,25,81264.02,74987.31,15,11,1,3,0.1109,1,0,2,0,0.5165,0
ACC05852,179,97,12003.15,55,42,811670.81,553445.15,53,20,13,27,0.3302,26,6,8,5,0.7853,1
ACC05853,224,26,4899.72,9,17,38358.34,65193.65,2,10,1,4,0.142,1,1,0,1,0.0741,0
ACC05854,63,119,28337.48,67,52,1819530.06,1470840.42,40,36,10,40,0.4807,30,10,3,4,0.7238,1
ACC05855,1409,15,1194.64,5,10,4509.3,15339.15,3,8,1,2,0.0162,3,0,2,2,0.2741,0
ACC05856,181,91,8707.42,46,45,431595.4,423703.74,46,45,19,33,0.3342,19,6,6,2,0.948,1
ACC05857,26,783,12308.32,576,207,6637215.18,2315548.56,502,188,14,294,0.2662,22,8,3,6,0.8737,1
ACC05858,21,276,9020.12,206,70,2049604.61,572030.12,167,61,13,89,0.2899,22,10,2,4,0.9051,1
ACC05859,833,46,4156.62,26,20,93980.1,96766.62,11,12,2,3,0.1078,0,1,1,0,0.3096,0
ACC05860,621,38,2332.24,14,24,30640.22,40661.17,7,15,1,5,0.0183,3,1,2,0,0.2589,0
ACC05861,945,42,1874.29,20,22,34993.95,38652.26,9,15,1,2,0.0541,0,2,1,0,0.1949,0
ACC05862,1439,57,2578.51,24,33,70095.05,79008.11,11,22,6,3,0.0704,7,0,2,1,0.2701,0
ACC05863,379,43,4904.7,24,19,107088.9,110065.58,17,19,4,4,0.0376,4,0,2,0,0.2243,0
ACC05864,921,18,1778.46,11,7,16996.46,13833.28,11,2,2,1,0.0276,2,0,0,0,0.327,0
ACC05865,1999,148,1941.13,81,67,193677.46,152820.4,26,40,5,2,0.0105,1,0,2,3,0.4043,0
ACC05866,404,63,1074.25,24,39,26288.04,36337.26,9,19,2,1,0.095,0,0,2,0,0.3501,0
ACC05867,731,49,3212.42,18,31,66150.48,101235.24,5,15,3,1,0.048,1,0,0,0,0.2656,0
ACC05868,418,364,14125.13,269,95,3593678.35,1402003.76,243,66,20,147,0.1516,19,5,3,4,0.8871,1
ACC05869,640,16,2267.24,8,8,18267.06,15194.61,2,2,3,3,0.0598,4,0,1,1,0.1978,0
ACC05870,1241,34,1732.65,13,21,28254.45,45540.73,10,3,2,3,0.0447,3,0,1,0,0.1288,0
ACC05871,156,237,6217.32,130,107,960903.6,644336.87,80,107,17,85,0.3753,24,9,8,7,0.9277,1
ACC05872,1053,95,815.77,42,53,43007.86,37939.04,20,29,3,1,0.0299,2,0,2,2,0.1562,0
ACC05873,942,15,10155.37,8,7,91606.29,89800.0,2,2,4,1,0.0608,0,0,0,0,0.2789,0
ACC05874,1969,70,1005.67,44,26,57377.37,27578.62,23,5,2,3,0.0835,0,0,1,2,0.1681,0
ACC05875,186,368,22408.54,186,182,4162172.76,4660943.15,152,139,9,153,0.2431,22,3,7,3,0.9584,1
ACC05876,1807,115,5495.33,57,58,402187.25,393894.64,19,32,1,6,0.0807,1,0,0,0,0.2334,0
ACC05877,2183,119,2251.7,74,45,144988.51,78866.4,32,25,2,4,0.0573,2,0,3,3,0.1009,0
ACC05878,384,57,3650.62,23,34,80891.03,155837.81,9,13,2,2,0.028,2,0,5,0,0.2825,0
ACC05879,158,162,10610.89,105,57,1324599.78,701335.14,79,38,14,63,0.4744,23,4,3,3,0.6418,1
ACC05880,136,114,13481.65,68,46,824051.17,744437.05,60,19,22,42,0.1836,21,7,6,9,0.876,1
ACC05881,108,244,23914.08,136,108,2921165.6,2574807.55,111,87,17,101,0.1887,21,10,8,3,0.9254,1
ACC05882,1082,48,1252.75,28,20,41707.68,25958.92,8,9,2,1,0.0819,3,1,1,0,0.4752,0
ACC05883,77,175,10241.21,136,39,1305301.05,344134.18,136,39,18,63,0.3041,26,10,5,4,0.8352,1
ACC05884,569,91,10731.59,46,45,496058.37,466454.43,23,26,0,2,0.0332,1,0,0,0,0.3021,0
ACC05885,2273,116,4412.08,60,56,213761.38,184556.78,25,41,4,7,0.0226,3,0,1,1,0.1313,0
ACC05886,77,155,8644.53,118,37,902827.13,311337.06,90,27,21,54,0.4081,24,3,8,3,0.811,1
ACC05887,2086,50,548.14,23,27,16690.31,17073.43,14,13,1,3,0.0439,2,0,0,1,0.1813,0
ACC05888,1719,174,8030.28,104,70,709982.71,481581.86,46,33,0,3,0.0444,1,1,2,1,0.4583,0
ACC05889,507,73,3720.71,41,32,159992.6,128584.67,22,9,0,3,0.0028,0,1,3,1,0.317,0
ACC05890,514,34,7607.44,17,17,146376.52,98076.8,8,11,5,3,0.0651,1,0,0,0,0.2903,0
ACC05891,481,62,1979.74,23,39,51355.59,64394.05,12,18,5,3,0.0127,0,1,0,1,0.4136,0
ACC05892,98,261,26140.75,172,89,5027355.75,2244584.42,147,88,14,92,0.4602,21,4,6,3,0.9032,1
ACC05893,432,30,1485.73,17,13,20535.75,17647.51,2,2,1,2,0.0684,1,0,1,1,0.282,0
ACC05894,1402,9,2268.44,5,4,9452.06,8924.76,5,4,0,6,0.0672,2,0,0,0,0.2474,0
ACC05895,55,438,15282.98,306,132,3979680.19,2379037.93,269,121,24,164,0.4146,26,11,4,5,0.8983,1
ACC05896,17,346,32170.82,187,159,5555599.77,4979358.0,161,130,11,133,0.3015,22,11,5,4,0.9188,1
ACC05897,804,32,1437.21,14,18,15511.36,27939.11,6,16,0,2,0.0375,2,0,0,0,0.2413,0
ACC05898,1079,66,2160.48,26,40,67365.08,61797.91,12,28,1,2,0.0288,2,0,0,1,0.1674,0
ACC05899,51,328,28798.47,246,82,7049502.72,2432273.82,236,60,12,132,0.3372,25,1,2,6,0.7218,1
ACC05900,341,45,1323.14,17,28,20494.93,39522.15,6,18,2,3,0.0797,0,3,4,1,0.2754,0
ACC05901,1273,65,4334.69,39,26,166941.85,85317.89,17,14,2,3,0.0383,3,2,2,0,0.2204,0
ACC05902,1745,49,2350.6,23,26,42040.72,72660.44,8,14,2,3,0.0628,2,1,0,0,0.2991,0
ACC05903,587,50,2857.99,21,29,68570.43,62707.62,2,21,1,1,0.0283,1,0,3,1,0.1287,0
ACC05904,157,420,10358.53,313,107,3346689.58,1029627.59,271,94,14,167,0.1049,26,9,5,4,0.7904,1
ACC05905,752,57,757.06,35,22,26120.08,13914.28,13,10,4,0,0.0401,3,0,1,0,0.2154,0
ACC05906,1375,22,1099.06,13,9,12753.22,9324.8,7,3,2,2,0.042,1,0,0,2,0.3207,0
ACC05907,91,640,9173.95,440,200,4406688.74,1594556.83,355,167,13,217,0.2625,21,6,7,2,0.9456,1
ACC05908,647,70,2075.9,37,33,98607.36,56343.87,12,20,0,3,0.0545,1,2,1,2,0.1584,0
ACC05909,1673,80,2805.56,48,32,153108.87,78242.63,18,25,4,5,0.0352,2,0,1,0,0.5183,0
ACC05910,692,23,3004.54,10,13,29013.79,29592.93,2,10,4,0,0.0097,0,0,1,1,0.5137,0
ACC05911,897,20,2087.25,11,9,30037.84,17087.1,2,5,3,2,0.0178,0,1,2,0,0.3043,0
ACC05912,557,312,5650.92,164,148,950550.1,886130.57,134,139,20,123,0.1531,19,3,4,5,0.86,1
ACC05913,24,126,8395.44,87,39,849596.0,279585.89,50,23,14,44,0.3021,30,2,5,1,0.9394,1
ACC05914,2054,68,4983.93,34,34,136940.1,161138.59,16,23,2,2,0.0472,1,1,3,0,0.297,0
ACC05915,1705,47,1228.44,20,27,22196.8,37741.27,10,16,3,3,0.0599,0,0,2,1,0.356,0
ACC05916,379,148,11691.42,86,62,1131271.24,661993.31,68,62,17,51,0.2559,22,12,7,2,0.7901,1
ACC05917,308,22,1866.37,10,12,16593.32,26124.78,6,11,1,2,0.0737,1,0,1,1,0.6375,0
ACC05918,112,314,15073.18,191,123,3010035.59,2037736.3,167,122,11,106,0.4235,22,4,0,1,0.9081,1
ACC05919,57,730,23111.06,572,158,13909741.03,4535752.4,481,158,8,258,0.6211,25,4,3,4,0.8491,1
ACC05920,525,89,4331.03,33,56,164399.78,306652.72,16,25,1,4,0.018,3,0,0,0,0.4174,0
ACC05921,1797,67,898.47,26,41,24706.0,40164.77,9,31,1,1,0.0242,1,1,0,3,0.3616,0
ACC05922,66,221,8495.49,171,50,1735008.68,383331.77,154,29,10,64,0.337,22,4,2,4,0.9103,1
ACC05923,237,205,11126.36,128,77,1778328.48,1014495.81,114,68,17,66,0.3198,13,8,2,5,0.9535,1
ACC05924,709,34,5475.29,21,13,105521.62,60728.4,5,11,2,4,0.0584,0,0,1,0,0.2013,0
ACC05925,126,396,14555.07,285,111,4712631.73,1983138.47,234,69,8,135,0.2715,23,7,5,8,0.9236,1
ACC05926,1064,54,1634.95,25,29,49955.01,36542.62,11,9,2,4,0.0592,3,0,0,0,0.293,0
ACC05927,1382,102,2570.96,60,42,204370.56,131428.68,36,16,2,2,0.0268,3,2,1,0,0.2621,0
ACC05928,724,35,2229.49,12,23,24810.22,60639.07,2,11,2,0,0.1065,1,1,0,0,0.533,0
ACC05929,1713,64,1752.7,34,30,51161.24,43310.15,24,13,3,3,0.0218,2,1,3,0,0.2819,0
ACC05930,762,62,1930.08,24,38,57049.24,61254.38,9,13,2,2,0.049,0,2,1,1,0.1114,0
ACC05931,68,217,13538.44,130,87,2027204.0,1112228.99,118,87,12,82,0.5128,21,5,7,5,0.8407,1
ACC05932,780,127,3339.03,55,72,168745.15,206646.83,19,39,0,2,0.0189,2,0,2,3,0.2273,0
ACC05933,179,187,7602.38,132,55,956838.32,488468.48,102,44,17,86,0.2823,28,10,5,7,0.5499,1
ACC05934,113,54,9841.72,36,18,322655.95,216003.95,36,7,14,23,0.1786,18,4,6,1,0.673,1
ACC05935,530,260,3669.83,164,96,675730.39,433761.89,116,70,15,112,0.2498,31,8,3,2,0.9634,1
ACC05936,558,76,1407.62,47,29,67411.3,41481.62,24,10,2,0,0.1043,0,0,1,1,0.2819,0
ACC05937,488,80,2242.43,42,38,86590.54,78600.99,16,24,1,2,0.0478,2,0,0,1,0.2846,0
ACC05938,1099,44,9568.72,20,24,252440.36,186378.0,13,14,1,2,0.0672,3,1,4,0,0.234,0
ACC05939,201,377,8391.9,189,188,1500072.87,1850615.75,149,157,18,139,0.6772,22,8,4,5,0.831,1
ACC05940,496,30,5794.19,11,19,49316.71,97543.04,10,6,2,2,0.0326,1,0,2,0,0.2122,0
ACC05941,797,73,4061.62,40,33,149457.78,161219.88,18,14,4,1,0.1101,2,1,3,1,0.0831,0
ACC05942,522,44,4173.25,25,19,117546.73,74952.19,14,9,3,0,0.0813,0,0,2,0,0.3035,0
ACC05943,439,57,2796.92,31,26,83649.76,75824.75,9,21,1,2,0.0221,0,0,1,1,0.3251,0
ACC05944,811,24,8409.16,13,11,122412.58,98965.96,3,7,3,1,0.0503,2,0,0,1,0.2331,0
ACC05945,1698,40,1910.39,23,17,48308.39,34550.05,17,9,3,3,0.1659,2,1,1,1,0.2115,0
ACC05946,1182,25,1826.36,14,11,25351.99,16433.86,3,10,2,1,0.0282,1,1,2,0,0.3275,0
ACC05947,668,35,1278.88,19,16,19894.86,25831.12,11,16,0,5,0.0445,4,0,1,0,0.2144,0
ACC05948,311,583,16216.88,444,139,8466114.1,2297415.48,381,122,16,215,0.4097,32,6,6,7,0.8691,1
ACC05949,84,252,9901.76,129,123,1486875.48,1467092.61,129,107,18,87,0.4955,22,8,4,5,0.8527,1
ACC05950,575,56,2734.88,27,29,67714.59,72590.23,5,22,1,2,0.015,1,0,2,1,0.4902,0
ACC05951,137,36,1907.06,22,14,53274.01,24684.95,12,3,5,5,0.0579,2,1,1,1,0.1899,0
ACC05952,213,482,10780.6,276,206,2881354.66,2245934.0,228,206,9,203,0.1978,23,9,5,6,0.6022,1
ACC05953,1136,34,1101.72,14,20,15988.04,24396.66,14,10,3,1,0.0084,1,1,1,0,0.3653,0
ACC05954,905,17,13878.28,10,7,119567.78,68459.87,5,2,1,1,0.015,2,0,2,1,0.4183,0
ACC05955,82,357,12146.49,223,134,3101488.54,1980550.25,190,115,8,133,0.2264,18,9,6,5,0.8537,1
ACC05956,274,38,2528.92,18,20,57832.16,59778.14,7,9,2,0,0.0187,0,0,1,0,0.3376,0
ACC05957,59,145,22920.35,76,69,1586111.56,1843374.12,36,47,10,52,0.3711,31,7,6,4,0.863,1
ACC05958,2481,96,2705.92,43,53,114555.65,162216.7,15,30,1,3,0.0169,1,0,2,0,0.113,0
ACC05959,353,26,3873.22,13,13,47310.43,42037.25,11,3,0,0,0.0495,2,2,0,1,0.1087,0
ACC05960,106,139,16693.73,103,36,2007439.56,702567.88,72,8,19,58,0.4679,29,7,8,2,0.7828,1
ACC05961,504,216,2503.96,81,135,256993.26,269687.77,45,72,3,1,0.0514,0,1,0,0,0.329,0
ACC05962,433,49,1604.1,29,20,62262.37,37755.52,19,14,1,1,0.0179,1,1,2,0,0.2995,0
ACC05963,2567,39,926.53,23,16,18929.33,16703.05,14,10,0,0,0.0286,0,1,0,0,0.0433,0
ACC05964,41,207,14345.42,123,84,1721608.77,1082431.13,123,84,16,87,0.4361,24,7,2,3,0.9756,1
ACC05965,42,279,16511.81,222,57,4515460.11,995206.03,181,46,9,111,0.4204,30,3,6,2,0.7583,1
ACC05966,522,43,4363.21,24,19,83965.42,82096.39,11,8,1,4,0.0579,2,0,1,0,0.1558,0
ACC05967,428,27,7477.89,12,15,114289.61,101155.81,11,10,4,2,0.0298,1,0,0,0,0.46,0
ACC05968,794,45,2409.61,17,28,50157.43,70065.33,2,24,3,0,0.0818,1,0,0,0,0.2499,0
ACC05969,938,35,4474.88,19,16,107709.24,63852.05,3,10,0,6,0.0294,0,2,2,2,0.2336,0
ACC05970,38,277,22678.17,201,76,5672860.55,1699272.17,191,69,11,88,0.3134,17,7,5,4,0.9608,1
ACC05971,117,460,17053.16,328,132,6628691.06,2638846.89,279,124,20,188,0.3981,13,6,1,5,0.859,1
ACC05972,189,407,22882.59,308,99,6645900.52,2535890.42,288,93,11,137,0.4164,24,6,2,6,0.9244,1
ACC05973,1599,32,3834.14,17,15,49583.87,55534.15,5,11,1,1,0.0673,2,0,2,0,0.5496,0
ACC05974,210,154,18110.23,111,43,1860976.78,963063.61,78,36,15,72,0.6377,19,1,7,7,0.7074,1
ACC05975,2786,48,2169.34,20,28,54193.48,61633.68,8,12,2,2,0.0163,4,0,0,3,0.2296,0
ACC05976,1165,41,2164.17,15,26,27271.4,66351.8,2,13,1,2,0.1292,1,0,2,0,0.3594,0
ACC05977,1275,173,4696.43,65,108,281601.95,414318.79,31,55,0,1,0.0113,2,1,2,1,0.105,0
ACC05978,1148,47,842.2,28,19,19137.14,18448.61,11,2,3,2,0.0232,2,1,1,0,0.2351,0
ACC05979,894,43,3236.84,27,16,83938.2,44156.75,7,7,3,0,0.0487,3,1,1,0,0.284,0
ACC05980,156,487,19053.73,357,130,7568975.22,2838812.73,310,119,17,186,0.183,30,4,5,5,0.7037,1
ACC05981,1001,55,1207.52,25,30,28633.63,28702.86,11,22,1,1,0.1142,1,2,0,2,0.126,0
ACC05982,300,34,1358.22,16,18,22140.8,26627.94,7,13,0,0,0.0436,0,1,0,1,0.1549,0
ACC05983,13,344,14985.89,268,76,3700097.43,1176988.75,180,59,13,125,0.1634,21,5,7,9,0.8511,1
ACC05984,2122,24,1677.35,10,14,20980.19,22338.16,2,12,1,2,0.0435,1,0,2,0,0.0623,0
ACC05985,182,84,5287.68,33,51,180836.42,222195.86,13,36,1,2,0.0452,1,0,0,1,0.1493,0
ACC05986,185,493,19348.11,315,178,6477949.59,3083220.78,295,138,16,185,0.276,31,9,7,4,0.8452,1
ACC05987,806,28,1031.18,13,15,16348.31,13597.56,2,9,1,2,0.0243,1,0,2,2,0.1867,0
ACC05988,1026,113,4875.79,52,61,253035.24,368610.4,28,36,0,2,0.0239,1,2,1,2,0.2354,0
ACC05989,156,37,2801.46,17,20,51262.18,62508.21,2,7,4,2,0.0372,3,0,1,2,0.1717,0
ACC05990,483,80,1525.49,31,49,61855.76,63338.04,13,30,0,5,0.0511,3,0,0,1,0.319,0
ACC05991,464,178,4051.92,123,55,546989.56,200291.96,105,55,15,84,0.2895,24,12,5,4,0.8495,1
ACC05992,674,26,2102.86,15,11,35222.53,22819.04,9,3,1,5,0.1311,2,0,3,2,0.2594,0
ACC05993,76,193,23771.01,99,94,2202489.83,2639880.48,99,94,8,65,0.3209,26,6,3,5,0.6345,1
ACC05994,1660,87,2469.23,43,44,114465.51,130593.69,23,26,0,0,0.0115,2,0,0,0,0.384,0
ACC05995,440,27,4910.21,14,13,84849.69,62395.39,7,8,3,4,0.0687,1,0,1,0,0.1813,0
ACC05996,1050,40,1471.36,22,18,32540.19,24794.76,12,5,0,3,0.0702,1,0,1,0,0.6106,0
ACC05997,237,208,23073.38,160,48,3863697.78,1034449.71,133,45,16,73,0.4125,23,8,1,3,0.6579,1
ACC05998,546,705,3912.39,539,166,2374477.84,757620.82,453,151,16,292,0.532,29,5,1,4,0.756,1
ACC05999,539,126,2262.73,57,69,97442.56,121345.91,21,40,0,2,0.1233,1,1,1,0,0.2288,0
ACC06000,213,230,25288.53,147,83,3233671.95,2472575.27,114,67,15,93,0.3343,23,9,7,5,0.8452,1
ACC06001,629,68,2906.77,37,31,92139.31,116088.16,11,22,1,2,0.0625,1,0,2,0,0.291,0
ACC06002,1142,53,2482.9,28,25,78753.46,80292.98,14,17,1,5,0.0394,4,0,2,2,0.1128,0
ACC06003,921,44,6099.81,21,23,108862.72,135573.06,9,14,0,3,0.0691,4,0,0,1,0.4328,0
ACC06004,1039,58,3296.81,28,30,119769.4,116880.04,7,13,0,3,0.0377,0,2,0,1,0.4405,0
ACC06005,457,17,4365.2,10,7,38251.2,29214.6,10,2,2,2,0.0392,1,0,3,0,0.3622,0
ACC06006,2200,86,1326.75,32,54,45683.69,78107.15,14,24,2,3,0.0465,1,1,1,0,0.1129,0
ACC06007,178,271,20862.68,147,124,3825025.41,2210042.83,131,124,12,91,0.3018,20,9,2,2,0.7819,1
ACC06008,1186,54,2974.21,22,32,50522.96,123154.25,12,20,3,1,0.0137,1,0,2,0,0.1172,0
ACC06009,2173,56,2269.78,20,36,47556.38,101191.87,2,25,1,2,0.0788,3,0,1,0,0.1986,0
ACC06010,504,35,2493.3,19,16,47328.41,40354.88,10,16,2,1,0.0335,4,2,2,0,0.3162,0
ACC06011,96,148,12331.24,113,35,1222487.93,479368.44,95,19,11,65,0.4712,31,7,10,3,0.9711,1
ACC06012,1692,27,3075.21,12,15,28453.74,46903.78,11,11,6,2,0.026,1,3,1,0,0.1251,0
ACC06013,336,656,11534.09,465,191,5996459.47,2706595.63,424,157,8,244,0.3929,22,9,3,4,0.8546,1
ACC06014,834,27,1308.15,17,10,21413.15,10293.2,7,9,2,2,0.0251,1,0,3,1,0.5489,0
ACC06015,1299,70,1713.08,25,45,37428.33,92001.96,9,19,1,0,0.0334,2,0,0,0,0.247,0
ACC06016,666,46,808.32,26,20,18452.78,12908.1,13,11,3,2,0.0384,4,0,2,1,0.2832,0
ACC06017,882,34,1997.97,19,15,50117.98,27511.74,7,15,2,1,0.0851,2,0,1,0,0.1464,0
ACC06018,1400,22,1035.86,9,13,8605.7,10729.03,7,13,2,1,0.042,2,0,1,0,0.2979,0
ACC06019,1220,49,4391.94,25,24,101008.6,93709.74,14,11,4,0,0.043,2,0,2,0,0.3908,0
ACC06020,561,39,605.77,14,25,7816.57,16520.7,7,11,5,1,0.0542,2,0,0,0,0.3344,0
ACC06021,777,59,4499.21,32,27,185354.25,94516.0,8,12,2,2,0.0662,0,1,0,0,0.2568,0
ACC06022,1562,40,1337.41,21,19,33859.82,25326.53,11,7,2,2,0.0658,1,1,0,1,0.1625,0
ACC06023,583,79,2376.61,34,45,106514.58,79103.84,10,27,2,5,0.0437,1,0,1,0,0.2121,0
ACC06024,1568,22,2190.74,8,14,23480.53,22895.85,2,2,0,4,0.0214,1,0,1,2,0.2723,0
ACC06025,584,67,4418.57,43,24,188987.8,116893.75,9,14,3,4,0.0586,2,0,2,0,0.3272,0
ACC06026,307,61,3751.16,30,31,115522.66,107901.22,9,12,6,2,0.0259,1,1,2,2,0.1569,0
ACC06027,47,262,20553.35,171,91,3301062.91,2148809.75,124,79,17,92,0.4493,23,6,2,11,0.8831,1
ACC06028,975,25,1513.0,14,11,24563.89,11893.05,2,11,0,2,0.0864,1,0,0,2,0.4299,0
ACC06029,791,47,1245.48,22,25,30691.45,40471.87,13,12,3,1,0.0709,2,2,0,0,0.1231,0
ACC06030,1573,31,1309.52,17,14,26358.27,21164.37,11,2,2,3,0.0102,1,1,2,0,0.2037,0
ACC06031,692,28,2063.35,16,12,39897.86,18669.46,2,3,6,0,0.0076,2,0,2,2,0.3728,0
ACC06032,676,26,1670.44,13,13,25381.06,27759.53,10,4,1,1,0.0217,4,1,0,1,0.2564,0
ACC06033,858,175,1355.04,79,96,131940.07,116027.4,35,64,2,2,0.0415,2,1,1,0,0.2347,0
ACC06034,624,31,9937.76,14,17,139045.76,164641.34,10,3,3,3,0.0241,0,2,0,1,0.4383,0
ACC06035,474,16,2766.38,6,10,19391.65,22106.74,2,8,4,2,0.0516,2,1,1,0,0.1115,0
ACC06036,1520,62,1393.47,23,39,30004.27,67353.93,15,19,2,1,0.0945,0,1,2,1,0.2848,0
ACC06037,957,92,1938.14,47,45,91195.29,73654.22,22,25,6,0,0.1517,1,0,4,0,0.1896,0
ACC06038,627,19,1423.71,11,8,16644.13,11037.85,2,2,1,4,0.0424,3,1,0,0,0.4077,0
ACC06039,725,16,4684.84,8,8,43427.7,43962.7,5,8,0,2,0.0659,1,1,1,1,0.1293,0
ACC06040,972,26,1945.1,9,17,17923.62,38005.75,5,14,3,4,0.0857,1,0,1,0,0.238,0
ACC06041,1567,29,1854.45,10,19,21114.41,43914.48,2,8,2,2,0.0335,0,1,1,0,0.1753,0
ACC06042,679,310,17941.23,187,123,3377664.98,2163019.46,156,118,12,129,0.5783,16,7,4,4,0.8833,1
ACC06043,3226,86,4498.22,50,36,264592.96,189631.08,28,23,2,2,0.0332,1,1,2,0,0.32,0
ACC06044,955,58,1616.71,21,37,39705.94,76158.95,6,16,3,5,0.0442,2,1,1,0,0.1284,0
ACC06045,90,312,37260.22,205,107,7761916.61,4020385.23,180,78,13,114,0.4642,16,4,7,1,0.7678,1
ACC06046,1008,102,2400.88,44,58,105765.84,110569.52,20,30,2,2,0.0204,0,0,2,3,0.2563,0
ACC06047,904,51,6438.72,24,27,139674.99,128083.9,5,25,5,2,0.0328,1,0,2,1,0.3286,0
ACC06048,1876,23,3253.02,10,13,31132.89,53637.61,3,5,1,3,0.0656,1,0,1,1,0.2483,0
ACC06049,139,239,20652.32,147,92,3760551.24,2347299.63,147,59,9,98,0.3869,20,4,8,3,0.9429,1
ACC06050,2621,78,1848.71,40,38,64171.41,69801.54,11,15,4,4,0.0501,4,0,0,1,0.2663,0
ACC06051,161,268,11544.71,181,87,2275007.63,1181164.42,157,82,15,101,0.1935,20,7,7,4,0.8209,1
ACC06052,2080,53,2164.07,28,25,45449.53,54419.92,11,15,0,1,0.0565,2,1,1,0,0.3463,0
ACC06053,949,68,2554.15,42,26,124714.04,85987.67,19,9,2,1,0.0581,2,0,1,1,0.4611,0
ACC06054,1648,50,8873.33,30,20,223187.55,207342.63,13,14,3,2,0.0133,0,1,0,0,0.3897,0
ACC06055,1958,73,4938.03,32,41,127508.87,232226.11,8,23,0,1,0.0304,2,1,1,2,0.2298,0
ACC06056,5000,47,1722.28,17,30,32151.17,57433.37,11,16,1,1,0.1023,1,0,3,0,0.1182,0
ACC06057,1723,16,1892.33,9,7,19426.12,15486.27,9,3,4,1,0.0792,1,1,0,3,0.2424,0
ACC06058,4574,37,8172.62,23,14,206997.49,134403.96,22,2,0,1,0.0348,3,2,0,0,0.1192,0
ACC06059,112,217,10809.55,162,55,1789273.97,547354.85,119,55,16,81,0.3065,28,8,4,2,0.9674,1
ACC06060,224,1012,18894.67,696,316,14992865.83,5445319.72,572,293,15,358,0.3944,26,7,3,1,0.8767,1
ACC06061,279,18,1164.69,11,7,12968.03,6035.65,2,7,1,2,0.1015,0,1,1,3,0.3573,0
ACC06062,1082,43,2674.18,23,20,49927.81,57733.38,12,15,0,3,0.0696,0,0,2,1,0.1341,0
ACC06063,859,33,4621.74,13,20,72376.0,103886.99,10,5,0,4,0.1176,3,0,0,1,0.2712,0
ACC06064,572,47,2518.5,29,18,67965.5,54261.25,6,17,2,4,0.0569,1,0,2,1,0.2517,0
ACC06065,675,70,1681.63,26,44,53167.68,82032.04,16,22,5,1,0.1162,1,1,0,0,0.5115,0
ACC06066,205,491,5909.78,312,179,1932855.4,923138.29,281,170,17,190,0.2991,24,4,4,1,0.7325,1
ACC06067,999,49,2487.85,17,32,51486.85,102509.6,2,17,1,2,0.0358,0,0,0,1,0.4196,0
ACC06068,679,37,1058.94,19,18,17801.55,18684.05,7,18,2,1,0.0767,4,2,1,1,0.3125,0
ACC06069,1768,39,3207.14,20,19,64808.72,75744.98,8,10,2,1,0.0473,1,0,2,2,0.2355,0
ACC06070,629,35,2672.9,21,14,72019.74,41543.43,5,14,2,4,0.0529,0,1,1,1,0.3541,0
ACC06071,505,19,4907.09,7,12,40167.71,56968.53,4,12,1,3,0.0073,3,1,0,0,0.5504,0
ACC06072,245,356,11500.68,209,147,2187545.98,2017427.46,172,122,13,118,0.4204,24,7,1,7,0.9573,1
ACC06073,646,131,713.8,63,68,45457.98,45441.6,35,39,0,3,0.0156,2,0,0,1,0.3125,0
ACC06074,3882,22,2120.06,12,10,28861.14,19952.5,8,8,2,0,0.0562,0,0,0,1,0.3016,0
ACC06075,642,37,5558.83,16,21,99960.1,129355.3,11,7,6,1,0.019,0,1,3,1,0.1696,0
ACC06076,663,78,3395.0,41,37,167986.86,113377.73,22,16,0,1,0.0273,0,0,3,1,0.0276,0
ACC06077,86,249,7221.68,188,61,1516074.76,476558.22,174,44,14,109,0.3955,17,5,8,1,0.7538,1
ACC06078,1292,44,1232.5,16,28,18435.95,40357.98,4,16,0,1,0.0518,2,0,0,3,0.2332,0
ACC06079,286,359,26291.54,180,179,4535139.49,5014199.72,145,148,9,144,0.3393,22,7,5,3,0.8192,1
ACC06080,94,216,31349.25,123,93,4218398.34,3006610.0,102,82,12,82,0.5081,24,8,6,5,0.9206,1
ACC06081,286,36,2879.42,19,17,47239.61,47175.62,10,15,1,2,0.0922,2,0,1,0,0.2516,0
ACC06082,521,23,2514.01,10,13,33214.58,32566.88,10,5,2,2,0.0661,0,2,1,3,0.282,0
ACC06083,286,31,2036.49,14,17,32251.95,29456.82,10,4,2,1,0.0249,0,0,1,1,0.2997,0
ACC06084,40,437,13016.9,278,159,3409515.47,1891363.9,250,131,7,155,0.3233,27,6,10,3,0.755,1
ACC06085,988,203,14568.68,137,66,1815960.36,1018181.13,107,65,19,77,0.5259,22,6,4,4,0.6583,1
ACC06086,722,25,855.82,14,11,11933.87,7733.56,2,4,2,0,0.013,4,0,0,1,0.3476,0
ACC06087,410,34,3231.87,19,15,70176.8,34223.09,2,2,4,2,0.0472,2,0,2,1,0.1871,0
ACC06088,455,228,10504.65,180,48,2326629.52,429482.6,134,48,10,99,0.2087,30,1,7,2,0.9113,1
ACC06089,204,259,11213.19,194,65,2019582.63,695573.69,158,49,16,82,0.3374,32,10,6,7,0.9407,1
ACC06090,130,549,11193.81,353,196,3383089.33,2519530.14,314,185,17,214,0.6014,30,6,2,8,0.8949,1
ACC06091,495,58,7370.19,37,21,256751.27,122123.09,12,11,1,3,0.0208,3,2,0,1,0.113,0
ACC06092,813,70,6012.01,39,31,245983.93,229965.29,22,18,1,3,0.1365,2,0,2,1,0.148,0
ACC06093,522,60,2891.08,32,28,73971.02,65384.21,20,13,2,4,0.073,0,1,0,0,0.0851,0
ACC06094,962,66,4873.65,25,41,126379.16,218861.21,15,22,4,3,0.0483,3,0,0,0,0.4036,0
ACC06095,169,333,18229.55,224,109,3717217.64,1984029.53,184,98,14,135,0.415,19,5,4,6,0.783,1
ACC06096,1392,17,1829.69,6,11,12313.88,22045.1,6,2,1,4,0.0252,1,0,2,0,0.0781,0
ACC06097,3629,40,2724.5,21,19,76990.2,49410.31,18,16,2,5,0.0247,3,1,4,0,0.5948,0
ACC06098,2260,52,2440.22,29,23,72850.09,64397.82,2,15,3,3,0.013,1,1,1,1,0.1339,0
ACC06099,1326,45,2157.11,17,28,37664.55,58831.1,9,16,3,0,0.0209,3,3,1,1,0.359,0
ACC06100,346,126,2308.78,78,48,242896.73,129333.73,30,15,3,0,0.0125,2,0,2,1,0.303,0
ACC06101,205,117,9722.61,71,46,758424.8,474939.45,49,37,10,52,0.5493,27,1,3,4,0.9049,1
ACC06102,1154,37,1443.13,13,24,17912.98,36350.16,10,18,3,3,0.0389,1,1,1,1,0.3762,0
ACC06103,1805,28,2225.35,11,17,23320.42,47925.76,2,12,3,3,0.0619,1,0,1,0,0.1135,0
ACC06104,1143,34,5122.76,17,17,114716.15,76938.94,8,6,2,1,0.0099,2,1,2,0,0.3166,0
ACC06105,995,93,998.59,36,57,43330.48,41135.59,18,27,1,3,0.0633,1,1,2,1,0.1021,0
ACC06106,1064,31,751.14,11,20,10440.92,12912.39,5,20,1,2,0.035,1,0,2,0,0.2686,0
ACC06107,863,62,1646.6,38,24,61359.93,28988.85,20,15,2,1,0.1236,1,1,1,0,0.2056,0
ACC06108,47,441,12653.65,270,171,3188884.96,2612684.99,251,152,21,162,0.2638,28,3,6,4,0.9407,1
ACC06109,80,303,11873.39,186,117,2659540.43,1523641.2,156,104,16,107,0.6771,25,8,5,1,0.9234,1
ACC06110,234,40,1596.94,14,26,19284.88,31604.95,9,16,3,1,0.0399,1,0,1,1,0.3373,0
ACC06111,365,74,1693.37,31,43,43290.99,91476.62,8,33,0,2,0.1013,1,0,1,1,0.3861,0
ACC06112,239,394,17847.79,208,186,3849081.46,3660722.99,157,166,18,141,0.7406,20,7,4,6,0.45,1
ACC06113,1058,79,1500.64,50,29,58553.33,32117.35,21,19,5,0,0.0181,1,1,1,1,0.2279,0
ACC06114,1065,33,1169.22,18,15,24802.37,17896.15,3,7,2,2,0.0236,1,0,2,0,0.3684,0
ACC06115,1763,57,1221.44,22,35,29938.3,51370.77,2,23,0,0,0.0512,2,0,0,0,0.1153,0
ACC06116,473,21,726.37,10,11,7877.2,9204.13,2,9,1,2,0.0274,1,0,0,0,0.1743,0
ACC06117,901,40,1953.01,18,22,28250.48,53990.28,6,10,7,2,0.0722,2,0,1,1,0.1519,0
ACC06118,1365,37,2183.03,21,16,61704.92,27952.05,14,2,5,0,0.0205,1,0,3,1,0.2078,0
ACC06119,65,256,22045.25,178,78,3902923.89,1516497.14,159,78,14,95,0.4713,17,4,9,7,0.7852,1
ACC06120,107,272,27622.8,166,106,4717105.89,3237409.39,144,100,12,102,0.1964,32,5,3,3,0.8798,1
ACC06121,915,80,8271.08,32,48,345411.66,431113.37,15,25,1,1,0.0144,2,0,0,1,0.2256,0
ACC06122,513,300,751.83,109,191,62135.04,163811.39,41,115,1,3,0.062,1,0,3,0,0.2628,0
ACC06123,210,104,22937.24,69,35,1736982.18,848836.41,51,27,17,48,0.6572,25,9,4,7,0.8772,1
ACC06124,445,19,1614.32,12,7,19186.7,8543.1,2,7,1,1,0.0462,2,0,2,0,0.264,0
ACC06125,1067,34,3976.66,20,14,106846.0,40121.07,10,7,1,0,0.0704,2,0,0,1,0.3488,0
ACC06126,1329,63,3133.05,37,26,126842.81,84127.96,18,23,1,3,0.0331,3,1,2,0,0.2889,0
ACC06127,2095,90,5233.16,48,42,243099.54,218169.53,17,25,3,0,0.0342,0,1,1,1,0.0891,0
ACC06128,1144,21,1510.54,13,8,26126.95,14781.12,2,8,1,0,0.009,0,2,0,2,0.1038,0
ACC06129,173,182,9726.23,133,49,1397289.52,480336.48,102,33,12,65,0.441,19,2,5,2,0.9012,1
ACC06130,24,381,4302.43,296,85,1431102.95,408695.12,267,73,10,132,0.2996,33,4,8,7,0.9291,1
ACC06131,2928,41,6605.84,22,19,181155.33,103611.52,2,7,4,3,0.0617,2,0,2,1,0.383,0
ACC06132,614,35,11070.48,21,14,249101.06,164185.23,20,7,2,4,0.0645,3,1,1,0,0.4577,0
ACC06133,68,606,26513.28,476,130,15742899.86,3843748.97,406,118,11,240,0.5303,29,10,6,6,0.7272,1
ACC06134,40,213,12299.27,160,53,2074882.45,800805.59,152,36,12,81,0.3753,23,7,6,6,0.8891,1
ACC06135,32,186,12379.9,147,39,1737381.03,543655.01,111,39,13,82,0.2474,21,8,7,1,0.8279,1
ACC06136,2310,62,1041.7,35,27,30884.52,21145.13,18,16,4,3,0.0424,0,2,2,1,0.4065,0
ACC06137,770,95,7477.74,49,46,362894.14,282699.8,16,24,0,2,0.0029,1,0,1,1,0.4375,0
ACC06138,314,28,1891.19,14,14,19957.0,26712.36,6,13,2,2,0.048,0,0,1,1,0.128,0
ACC06139,1050,68,3032.05,23,45,93123.76,146862.38,11,22,1,2,0.0706,3,0,1,0,0.1541,0
ACC06140,4647,79,5788.39,29,50,212790.67,239124.52,19,20,1,0,0.1327,2,0,0,1,0.1552,0
ACC06141,1010,230,4179.8,93,137,449315.11,409039.89,42,87,2,0,0.0232,3,0,1,0,0.201,0
ACC06142,215,56,2620.47,33,23,85501.65,69130.39,14,12,1,1,0.0612,1,0,1,1,0.1389,0
ACC06143,422,91,2897.33,57,34,140072.18,127997.75,25,19,5,2,0.0221,4,0,0,1,0.415,0
ACC06144,698,39,9895.41,25,14,231497.11,135822.98,5,9,1,1,0.0163,1,0,0,0,0.1706,0
ACC06145,163,212,8652.96,133,79,1242439.79,777673.12,125,75,8,79,0.2725,19,7,1,3,0.9652,1
ACC06146,1415,96,1552.68,42,54,74545.28,107895.94,14,32,3,1,0.0427,3,0,3,0,0.3533,0
ACC06147,43,250,7815.46,144,106,1291320.96,1024675.99,116,106,11,111,0.5148,25,7,5,6,0.9322,1
ACC06148,1473,45,8440.29,26,19,220353.92,126877.02,8,3,1,1,0.0122,1,1,0,2,0.3265,0
ACC06149,1921,64,2486.86,23,41,71042.31,128003.43,17,27,1,3,0.0533,0,0,0,0,0.1521,0
ACC06150,965,26,1081.22,16,10,15683.63,8207.52,14,2,1,3,0.0843,2,0,0,0,0.2902,0
ACC06151,749,20,2560.64,9,11,20978.52,33372.01,5,8,1,3,0.0262,0,0,1,0,0.4569,0
ACC06152,903,28,1778.61,12,16,23349.31,29496.65,6,10,1,4,0.0075,0,1,2,0,0.1979,0
ACC06153,110,239,13566.6,158,81,1878148.29,1285136.1,123,81,11,116,0.2887,21,9,6,3,0.7543,1
ACC06154,157,247,12647.36,173,74,2529736.22,1054766.5,161,74,21,133,0.0246,31,7,2,4,0.7947,1
ACC06155,38,339,20735.62,191,148,4847336.74,3800686.57,171,124,13,117,0.521,26,4,8,5,0.6749,1
ACC06156,174,257,16250.52,180,77,3252962.73,1551753.69,127,74,17,104,0.2505,28,3,6,6,0.7985,1
ACC06157,555,49,6323.1,29,20,212359.5,149041.38,15,4,3,1,0.0701,4,0,2,2,0.3461,0
ACC06158,755,33,5934.37,13,20,71264.41,113908.83,3,7,2,2,0.0706,1,0,3,1,0.3386,0
ACC06159,818,26,892.46,12,14,11292.45,14775.34,2,12,3,1,0.0568,0,2,1,4,0.4148,0
ACC06160,1083,79,2378.87,40,39,81203.94,119356.97,18,20,2,2,0.0309,1,1,1,1,0.2475,0
ACC06161,411,20,5397.0,9,11,57496.18,75216.99,2,6,1,3,0.0378,1,0,2,0,0.5062,0
ACC06162,149,436,10736.33,296,140,3668794.29,1384254.9,227,101,12,152,0.6183,30,14,6,4,0.9769,1
ACC06163,1214,84,4623.15,31,53,163577.43,287337.76,17,28,0,2,0.0601,0,2,1,0,0.4959,0
ACC06164,1093,22,8683.36,13,9,144655.89,79135.75,3,2,2,3,0.0555,1,1,3,0,0.4624,0
ACC06165,949,611,11563.13,422,189,5647412.2,2004569.13,356,164,18,232,0.3109,28,6,3,1,0.8601,1
ACC06166,626,113,2241.56,52,61,153440.31,152047.0,20,26,1,4,0.0402,3,2,1,1,0.1593,0
ACC06167,1055,50,1396.16,25,25,35573.48,36576.85,19,15,1,0,0.0286,0,1,1,0,0.429,0
ACC06168,687,39,1071.81,15,24,15398.99,20468.0,2,14,1,0,0.1348,1,0,0,1,0.3801,0
ACC06169,787,29,2207.43,12,17,23486.63,31715.61,2,12,3,2,0.0797,1,1,1,1,0.2824,0
ACC06170,264,433,5764.69,322,111,2137505.11,627240.19,284,87,13,137,0.3156,22,8,5,4,0.5603,1
ACC06171,615,45,1919.83,19,26,48331.17,54863.72,2,16,2,1,0.1489,2,1,1,0,0.3362,0
ACC06172,570,138,888.85,79,59,66480.91,62841.7,32,28,2,2,0.0268,2,0,1,0,0.1707,0
ACC06173,1718,58,1835.63,30,28,65168.86,57318.78,26,18,4,1,0.0802,2,2,0,0,0.2135,0
ACC06174,1369,19,1885.41,8,11,11841.27,18765.55,2,2,1,1,0.0107,1,0,1,0,0.1049,0
ACC06175,338,76,2279.99,35,41,90347.16,76818.41,24,18,0,3,0.0651,2,0,1,0,0.1905,0
ACC06176,2201,25,3161.84,14,11,59048.84,38365.69,4,3,1,2,0.0311,4,2,0,0,0.1513,0
ACC06177,1334,60,2029.8,24,36,52157.39,60164.01,9,15,3,2,0.0767,3,1,0,1,0.5323,0
ACC06178,1590,51,965.11,28,23,22792.33,25190.49,16,13,3,5,0.0363,1,0,0,0,0.3497,0
ACC06179,197,191,11158.06,97,94,1209520.98,957082.35,85,80,17,75,0.5738,25,6,4,3,0.7153,1
ACC06180,17,252,20978.99,174,78,3198956.62,1998970.63,126,78,10,105,0.3326,32,8,4,2,0.9566,1
ACC06181,164,678,12199.92,377,301,5464133.42,4187471.37,318,278,7,238,0.6186,26,6,7,1,0.9247,1
ACC06182,397,775,44666.3,608,167,25292053.16,6934691.68,515,167,19,285,0.5828,25,11,4,2,0.9943,1
ACC06183,48,326,5669.96,182,144,1052684.33,721273.58,168,109,11,121,0.425,27,4,4,4,0.5414,1
ACC06184,1396,44,3225.51,27,17,83067.83,61260.18,15,6,2,2,0.0211,0,0,1,4,0.1385,0
ACC06185,106,255,10464.3,148,107,1895186.29,1149559.65,126,91,10,97,0.1777,23,8,5,5,0.8754,1
ACC06186,165,430,29790.93,334,96,10485740.89,2868920.66,297,90,10,158,0.5206,21,5,5,9,0.9768,1
ACC06187,1504,23,4273.59,9,14,35604.67,65470.61,6,2,2,1,0.1137,1,0,1,1,0.1224,0
ACC06188,183,263,14730.21,160,103,2334028.47,1628309.51,134,98,15,97,0.3044,26,4,3,2,0.921,1
ACC06189,892,65,2014.66,37,28,86596.87,58510.83,14,15,1,1,0.1046,3,2,1,0,0.6595,0
ACC06190,1182,103,1313.18,40,63,54356.94,84828.86,10,40,0,1,0.027,2,1,0,0,0.1947,0
ACC06191,367,176,22741.69,114,62,2497055.76,1690363.89,114,60,12,71,0.3776,27,2,8,3,0.8481,1
ACC06192,294,38,3082.84,16,22,63372.75,74408.75,11,8,4,0,0.0975,1,0,3,0,0.1717,0
ACC06193,637,21,2970.14,8,13,24217.68,45000.43,2,2,4,2,0.0437,1,0,0,1,0.0542,0
ACC06194,2336,71,3675.35,36,35,174148.41,145813.26,8,16,3,2,0.0898,1,0,1,0,0.3361,0
ACC06195,689,47,6107.87,23,24,149150.22,108333.39,9,14,2,1,0.0238,2,0,0,0,0.1235,0
ACC06196,191,361,5313.9,279,82,1850315.31,390567.34,232,72,14,140,0.5865,20,7,5,5,0.9549,1
ACC06197,1002,68,6625.92,24,44,131211.92,241676.87,12,30,2,0,0.0564,0,1,0,1,0.11,0
ACC06198,1432,36,4694.32,20,16,88788.7,57611.22,8,13,0,3,0.007,0,1,4,0,0.1363,0
ACC06199,1478,25,902.21,15,10,13008.37,8189.58,10,10,1,3,0.0943,0,0,0,1,0.2036,0
ACC06200,30,228,14946.04,164,64,2635634.66,1133896.62,120,62,19,106,0.3677,27,5,7,2,0.7118,1
ACC06201,2827,35,1966.89,16,19,37041.52,47349.2,4,8,2,4,0.0345,1,0,1,1,0.3656,0
ACC06202,518,14,2518.41,8,6,17726.01,10710.39,2,6,2,2,0.0196,0,1,2,1,0.2198,0
ACC06203,489,260,11793.96,138,122,1468466.58,1740549.3,110,122,21,93,0.3838,17,5,4,7,0.733,1
ACC06204,71,432,17472.91,342,90,5493982.22,1677451.83,266,80,21,167,0.3777,18,5,4,1,0.6447,1
ACC06205,180,14,4603.56,6,8,21250.92,47120.68,6,4,2,1,0.0541,3,0,0,1,0.2735,0
ACC06206,269,425,4697.22,248,177,1059218.85,855102.28,194,158,14,168,0.2578,25,7,7,4,0.829,1
ACC06207,118,303,8764.74,216,87,2334488.14,735763.66,199,68,17,114,0.6011,27,9,6,7,0.7926,1
ACC06208,1496,12,2032.47,4,8,7758.37,15786.92,4,2,2,1,0.0445,3,0,0,0,0.1774,0
ACC06209,1013,40,1335.19,23,17,29997.59,23680.05,4,6,4,3,0.0816,3,0,0,3,0.2852,0
ACC06210,1222,52,7215.29,25,27,215054.68,205939.53,3,14,4,2,0.0772,0,1,1,0,0.3395,0
ACC06211,423,24,3957.48,9,15,34546.44,75033.85,5,10,1,1,0.0304,4,0,3,2,0.3251,0
ACC06212,487,70,2001.0,28,42,67106.5,59563.88,20,26,0,2,0.0513,4,2,2,1,0.3341,0
ACC06213,724,62,2990.12,27,35,75319.17,100242.3,19,24,2,1,0.0368,0,1,2,0,0.1416,0
ACC06214,709,35,3878.2,21,14,86121.08,38522.57,6,3,0,2,0.0372,1,0,0,2,0.3625,0
ACC06215,1406,16,834.84,9,7,8501.96,5700.19,9,2,1,4,0.0411,3,1,1,0,0.2814,0
ACC06216,1089,8,1365.21,2,6,2234.59,7459.75,2,2,1,2,0.1274,2,0,1,1,0.2612,0
ACC06217,640,27,1653.35,11,16,19337.32,34219.42,8,12,4,4,0.0264,2,1,4,1,0.2175,0
ACC06218,2350,121,2010.06,49,72,132389.38,110020.33,16,38,1,0,0.0202,2,0,0,0,0.1637,0
ACC06219,252,304,13741.69,191,113,2301263.11,1860084.38,185,88,16,121,0.5064,29,6,2,5,0.9615,1
ACC06220,713,29,1303.01,10,19,12815.1,25085.1,7,5,2,2,0.1384,1,1,1,2,0.3473,0
ACC06221,196,37,4433.37,22,15,104819.81,69846.14,13,6,3,2,0.049,0,0,2,0,0.0996,0
ACC06222,704,117,4447.44,67,50,354512.58,178181.41,16,34,7,2,0.1268,2,0,1,1,0.348,0
ACC06223,144,279,4695.85,196,83,948757.17,401189.85,196,73,17,119,0.5813,23,7,10,1,0.8267,1
ACC06224,1055,31,3113.2,19,12,68482.57,32643.06,19,10,1,1,0.0808,2,0,3,1,0.2023,0
ACC06225,875,45,1443.63,17,28,18422.17,29401.97,2,15,3,2,0.0814,1,0,1,0,0.257,0
ACC06226,388,38,1139.57,13,25,13747.94,36628.84,2,8,1,2,0.0639,3,0,0,2,0.2299,0
ACC06227,1490,54,780.57,23,31,19003.02,27529.97,18,13,3,4,0.0649,1,1,0,2,0.6223,0
ACC06228,104,677,3821.7,518,159,2217844.08,626393.18,467,137,9,255,0.5176,24,5,11,2,0.9411,1
ACC06229,786,51,1226.22,18,33,28348.8,38450.16,7,25,2,2,0.016,0,0,2,0,0.2293,0
ACC06230,1412,22,1895.69,12,10,26372.34,19734.21,2,4,4,2,0.0392,1,1,0,0,0.0452,0
ACC06231,168,278,12322.39,142,136,2108137.71,1891411.54,114,123,14,116,0.2183,21,5,2,7,0.7239,1
ACC06232,590,128,2270.45,82,46,200508.07,94500.54,42,20,1,1,0.0276,1,0,0,0,0.3587,0
ACC06233,150,236,11850.29,121,115,1405413.96,1489722.46,90,115,9,85,0.236,29,7,6,5,0.839,1
ACC06234,92,391,7529.75,211,180,1532726.81,1559185.3,184,158,24,153,0.0254,22,8,7,7,0.8351,1
ACC06235,322,36,3091.88,13,23,43327.16,90055.83,7,13,2,2,0.0576,2,1,1,0,0.2436,0
ACC06236,164,152,9637.94,113,39,1048050.24,385814.55,112,39,11,57,0.2101,24,3,4,3,0.8209,1
ACC06237,1269,64,1928.76,40,24,91865.38,36411.34,16,17,0,0,0.101,1,0,2,0,0.3277,0
ACC06238,1029,23,983.55,8,15,7272.86,13863.84,8,6,2,2,0.0424,2,0,3,0,0.1722,0
ACC06239,361,20,2618.57,9,11,21368.47,28681.43,6,4,3,1,0.0637,1,1,1,0,0.1495,0
ACC06240,618,300,3240.82,196,104,663298.46,396805.39,174,97,13,117,0.4521,21,10,8,4,0.845,1
ACC06241,2027,66,3682.64,29,37,107697.34,145483.91,13,21,2,2,0.0951,1,0,1,2,0.4332,0
ACC06242,742,55,4273.67,22,33,118345.01,152441.58,11,13,1,5,0.1057,4,1,0,0,0.0583,0
ACC06243,2391,96,2711.95,54,42,137427.23,88499.15,14,22,1,2,0.0176,2,1,1,1,0.4248,0
ACC06244,166,296,15605.38,210,86,3569123.03,1514381.77,190,82,17,120,0.7064,23,12,3,7,0.8602,1
ACC06245,72,370,27467.36,193,177,6014470.29,5081327.9,167,168,16,144,0.3184,22,9,5,2,0.556,1
ACC06246,2221,51,2398.48,22,29,42645.66,69459.47,5,14,3,1,0.0718,3,1,2,1,0.2119,0
ACC06247,1086,26,1264.83,12,14,17885.32,18077.31,4,4,2,2,0.0647,1,1,1,0,0.2053,0
ACC06248,21,402,25627.92,286,116,8890893.04,2895550.71,204,107,11,148,0.3594,23,5,8,4,0.5815,1
ACC06249,1776,21,2431.62,11,10,28045.27,28351.64,9,3,2,3,0.0523,3,0,1,1,0.3739,0
ACC06250,119,229,16146.19,150,79,2131979.44,1551778.3,137,67,14,83,0.4947,21,4,2,2,0.8964,1
ACC06251,167,177,9079.69,120,57,1211015.7,465136.4,104,57,16,56,0.6032,30,2,7,6,0.9508,1
ACC06252,242,148,13909.3,80,68,1292784.19,890597.9,80,51,6,63,0.4274,26,8,12,3,0.8146,1
ACC06253,907,112,11608.99,66,46,754305.35,572917.1,25,26,2,2,0.0354,2,1,2,0,0.0803,0
ACC06254,50,168,9776.97,87,81,725518.34,711174.01,72,81,13,61,0.4936,28,8,3,5,0.9552,1
ACC06255,341,89,5100.05,58,31,297596.69,164854.75,58,31,11,28,0.4047,22,3,4,3,0.7569,1
ACC06256,958,22,5274.48,10,12,42864.13,71791.77,2,12,1,2,0.0458,1,1,1,0,0.1523,0
ACC06257,120,307,12465.82,189,118,2441369.56,1664101.84,172,89,10,99,0.2468,21,6,5,1,0.758,1
ACC06258,748,46,3650.69,22,24,102941.29,109002.16,9,18,4,2,0.0779,2,1,1,2,0.3786,0
ACC06259,1352,160,2946.87,80,80,236954.76,233539.83,37,36,0,3,0.1064,2,0,2,1,0.2518,0
ACC06260,607,73,1916.97,37,36,72983.27,61045.0,20,19,0,1,0.0566,0,0,1,0,0.2024,0
ACC06261,1526,18,1501.69,7,11,14064.09,15231.56,7,4,1,0,0.0259,1,1,1,1,0.1352,0
ACC06262,840,44,1051.08,22,22,24791.88,24686.53,7,9,2,2,0.0746,1,0,4,2,0.1218,0
ACC06263,1519,28,3006.27,15,13,39037.29,30976.05,9,2,2,2,0.0628,1,0,3,0,0.3248,0
ACC06264,679,36,2099.65,19,17,49753.33,32043.89,7,14,3,1,0.0104,2,2,2,0,0.0919,0
ACC06265,43,252,19720.87,164,88,3629031.62,1717953.61,111,88,12,133,0.1682,24,3,5,1,0.8017,1
ACC06266,569,73,2703.54,27,46,55556.88,102182.78,13,18,4,3,0.1005,3,0,1,1,0.3352,0
ACC06267,99,220,7949.19,140,80,1154004.31,708837.7,110,49,11,82,0.4194,25,6,7,6,0.9195,1
ACC06268,725,134,29863.38,82,52,2163742.31,1376892.14,82,52,16,49,0.4923,18,4,6,6,0.8294,1
ACC06269,1582,32,3190.3,19,13,70169.32,35719.43,10,2,1,1,0.0222,4,1,1,1,0.3331,0
ACC06270,577,32,5440.25,12,20,62544.9,109833.23,6,6,4,2,0.0322,1,1,1,1,0.422,0
ACC06271,1659,51,3384.59,22,29,60078.6,90298.29,6,13,1,4,0.0675,4,0,2,0,0.1258,0
ACC06272,200,653,5079.36,400,253,2000546.18,1522548.76,351,235,15,243,0.4046,17,7,6,2,0.8622,1
ACC06273,2014,36,3348.13,15,21,60738.06,80137.34,8,15,1,2,0.0829,0,0,1,1,0.2415,0
ACC06274,1379,21,1345.56,13,8,15839.48,13211.99,4,7,1,4,0.129,0,1,2,1,0.096,0
ACC06275,818,40,9941.16,14,26,159937.89,200312.28,2,13,2,3,0.0213,0,2,1,0,0.255,0
ACC06276,281,125,19476.86,75,50,1366756.18,1008781.65,66,50,17,55,0.3958,18,6,3,2,0.9449,1
ACC06277,1003,25,1011.1,15,10,12981.77,9647.86,8,4,0,2,0.0844,1,0,1,0,0.3283,0
ACC06278,842,59,1373.25,26,33,28898.96,53282.01,11,18,4,1,0.03,0,0,1,3,0.0531,0
ACC06279,107,162,6047.43,125,37,922297.21,261762.19,107,37,12,71,0.266,27,6,6,4,0.7492,1
ACC06280,653,296,6390.11,221,75,1748288.5,591848.28,201,62,16,111,0.3501,17,9,5,2,0.8694,1
ACC06281,1783,38,1915.88,22,16,39099.15,21826.22,14,4,3,2,0.093,0,1,0,0,0.1951,0
ACC06282,834,96,3145.78,36,60,114175.76,192509.78,16,34,2,5,0.0715,2,2,1,0,0.4416,0
ACC06283,3592,20,1018.86,10,10,9787.08,11785.65,10,7,2,0,0.0406,3,1,1,0,0.3765,0
ACC06284,1089,52,2683.31,20,32,54490.67,102875.07,6,17,2,2,0.028,1,0,1,0,0.1791,0
ACC06285,249,128,8115.66,86,42,639690.32,365349.5,72,42,12,54,0.377,32,9,7,1,0.8134,1
ACC06286,164,386,8367.41,199,187,1489823.75,1767999.1,172,149,14,147,0.4708,24,11,2,3,0.7851,1
ACC06287,117,101,8145.61,66,35,572672.12,311212.41,57,32,15,31,0.328,26,7,4,2,0.9091,1
ACC06288,151,460,10856.04,312,148,4133466.58,1939230.59,276,102,14,180,0.4455,27,6,4,3,0.766,1
ACC06289,3480,36,3505.0,18,18,69649.95,79620.35,15,10,1,1,0.073,2,0,1,0,0.2137,0
ACC06290,693,35,3405.02,18,17,75398.44,72269.92,15,17,3,3,0.1962,1,0,2,0,0.2542,0
ACC06291,320,133,13352.25,84,49,1015714.93,724336.32,68,43,17,61,0.4965,26,5,6,4,0.6566,1
ACC06292,1003,48,3484.47,21,27,66542.42,71885.95,12,13,1,2,0.0373,1,1,2,1,0.5275,0
ACC06293,1689,38,4061.39,24,14,131127.73,71535.09,6,11,2,3,0.0684,4,0,1,1,0.1842,0
ACC06294,1603,35,1273.9,21,14,35760.05,14815.54,9,11,2,5,0.0491,4,1,1,1,0.1565,0
ACC06295,193,370,18974.43,213,157,3677900.75,3717505.48,180,148,5,151,0.4646,22,6,9,5,0.6856,1
ACC06296,34,278,19404.38,155,123,2756322.33,2113940.18,110,104,19,106,0.2204,28,7,3,2,0.8922,1
ACC06297,143,401,22964.43,205,196,5313828.92,5455945.13,155,170,15,152,0.4554,27,7,8,4,0.8973,1
ACC06298,702,91,1368.61,44,47,59255.82,61739.83,24,28,1,1,0.0617,4,1,1,0,0.299,0
ACC06299,1466,27,5220.37,17,10,67876.4,50970.71,9,2,2,2,0.0178,1,0,1,0,0.047,0
ACC06300,1124,25,2477.11,14,11,33519.97,24991.29,8,7,1,3,0.066,1,0,3,1,0.1364,0
ACC06301,3333,82,3281.44,41,41,148987.87,140602.16,20,19,1,0,0.0396,1,2,0,0,0.2301,0
ACC06302,1220,15,1602.3,9,6,15725.31,12130.35,3,6,3,3,0.0512,0,1,1,0,0.0715,0
ACC06303,797,28,875.38,18,10,17516.06,7965.86,18,2,1,2,0.0634,2,0,1,1,0.1754,0
ACC06304,123,226,32745.62,132,94,4414455.5,2760611.17,109,94,14,75,0.4246,26,5,2,4,0.7467,1
ACC06305,453,59,1155.54,31,28,37778.58,36344.98,12,16,4,4,0.0145,0,0,3,1,0.2883,0
ACC06306,1248,29,5132.24,12,17,59376.71,91334.82,2,11,0,1,0.115,0,0,0,2,0.1449,0
ACC06307,135,168,34171.79,119,49,4424053.47,1984984.44,105,39,9,66,0.2552,27,3,4,2,0.8193,1
ACC06308,972,42,1589.2,21,21,29368.95,37481.9,10,7,1,4,0.0837,3,0,1,1,0.536,0
ACC06309,256,49,14778.47,24,25,340023.89,341325.34,22,25,17,33,0.6154,26,4,6,4,0.8065,1
ACC06310,242,380,16777.53,282,98,5407159.79,1500379.9,251,95,16,161,0.1883,21,7,9,6,0.8776,1
ACC06311,1403,32,1591.95,19,13,25241.56,14749.94,5,8,2,2,0.0397,3,0,0,1,0.2045,0
ACC06312,117,131,10559.48,99,32,996853.01,372136.09,87,22,15,42,0.4743,28,6,7,9,0.8029,1
ACC06313,962,22,701.71,9,13,5498.82,11830.85,7,2,2,2,0.0207,1,1,4,0,0.2817,0
ACC06314,545,22,3074.72,9,13,27601.81,43549.15,2,2,2,4,0.0781,3,1,1,1,0.4366,0
ACC06315,1010,77,3961.87,28,49,136266.13,144673.2,6,31,4,1,0.0958,3,0,2,0,0.6305,0
ACC06316,394,53,2759.17,19,34,61859.8,111050.96,6,29,4,2,0.0434,1,1,1,1,0.1438,0
ACC06317,1508,36,2022.93,17,19,38976.74,48158.47,3,15,0,0,0.0504,0,0,2,0,0.1968,0
ACC06318,690,28,1160.99,17,11,16237.18,12465.34,2,2,3,4,0.0807,1,2,1,1,0.347,0
ACC06319,1025,14,2777.44,8,6,17368.93,15046.24,2,6,1,2,0.0356,0,1,2,0,0.1429,0
ACC06320,1914,26,2014.36,10,16,25490.35,26476.07,2,9,0,1,0.0156,1,0,2,1,0.3716,0
ACC06321,33,195,60570.95,142,53,9502200.03,3403115.06,108,34,4,78,0.485,20,8,3,3,0.9229,1
ACC06322,2562,53,5689.24,20,33,117922.49,142892.74,14,15,0,4,0.0273,3,0,1,0,0.2077,0
ACC06323,240,188,20840.34,138,50,3067901.9,904337.63,121,50,15,54,0.4705,32,4,4,3,0.7886,1
ACC06324,877,89,1568.75,37,52,62293.61,82358.5,23,25,4,1,0.0298,2,1,1,0,0.2916,0
ACC06325,1298,83,1937.22,44,39,80546.44,69528.43,13,17,6,5,0.0332,0,0,1,0,0.2071,0
ACC06326,436,68,6453.27,41,27,200766.44,130510.84,25,9,1,2,0.031,2,0,0,0,0.1726,0
ACC06327,445,146,13089.01,76,70,1036902.77,1116854.24,44,45,11,52,0.4382,30,4,3,8,0.893,1
ACC06328,163,144,23828.48,86,58,2060240.81,1185090.3,77,58,16,72,0.3878,20,4,6,2,0.8775,1
ACC06329,286,259,22414.85,169,90,4108373.03,1927776.36,133,85,19,118,0.2949,27,1,8,2,0.843,1
ACC06330,1011,60,2197.71,35,25,95257.8,50686.38,19,25,0,3,0.0814,0,0,1,2,0.5171,0
ACC06331,1199,58,3578.91,24,34,85866.96,107797.36,7,22,3,2,0.2059,3,0,3,1,0.4503,0
ACC06332,933,55,7162.37,25,30,144118.58,264233.26,11,15,0,1,0.0139,2,0,2,0,0.3012,0
ACC06333,356,65,2888.48,39,26,123618.86,75869.16,13,14,2,3,0.0422,2,0,2,0,0.1153,0
ACC06334,3044,24,1466.68,12,12,20057.19,18022.94,3,9,3,4,0.0561,0,1,1,0,0.3154,0
ACC06335,265,137,12759.79,84,53,1149438.6,827053.36,80,42,17,47,0.4075,23,10,1,1,0.947,1
ACC06336,126,383,12012.23,278,105,3170443.81,1317318.97,239,82,16,165,0.3177,33,6,5,2,0.902,1
ACC06337,4221,73,2080.18,26,47,70760.44,110422.47,12,23,0,5,0.0333,2,0,1,3,0.6228,0
ACC06338,80,73,10379.88,46,27,517610.15,342491.75,32,26,18,35,0.301,19,4,4,4,0.8975,1
ACC06339,4056,17,2690.23,7,10,18215.65,30333.06,2,10,2,1,0.13,3,1,1,1,0.1641,0
ACC06340,43,144,16891.62,98,46,1780194.99,823931.91,95,46,14,60,0.3669,28,6,6,3,0.943,1
ACC06341,1198,48,2786.82,27,21,91285.3,64903.74,8,2,2,3,0.1426,2,0,1,3,0.2602,0
ACC06342,1204,40,18016.87,15,25,248644.77,508830.4,9,19,3,1,0.0461,2,2,2,0,0.2625,0
ACC06343,99,271,33107.66,165,106,4860014.96,4275963.06,113,106,14,106,0.5468,21,6,5,6,0.45,1
ACC06344,1633,75,1111.43,34,41,32270.18,44821.87,10,23,2,3,0.0251,1,0,3,5,0.2074,0
ACC06345,1874,42,1981.61,16,26,42074.39,40228.72,14,15,2,5,0.0407,1,1,2,0,0.2131,0
ACC06346,1013,28,2773.36,13,15,42638.78,45148.16,2,2,3,4,0.0727,3,0,1,1,0.3226,0
ACC06347,2086,27,1226.62,14,13,14072.15,16523.11,5,4,2,2,0.0154,0,0,2,3,0.3935,0
ACC06348,594,56,1157.85,24,32,32655.55,32580.55,11,25,2,4,0.0844,2,1,1,0,0.1495,0
ACC06349,1436,42,4459.42,18,24,82553.96,113182.22,12,15,3,2,0.0342,1,1,1,1,0.131,0
ACC06350,318,287,13996.04,144,143,2025002.05,1756793.52,136,139,12,106,0.5314,25,4,7,5,0.9075,1
ACC06351,260,46,2884.22,22,24,67544.26,60211.22,14,9,3,1,0.0448,0,0,2,0,0.2708,0
ACC06352,2338,47,2080.58,27,20,42476.86,52693.94,15,6,2,1,0.0032,1,0,2,0,0.3412,0
ACC06353,53,329,8491.79,192,137,1495581.22,1343231.37,157,108,14,118,0.2696,27,11,1,2,0.8296,1
ACC06354,1019,42,1946.4,25,17,46951.16,34289.17,13,5,3,2,0.0592,1,1,1,2,0.1776,0
ACC06355,45,297,16336.08,194,103,3627430.55,1549076.76,182,82,8,114,0.3443,23,3,5,2,0.6667,1
ACC06356,111,56,23425.44,33,23,885259.23,663827.04,27,23,12,14,0.4904,21,8,6,5,0.9007,1
ACC06357,2148,26,5814.12,9,17,62530.85,103538.22,6,5,6,1,0.0388,2,1,0,0,0.2708,0
ACC06358,259,227,15100.35,151,76,2757367.38,1051957.99,131,76,13,96,0.4193,13,6,4,5,0.7416,1
ACC06359,514,29,5250.65,17,12,86258.33,74278.41,2,4,3,0,0.0494,2,0,0,1,0.3639,0
ACC06360,459,19,878.9,8,11,8562.74,12380.68,2,2,3,3,0.0064,2,1,0,0,0.3565,0
ACC06361,1065,31,2233.61,14,17,23470.58,40741.1,2,15,3,5,0.1161,1,0,2,1,0.1522,0
ACC06362,119,396,3409.53,228,168,801628.32,490983.3,181,153,15,148,0.388,20,7,5,8,0.9747,1
ACC06363,2378,62,2153.83,34,28,88071.96,52466.22,22,20,5,0,0.0871,3,0,0,0,0.4763,0
ACC06364,478,29,3141.07,17,12,43429.53,36273.65,5,9,3,1,0.0168,3,0,1,1,0.3042,0
ACC06365,565,297,11244.6,204,93,2059109.35,1222905.43,188,88,24,97,0.5043,21,6,4,1,0.9873,1
ACC06366,962,30,2180.97,12,18,20913.35,42295.22,2,12,2,2,0.0589,2,0,2,0,0.1053,0
ACC06367,42,133,16081.51,70,63,1123383.85,1078188.72,70,63,13,58,0.1809,24,6,6,4,0.8839,1
ACC06368,537,58,1183.36,23,35,25092.07,30721.82,12,22,1,1,0.0032,1,0,3,0,0.1398,0
ACC06369,1270,65,2486.39,37,28,74576.16,81969.48,17,16,1,1,0.012,4,1,1,0,0.1563,0
ACC06370,256,364,19606.98,288,76,5696087.7,1270297.73,242,76,15,139,0.3827,26,3,5,5,0.5909,1
ACC06371,621,254,15329.3,164,90,2496705.1,1706148.53,150,90,20,97,0.1852,29,7,3,4,0.9599,1
ACC06372,1586,94,1840.39,49,45,118489.76,101661.54,20,26,2,3,0.0778,2,0,0,0,0.4116,0
ACC06373,645,31,1088.52,19,12,26839.99,10495.41,6,4,2,2,0.0234,3,1,2,0,0.2726,0
ACC06374,760,43,4687.76,22,21,97049.47,72574.09,4,5,1,1,0.0991,0,1,0,2,0.2164,0
ACC06375,550,69,404.38,40,29,12763.86,14855.8,11,9,3,0,0.0237,1,0,0,0,0.1497,0
ACC06376,2155,84,5164.3,47,37,286708.72,192661.75,24,17,0,2,0.0298,2,1,1,0,0.1143,0
ACC06377,160,165,6888.57,117,48,797592.18,308661.17,114,48,18,66,0.3803,15,6,5,4,0.4861,1
ACC06378,852,50,1255.77,25,25,27063.46,26233.72,3,5,2,3,0.006,3,1,0,0,0.5725,0
ACC06379,228,238,13338.91,143,95,1996946.48,1125145.71,135,95,21,105,0.3927,25,5,6,6,0.795,1
ACC06380,401,96,17592.71,67,29,1014444.72,434339.64,62,29,16,29,0.409,33,4,5,5,0.5228,1
ACC06381,1045,50,1157.97,24,26,36821.84,22870.06,15,13,4,6,0.0185,2,1,1,0,0.3121,0
ACC06382,913,42,2078.28,25,17,44888.9,38270.48,20,12,2,3,0.049,3,1,0,2,0.2696,0
ACC06383,180,212,7531.91,116,96,762234.81,688651.6,116,91,17,71,0.407,23,4,4,1,0.8869,1
ACC06384,761,40,2063.64,25,15,67531.02,37542.2,16,11,0,1,0.015,2,1,1,0,0.1168,0
ACC06385,324,34,4064.7,14,20,70761.11,95753.94,2,5,3,0,0.0763,0,0,3,0,0.1315,0
ACC06386,1233,51,1291.88,20,31,26406.21,28894.63,20,20,4,2,0.0322,1,1,1,0,0.316,0
ACC06387,275,276,28556.03,178,98,6299256.21,2532544.29,145,83,13,107,0.4102,20,9,11,3,0.6017,1
ACC06388,51,203,3715.19,159,44,575891.99,196684.64,110,41,12,71,0.2692,31,3,8,2,0.7564,1
ACC06389,29,378,11592.46,265,113,3790004.72,1530818.9,233,103,15,141,0.4517,24,5,7,1,0.9242,1
ACC06390,573,42,2581.41,20,22,67169.04,64410.06,11,13,0,2,0.02,2,0,2,1,0.3115,0
ACC06391,971,60,2592.2,27,33,54423.2,102188.0,12,18,1,2,0.055,1,1,1,0,0.2811,0
ACC06392,1182,55,1653.78,25,30,45478.99,49702.27,20,14,2,5,0.0598,1,0,3,1,0.6178,0
ACC06393,1495,29,1047.95,18,11,19176.62,13163.69,5,4,2,2,0.0794,2,3,0,0,0.3376,0
ACC06394,136,156,16822.79,96,60,1605713.0,901273.03,85,32,12,59,0.38,34,3,6,12,0.9091,1
ACC06395,823,68,822.85,35,33,32836.02,27972.44,15,13,2,2,0.043,0,0,2,0,0.1003,0
ACC06396,1042,33,1855.56,16,17,28280.54,23548.47,11,11,0,1,0.0432,1,2,1,0,0.1717,0
ACC06397,74,311,5180.14,171,140,830128.27,897838.7,145,120,13,114,0.1973,30,7,6,5,0.9322,1
ACC06398,458,42,4553.81,15,27,68479.73,107664.59,5,13,2,2,0.0185,5,0,0,0,0.4246,0
ACC06399,488,30,860.61,11,19,8629.56,15444.86,9,7,2,1,0.045,1,0,2,1,0.2388,0
ACC06400,848,33,1149.62,12,21,12691.99,20670.29,2,16,1,2,0.1358,0,1,2,1,0.4117,0
ACC06401,961,43,4120.31,27,16,137029.88,67451.91,17,2,3,3,0.0244,2,1,2,0,0.1958,0
ACC06402,872,42,1881.74,15,27,27304.44,62906.29,12,24,0,3,0.1392,0,0,1,0,0.1121,0
ACC06403,726,25,8564.74,13,12,120640.96,79542.43,6,2,1,3,0.0142,1,0,1,0,0.1572,0
ACC06404,37,404,6142.13,275,129,1837701.89,856960.85,242,116,8,171,0.379,28,6,7,4,0.8115,1
ACC06405,836,89,3963.09,50,39,161110.08,140912.8,24,24,0,3,0.0543,0,1,0,0,0.3424,0
ACC06406,185,54,916.67,24,30,24364.18,34933.99,5,17,0,3,0.0728,2,0,2,1,0.0896,0
ACC06407,50,167,24554.67,123,44,2668478.38,1084969.51,93,44,8,64,0.2116,27,5,2,4,0.91,1
ACC06408,326,70,12082.6,49,21,597276.47,238472.79,41,21,18,25,0.5127,20,7,6,2,0.9868,1
ACC06409,41,375,15089.72,241,134,3321204.7,2286213.29,204,111,8,161,0.479,27,13,4,1,0.9483,1
ACC06410,314,133,10533.65,82,51,1018417.67,472067.17,54,43,11,45,0.4806,28,7,6,5,0.8142,1
ACC06411,1774,20,1342.19,12,8,21410.54,12182.6,2,2,4,1,0.0411,0,1,0,1,0.2102,0
ACC06412,686,67,1177.19,32,35,32934.35,33229.69,2,18,2,1,0.0306,1,1,0,1,0.2348,0
ACC06413,33,405,15326.83,270,135,4598581.3,1877364.57,240,113,13,145,0.2263,27,4,3,4,0.9298,1
ACC06414,630,62,5778.39,34,28,175836.44,208939.13,20,14,1,1,0.077,0,0,3,0,0.5561,0
ACC06415,503,56,931.47,25,31,24495.43,20954.83,13,23,3,0,0.0772,1,1,1,2,0.2254,0
ACC06416,2200,44,1794.68,22,22,39289.72,49037.32,11,12,3,4,0.1112,1,0,1,1,0.1106,0
ACC06417,176,693,12942.24,439,254,6256240.45,2943184.51,358,226,19,271,0.6065,20,4,4,8,0.7414,1
ACC06418,142,176,14927.87,88,88,1417389.51,1385485.94,70,88,20,64,0.209,31,2,3,2,0.9288,1
ACC06419,1607,36,4663.05,16,20,62644.64,70025.21,9,2,0,4,0.0234,0,1,1,0,0.0914,0
ACC06420,797,33,328.29,17,16,4636.19,6584.11,6,9,2,0,0.0175,1,0,0,0,0.2772,0
ACC06421,572,26,2573.11,14,12,35982.99,32857.18,6,12,3,0,0.0338,2,3,2,2,0.367,0
ACC06422,584,165,8771.43,99,66,1037316.81,709720.04,65,46,15,62,0.3904,32,5,1,5,0.8357,1
ACC06423,311,37,2012.96,18,19,42272.44,32504.44,10,18,3,3,0.0737,1,1,1,0,0.4562,0
ACC06424,143,270,14334.14,203,67,3560702.36,822710.09,150,49,14,109,0.4932,25,5,4,4,0.9166,1
ACC06425,1650,39,1284.95,24,15,37093.04,22616.3,8,2,3,4,0.0335,2,1,0,2,0.2865,0
ACC06426,695,101,1402.17,47,54,60688.94,55163.89,18,38,5,2,0.0163,0,0,1,0,0.3635,0
ACC06427,594,135,1205.13,51,84,81485.63,89152.68,23,37,1,1,0.032,3,1,0,0,0.1678,0
ACC06428,1337,99,1084.26,36,63,33677.71,76592.56,3,27,1,6,0.0442,2,0,1,0,0.2781,0
ACC06429,1780,26,1414.45,11,15,18174.9,20141.49,2,11,0,0,0.0206,2,0,0,0,0.1851,0
ACC06430,237,167,22883.3,92,75,2102483.51,2050582.42,67,75,7,71,0.6315,30,7,5,2,0.9533,1
ACC06431,362,218,12108.75,149,69,1923007.32,850007.74,138,50,17,84,0.5654,29,5,5,6,0.8871,1
ACC06432,1808,32,9008.45,14,18,118556.97,120692.36,10,7,2,3,0.1062,1,0,1,0,0.4643,0
ACC06433,608,77,2336.75,33,44,97675.08,131615.89,11,17,1,1,0.0637,1,0,0,2,0.5214,0
ACC06434,290,370,16749.69,247,123,4114223.13,1781936.95,206,105,9,134,0.5093,23,4,3,1,0.9549,1
ACC06435,1547,23,2805.32,13,10,41460.12,36159.03,13,5,1,1,0.1242,2,0,3,1,0.3921,0
ACC06436,606,29,2116.0,18,11,43256.0,20316.66,18,5,2,4,0.0364,2,0,0,1,0.431,0
ACC06437,92,168,28972.77,106,62,2983493.44,1614374.9,106,55,8,63,0.5075,18,11,5,4,0.914,1
ACC06438,927,45,13485.17,22,23,243460.48,284883.05,2,13,4,1,0.1084,0,3,1,0,0.4244,0
ACC06439,110,389,14794.65,199,190,3132116.41,3279851.83,162,190,15,137,0.3726,29,10,8,5,0.9164,1
ACC06440,1177,69,4644.87,41,28,152235.89,107256.6,20,17,2,4,0.0216,3,1,3,0,0.4121,0
ACC06441,61,642,17586.63,341,301,6842783.44,6286955.32,286,269,18,247,0.4886,28,6,5,5,0.9233,1
ACC06442,473,47,5693.84,24,23,160368.91,137856.18,2,18,2,2,0.0481,0,1,1,3,0.194,0
ACC06443,309,284,33644.07,197,87,7616371.39,3258310.29,178,67,22,103,0.2809,27,7,4,1,0.9741,1
ACC06444,367,76,2254.58,49,27,115846.57,68851.51,15,13,6,2,0.1015,0,0,0,0,0.2996,0
ACC06445,548,165,3386.19,95,70,327229.47,167412.62,45,42,2,2,0.1422,3,0,0,0,0.4298,0
ACC06446,720,24,3837.44,10,14,37672.23,66597.97,5,7,2,4,0.0591,0,0,1,1,0.497,0
ACC06447,1152,49,2514.7,19,30,46386.59,94760.27,17,9,2,2,0.0105,1,0,1,1,0.1583,0
ACC06448,1151,68,2807.1,35,33,97885.93,69829.14,14,16,3,1,0.0516,3,0,1,1,0.0624,0
ACC06449,2780,49,7909.31,19,30,180405.6,255181.66,8,16,0,1,0.0087,0,0,0,0,0.2718,0
ACC06450,5000,81,4499.16,43,38,203399.28,169542.65,20,21,1,3,0.0142,1,1,1,1,0.345,0
ACC06451,2396,26,5903.62,16,10,110923.54,75534.62,2,2,1,2,0.0142,0,0,1,0,0.2466,0
ACC06452,898,45,1690.65,20,25,31597.92,38430.46,2,15,4,2,0.005,1,0,1,1,0.1834,0
ACC06453,2349,41,1384.51,16,25,22626.52,27135.89,2,12,0,3,0.0932,0,0,0,0,0.4705,0
ACC06454,329,72,4983.81,31,41,117749.34,228430.3,12,31,0,4,0.0407,1,1,0,0,0.2269,0
ACC06455,786,36,3984.8,22,14,112519.93,44350.35,3,10,1,1,0.0637,2,0,1,1,0.257,0
ACC06456,3756,41,6061.56,26,15,174339.6,111954.87,11,5,1,2,0.1828,1,0,1,2,0.1306,0
ACC06457,1016,56,5283.82,25,31,103400.65,141943.97,15,15,2,1,0.0273,2,1,1,1,0.2762,0
ACC06458,679,44,1397.26,16,28,25826.91,35739.11,4,14,3,6,0.0075,2,0,0,1,0.285,0
ACC06459,128,190,9466.45,137,53,1396109.55,557880.98,107,53,13,47,0.6716,30,6,2,3,0.5653,1
ACC06460,764,15,1961.72,8,7,17346.86,12621.64,2,7,5,1,0.1011,3,0,0,2,0.3255,0
ACC06461,696,36,3477.65,14,22,38883.75,69427.2,12,14,3,1,0.0864,0,0,0,0,0.2373,0
ACC06462,179,323,12960.79,208,115,2520916.37,1406830.11,190,104,13,111,0.4726,19,9,5,3,0.8224,1
ACC06463,508,89,3604.49,50,39,204970.46,103635.73,17,23,2,6,0.0427,1,0,2,1,0.4514,0
ACC06464,1825,80,7685.22,44,36,455614.23,277340.73,18,10,2,3,0.0242,0,0,0,0,0.4338,0
ACC06465,474,216,9387.49,151,65,1363209.28,605672.81,148,65,14,97,0.4727,22,5,5,6,0.9323,1
ACC06466,740,160,4858.51,101,59,536275.43,350153.55,46,38,3,2,0.028,3,3,0,0,0.3061,0
ACC06467,2387,62,1673.43,29,33,53963.54,62664.85,17,18,0,3,0.1111,0,1,0,0,0.34,0
ACC06468,91,261,15914.48,202,59,3425903.17,859678.51,138,39,12,107,0.4419,26,5,5,1,0.9289,1
ACC06469,213,366,23273.85,282,84,6475315.8,2333912.77,273,82,13,146,0.16,20,6,2,6,0.857,1
ACC06470,2357,65,884.18,36,29,26298.87,32982.02,20,27,2,2,0.0332,0,0,2,2,0.4184,0
ACC06471,360,39,4965.39,18,21,109541.9,113141.68,6,13,2,3,0.0604,3,0,0,1,0.1879,0
ACC06472,1354,62,4104.93,37,25,149567.02,110131.22,19,10,3,4,0.0097,0,0,1,1,0.3466,0
ACC06473,434,113,1933.34,50,63,94126.16,90213.81,20,30,3,1,0.0813,0,0,2,2,0.0654,0
ACC06474,267,284,10798.75,204,80,1947840.26,944094.97,184,69,13,123,0.5472,24,5,5,6,0.8136,1
ACC06475,714,38,3875.92,16,22,61616.26,97294.94,3,6,2,3,0.0161,4,1,1,0,0.355,0
ACC06476,129,292,24087.8,199,93,4828678.38,2642337.26,172,80,17,107,0.2011,23,9,6,10,0.8815,1
ACC06477,102,268,10523.02,209,59,2523101.6,529432.18,173,54,12,102,0.2789,23,5,3,2,0.8577,1
ACC06478,171,264,30540.84,138,126,4167210.2,3751319.74,138,126,13,120,0.355,25,5,9,6,0.9887,1
ACC06479,170,307,10232.27,169,138,1719004.05,1741774.99,169,138,17,134,0.4005,27,6,3,1,0.8134,1
ACC06480,1506,44,2642.25,28,16,70554.26,39068.91,9,4,3,2,0.0328,1,1,1,0,0.3065,0
ACC06481,1588,48,3617.69,19,29,88814.17,132820.71,9,13,1,0,0.0255,6,0,1,0,0.2691,0
ACC06482,37,194,6536.69,133,61,743596.95,443938.5,133,61,14,68,0.2572,27,9,5,2,0.918,1
ACC06483,1545,21,1664.06,9,12,13322.53,14603.66,9,12,1,1,0.0421,0,1,0,1,0.0397,0
ACC06484,26,201,12085.24,160,41,1661553.83,439472.69,153,25,15,85,0.4828,18,8,6,6,0.8847,1
ACC06485,929,16,914.25,9,7,10334.3,5467.36,7,3,1,2,0.0238,1,1,1,0,0.3721,0
ACC06486,299,231,11734.79,170,61,2343431.86,822328.76,161,36,16,80,0.4824,19,11,3,2,0.9247,1
ACC06487,2111,67,3452.16,25,42,94619.21,162070.37,2,23,3,1,0.0586,2,0,1,2,0.3622,0
ACC06488,936,50,4395.42,26,24,153756.79,135438.61,2,11,1,2,0.0377,2,0,1,0,0.3789,0
ACC06489,37,171,3566.96,94,77,407632.7,291932.79,94,66,11,60,0.6038,20,4,7,4,0.7542,1
ACC06490,28,505,7480.34,320,185,2477705.15,1564099.35,302,158,12,188,0.4039,18,3,5,4,0.8034,1
ACC06491,149,487,8398.82,316,171,2311609.63,1626845.76,259,142,12,170,0.6317,23,11,1,6,0.8956,1
ACC06492,3675,58,5496.34,22,36,163215.92,180992.61,12,13,1,2,0.0143,0,0,0,1,0.2675,0
ACC06493,83,230,20860.28,120,110,2625341.27,2243023.84,107,102,11,92,0.4471,21,4,6,5,0.9075,1
ACC06494,624,73,1051.11,29,44,31332.17,55296.17,18,20,3,0,0.0832,2,0,1,1,0.3864,0
ACC06495,462,26,1782.25,9,17,18300.23,28617.87,2,10,1,3,0.0462,0,0,2,0,0.4554,0
ACC06496,1072,53,1799.55,18,35,38544.59,61930.93,16,13,1,0,0.039,1,0,0,0,0.223,0
ACC06497,502,31,1314.84,14,17,22239.2,15798.7,9,17,4,1,0.046,2,2,2,0,0.213,0
ACC06498,231,35,3417.45,15,20,62949.69,80706.68,5,12,0,3,0.0362,0,1,1,1,0.3177,0
ACC06499,2868,28,4469.62,17,11,73570.18,42777.74,5,2,3,4,0.0529,1,1,3,0,0.7282,0
ACC06500,1057,26,3091.17,16,10,47072.54,39624.18,4,6,5,2,0.0958,2,0,1,2,0.4738,0
ACC06501,826,93,3165.74,45,48,165505.57,162325.97,24,36,1,2,0.1865,2,0,0,0,0.4615,0
ACC06502,2313,113,1131.58,69,44,96923.92,52083.5,21,23,1,2,0.032,1,0,1,0,0.1996,0
ACC06503,543,22,3177.36,13,9,52900.64,21231.45,5,2,0,4,0.137,0,0,2,1,0.3396,0
ACC06504,127,34,3360.18,18,16,61770.92,52745.62,8,10,3,2,0.0496,4,0,1,0,0.2797,0
ACC06505,1182,34,4737.74,16,18,82524.7,62233.43,5,11,3,4,0.0164,2,0,2,0,0.2519,0
ACC06506,53,155,2733.49,83,72,213105.31,180584.9,46,66,20,60,0.2555,26,5,3,6,0.7205,1
ACC06507,1574,25,1481.42,15,10,24016.36,11240.29,10,9,2,4,0.0583,0,1,3,3,0.3185,0
ACC06508,55,118,8016.32,90,28,829749.62,277251.3,82,5,18,46,0.5887,30,5,5,4,0.925,1
ACC06509,962,31,4721.58,14,17,55746.64,60423.01,7,2,1,3,0.0274,1,0,2,1,0.3232,0
ACC06510,980,38,881.51,15,23,16399.49,15616.11,5,3,2,3,0.117,1,0,0,0,0.2061,0
ACC06511,1889,29,4494.15,15,14,59446.9,79398.62,12,2,1,0,0.0241,0,0,1,1,0.1374,0
ACC06512,179,143,34299.27,103,40,4380867.86,1269580.53,79,40,14,42,0.3118,21,3,8,7,0.8486,1
ACC06513,67,278,33092.21,157,121,5962910.21,4716207.73,138,112,16,127,0.3803,20,4,5,3,0.8796,1
ACC06514,607,138,8845.3,82,56,864015.56,529664.11,33,35,3,2,0.0475,2,2,2,0,0.3652,0
ACC06515,1199,28,2194.87,11,17,30723.32,43275.7,2,10,1,3,0.0606,1,0,0,0,0.0794,0
ACC06516,817,67,968.92,29,38,37489.38,45770.83,21,25,2,2,0.034,2,0,0,0,0.1791,0
ACC06517,68,250,26139.87,183,67,5037608.38,2110345.96,165,61,8,103,0.5101,23,5,4,7,0.9403,1
ACC06518,2221,67,4705.46,29,38,117022.25,203149.57,9,23,1,1,0.1057,0,1,1,0,0.6448,0
ACC06519,2229,43,707.91,25,18,21193.85,15613.81,9,15,1,0,0.1987,2,0,0,1,0.1693,0
ACC06520,1978,26,2971.52,16,10,61405.63,29017.57,11,4,0,4,0.0553,0,0,3,1,0.3305,0
ACC06521,47,262,44968.25,135,127,6622078.84,6620831.77,102,122,16,113,0.3983,23,5,4,1,0.5073,1
ACC06522,1415,36,890.84,15,21,17106.01,16072.21,6,9,2,3,0.0711,1,0,2,1,0.2724,0
ACC06523,153,531,24405.07,333,198,9620038.2,5568934.67,273,193,11,218,0.6373,27,6,5,6,0.9743,1
ACC06524,1096,10,2528.89,5,5,16152.88,14919.44,3,5,2,1,0.0413,2,0,3,0,0.275,0
ACC06525,669,26,3468.97,16,10,57558.82,31354.43,7,7,3,2,0.0559,0,0,3,1,0.042,0
ACC06526,1630,12,1612.62,7,5,14051.72,9294.96,3,2,2,0,0.0789,0,0,0,0,0.3413,0
ACC06527,192,116,16542.4,80,36,1383395.79,506867.87,74,36,17,41,0.5459,30,7,4,1,0.8163,1
ACC06528,166,136,16244.0,94,42,1428733.09,810977.02,83,42,10,61,0.5483,27,8,1,5,0.7921,1
ACC06529,675,43,4603.96,20,23,100821.8,74922.05,17,14,2,1,0.0492,2,0,1,1,0.1606,0
ACC06530,1091,64,4260.76,26,38,99632.29,155519.1,20,12,1,3,0.0466,4,2,2,1,0.153,0
ACC06531,1803,42,1493.94,24,18,27330.55,30135.62,13,13,2,1,0.0469,0,1,1,1,0.2634,0
ACC06532,1141,29,1780.4,17,12,32314.6,24940.95,6,8,2,3,0.1257,2,0,4,0,0.1313,0
ACC06533,695,58,989.24,30,28,26018.97,26362.41,15,13,1,3,0.0487,1,0,2,1,0.2346,0
ACC06534,80,218,21732.95,143,75,3565939.55,1909662.19,124,53,10,81,0.3743,33,5,9,4,0.805,1
ACC06535,695,60,1028.91,34,26,29068.17,24828.97,12,11,2,3,0.1854,2,1,4,0,0.4482,0
ACC06536,1359,30,2868.43,13,17,44284.36,56153.93,4,10,9,1,0.0497,0,0,1,1,0.5678,0
ACC06537,50,111,4922.2,66,45,331684.92,237457.83,61,33,16,47,0.4538,19,3,9,3,0.8957,1
ACC06538,2811,46,1477.41,21,25,40983.51,32501.03,8,7,4,3,0.0857,2,0,3,0,0.2233,0
ACC06539,881,57,1824.01,24,33,37857.17,55299.4,10,15,1,4,0.0167,1,0,0,1,0.1776,0
ACC06540,207,162,10819.56,120,42,1186738.21,546309.44,120,42,17,64,0.27,28,1,5,7,0.9321,1
ACC06541,89,217,11921.99,166,51,1978167.16,586510.97,137,38,11,75,0.3283,25,5,3,3,0.916,1
ACC06542,32,372,6929.49,232,140,1574663.53,902698.41,195,129,16,150,0.4235,21,3,4,6,0.919,1
ACC06543,986,62,7835.95,34,28,238828.99,188303.06,11,14,2,0,0.0381,1,0,1,1,0.1722,0
ACC06544,1162,84,1230.82,29,55,38676.27,58465.7,14,23,0,2,0.0063,1,0,0,1,0.2482,0
ACC06545,163,282,14604.02,195,87,3097808.54,1450645.4,153,78,13,119,0.3025,28,7,5,5,0.9163,1
ACC06546,298,373,16332.14,283,90,5129995.03,1589335.03,245,90,11,156,0.5994,25,7,7,6,0.6888,1
ACC06547,1326,46,592.11,17,29,13551.4,15834.94,6,7,1,0,0.0262,2,1,0,0,0.1446,0
ACC06548,849,14,3182.24,8,6,25084.07,21715.07,2,6,1,1,0.0261,2,0,1,0,0.1171,0
ACC06549,522,29,11358.92,16,13,149172.58,108517.98,14,9,3,3,0.1152,1,1,3,2,0.2085,0
ACC06550,725,38,3041.57,19,19,59498.25,67532.71,4,8,2,2,0.0702,1,1,2,3,0.3571,0
ACC06551,118,200,15733.58,159,41,3014320.78,676420.69,137,41,9,88,0.4862,20,7,1,6,0.8275,1
ACC06552,121,547,14186.12,350,197,5240372.25,3217916.45,293,166,16,214,0.4752,23,8,6,1,0.8756,1
ACC06553,233,28,5045.85,11,17,50931.51,79331.24,3,17,4,0,0.1307,2,1,0,0,0.4034,0
ACC06554,564,37,2560.01,20,17,38820.5,43952.89,13,15,2,3,0.0995,1,1,2,1,0.1815,0
ACC06555,466,38,1672.07,13,25,22560.13,50411.98,7,2,2,3,0.015,1,0,1,0,0.3526,0
ACC06556,832,101,1171.81,50,51,69294.09,72635.68,22,26,4,0,0.0615,3,0,2,0,0.3866,0
ACC06557,939,66,1272.73,23,43,28050.68,54645.91,8,21,2,3,0.047,3,0,0,2,0.1979,0
ACC06558,655,46,2189.95,17,29,37548.63,45795.06,12,5,3,0,0.1549,2,1,2,0,0.4163,0
ACC06559,2534,29,1991.95,13,16,23400.76,30871.45,6,9,0,2,0.015,2,0,1,0,0.1275,0
ACC06560,817,21,10438.71,12,9,105400.9,107110.16,12,2,3,3,0.0335,2,1,1,1,0.2412,0
ACC06561,96,168,23219.23,94,74,2002119.09,1625343.09,75,74,15,77,0.4531,27,4,9,5,0.7414,1
ACC06562,199,397,10770.91,285,112,3523317.02,1474979.04,237,85,15,172,0.8058,30,3,2,2,0.6363,1
ACC06563,654,81,4239.02,39,42,209293.93,131545.39,21,26,2,1,0.0273,3,1,0,0,0.231,0
ACC06564,324,279,14832.1,192,87,2653864.28,1304403.05,145,80,11,106,0.3601,18,4,2,6,0.7803,1
ACC06565,235,178,10509.53,134,44,1757356.75,485614.9,100,43,13,73,0.3895,32,11,4,2,0.9877,1
ACC06566,82,188,11407.45,118,70,1611696.54,985681.97,104,56,10,73,0.2669,31,4,8,3,0.8649,1
ACC06567,40,164,22046.43,86,78,2230126.9,2082465.01,74,78,13,63,0.2119,30,2,3,9,0.7822,1
ACC06568,261,52,1186.44,24,28,32188.66,39770.38,6,13,1,1,0.0803,0,0,2,2,0.259,0
ACC06569,608,26,3110.49,16,10,39554.76,39080.27,9,2,1,1,0.0363,2,1,1,1,0.6004,0
ACC06570,1010,45,2060.59,29,16,66218.09,37354.82,15,12,1,3,0.0657,2,0,1,3,0.463,0
ACC06571,890,30,3444.04,19,11,61711.38,39764.39,8,11,2,3,0.0234,4,0,0,0,0.075,0
ACC06572,77,226,18450.47,125,101,2484869.65,1998491.68,93,87,15,78,0.472,27,4,4,6,0.9649,1
ACC06573,20,444,10859.41,240,204,2574113.75,2550943.76,222,186,12,176,0.1708,27,7,3,4,0.9188,1
ACC06574,809,64,5028.53,40,24,197241.98,100458.02,19,2,2,5,0.1126,3,0,1,0,0.2912,0
ACC06575,240,157,13418.19,103,54,1511631.35,707918.98,81,31,12,65,0.4961,29,4,8,7,0.7145,1
ACC06576,1574,58,3223.12,32,26,127455.07,68293.78,16,9,2,0,0.0325,2,0,1,0,0.3839,0
ACC06577,82,179,21813.87,137,42,2884303.16,1128355.19,128,24,14,71,0.3704,24,3,6,2,0.9142,1
ACC06578,813,16,4368.76,8,8,30550.96,32113.62,2,2,1,4,0.031,2,0,0,0,0.3748,0
ACC06579,704,61,3238.26,34,27,98134.28,75454.57,17,14,1,1,0.094,1,2,0,0,0.0452,0
ACC06580,786,88,3756.23,57,31,205490.91,133148.01,20,14,2,2,0.0354,2,0,0,1,0.346,0
ACC06581,121,171,11539.35,97,74,1138801.65,798631.78,62,64,16,71,0.3488,23,6,3,5,0.8733,1
ACC06582,2921,39,1968.99,22,17,40836.84,38150.46,7,14,2,2,0.0553,2,0,3,1,0.0603,0
ACC06583,2875,51,1002.15,30,21,38698.36,17020.95,20,13,1,1,0.0636,2,0,2,1,0.1051,0
ACC06584,387,16,3779.3,8,8,36423.19,32319.34,2,2,0,3,0.0009,3,1,3,1,0.2458,0
ACC06585,1155,14,2769.3,6,8,20698.64,19128.86,6,6,3,3,0.0929,3,0,4,2,0.1164,0
ACC06586,584,36,3219.94,19,17,55327.86,56295.42,3,2,4,0,0.0894,2,0,0,0,0.1783,0
ACC06587,875,31,1489.74,12,19,14428.46,33058.9,2,19,1,0,0.0229,0,0,1,2,0.2947,0
ACC06588,247,285,6072.22,177,108,1088202.02,740610.65,172,105,15,114,0.4549,21,8,7,3,0.8159,1
ACC06589,1100,32,1678.46,18,14,24834.33,17983.47,18,14,2,2,0.0105,1,0,2,2,0.3602,0
ACC06590,567,41,1266.54,14,27,23464.65,25299.65,10,20,0,1,0.0905,0,0,3,0,0.2817,0
ACC06591,508,81,1851.6,40,41,92882.85,63042.16,16,26,2,4,0.0661,1,0,2,0,0.3103,0
ACC06592,2028,53,1976.97,23,30,44087.74,43403.92,12,21,4,4,0.1175,0,2,3,0,0.1443,0
ACC06593,1878,34,3112.62,16,18,65416.8,42514.03,13,18,0,0,0.0305,1,1,6,0,0.3298,0
ACC06594,115,140,19844.39,71,69,1541379.47,1361728.58,45,69,16,54,0.4109,25,6,11,7,0.878,1
ACC06595,860,110,4201.88,58,52,210171.42,185032.05,18,31,2,0,0.0388,1,2,3,1,0.3593,0
ACC06596,101,459,12064.18,255,204,3141771.08,2730210.18,222,197,21,146,0.4841,24,7,2,7,0.7072,1
ACC06597,257,248,7302.85,138,110,1008890.16,995408.61,138,110,17,81,0.201,25,2,5,5,0.8411,1
ACC06598,688,82,2352.83,49,33,115616.95,64822.25,19,7,3,4,0.0684,3,1,0,0,0.4188,0
ACC06599,87,141,18218.05,98,43,1888821.14,816951.84,82,43,13,48,0.5051,25,4,2,4,0.959,1
ACC06600,790,177,5286.97,136,41,657223.23,252324.33,117,31,9,68,0.6024,31,3,5,1,0.8993,1
ACC06601,750,54,3419.57,30,24,110264.49,66940.28,15,11,1,5,0.0381,0,0,0,0,0.2758,0
ACC06602,156,232,15081.25,150,82,2171146.03,1111444.76,128,69,21,93,0.3261,17,8,2,1,0.8872,1
ACC06603,471,26,3088.43,15,11,58093.59,43083.18,2,11,4,1,0.0687,1,0,2,1,0.3009,0
ACC06604,1937,69,2261.1,26,43,75362.54,110885.89,12,30,4,2,0.0589,3,0,1,0,0.2918,0
ACC06605,324,78,1569.72,47,31,65193.11,54581.42,26,12,3,3,0.0359,0,0,2,0,0.4307,0
ACC06606,764,189,2098.22,99,90,211753.1,211292.91,45,48,3,5,0.1851,0,1,1,2,0.4134,0
ACC06607,395,26,3159.55,13,13,30947.63,33236.94,2,2,1,2,0.0358,0,0,0,1,0.5411,0
ACC06608,1160,34,1183.46,14,20,21568.45,23903.5,6,18,0,2,0.0203,2,1,2,0,0.3174,0
ACC06609,64,231,35344.62,143,88,5633036.29,2903737.61,131,77,10,90,0.2245,22,5,6,9,0.8256,1
ACC06610,1366,65,762.73,31,34,27732.94,29605.3,16,17,4,4,0.0731,2,0,1,1,0.1615,0
ACC06611,977,63,2790.15,37,26,90755.54,93458.47,13,16,3,4,0.0948,0,0,0,1,0.1879,0
ACC06612,1720,27,4354.81,13,14,69060.04,52032.53,11,2,1,2,0.0408,2,1,1,0,0.4418,0
ACC06613,676,76,1648.54,42,34,70288.91,44950.6,25,19,0,0,0.2247,1,0,1,1,0.1662,0
ACC06614,381,52,4343.89,20,32,74845.5,173172.64,14,10,1,1,0.0248,0,1,2,0,0.5156,0
ACC06615,1644,91,1575.85,47,44,80855.4,76048.97,16,25,3,3,0.1149,0,0,1,1,0.4931,0
ACC06616,333,68,2532.65,29,39,98323.08,99417.39,17,16,2,0,0.0222,1,1,0,0,0.118,0
ACC06617,1163,45,3952.19,17,28,66495.46,115103.41,8,11,4,1,0.015,3,1,3,0,0.1842,0
ACC06618,764,29,4456.08,13,16,50223.89,59266.28,2,13,2,2,0.0637,1,1,0,3,0.1298,0
ACC06619,345,102,767.83,57,45,43173.96,32261.38,22,29,4,3,0.023,1,0,0,0,0.0968,0
ACC06620,1994,60,3290.01,25,35,95385.1,101407.18,15,24,2,1,0.1864,6,2,3,1,0.2993,0
ACC06621,1037,71,4587.79,34,37,184829.92,141572.64,14,22,1,5,0.0886,1,1,2,0,0.3654,0
ACC06622,456,69,2177.08,37,32,79228.72,87993.19,19,9,2,2,0.0271,2,0,1,0,0.4359,0
ACC06623,255,28,3604.73,11,17,34079.69,57296.65,2,6,1,1,0.0065,1,1,0,1,0.0323,0
ACC06624,2332,50,8298.48,31,19,235306.51,129823.51,12,9,2,2,0.0381,1,2,0,1,0.3735,0
ACC06625,458,80,2840.95,46,34,115433.22,68505.92,22,29,0,1,0.0183,0,0,0,1,0.5161,0
ACC06626,2079,64,2003.74,35,29,76744.73,47603.79,27,14,2,1,0.0115,2,1,0,1,0.3237,0
ACC06627,1346,39,1393.75,21,18,24423.83,23422.02,7,18,4,3,0.0232,0,0,1,0,0.2488,0
ACC06628,32,319,15966.89,192,127,3813752.04,1814009.87,170,127,14,110,0.198,24,4,0,2,0.7768,1
ACC06629,85,580,15040.93,418,162,7202258.93,2129256.43,339,141,12,230,0.4094,28,8,4,3,0.9515,1
ACC06630,593,41,4563.97,26,15,98003.37,67245.78,2,4,4,5,0.0532,0,0,0,1,0.2667,0
ACC06631,661,202,2336.02,105,97,281377.57,173884.85,42,46,1,2,0.0879,4,0,0,0,0.0609,0
ACC06632,1189,72,1757.87,46,26,82795.05,41910.26,30,8,2,2,0.0484,1,0,2,1,0.1923,0
ACC06633,777,52,5216.83,27,25,150139.95,104257.6,7,21,0,1,0.0316,1,1,2,1,0.2964,0
ACC06634,269,722,20325.96,433,289,9302856.01,5291099.18,385,239,13,274,0.6436,19,7,3,3,0.7608,1
ACC06635,1057,31,10243.44,11,20,117801.44,221832.49,8,14,0,2,0.0286,0,1,0,0,0.2099,0
ACC06636,640,51,3762.96,21,30,95101.35,121323.18,12,17,1,3,0.0279,1,1,2,3,0.1853,0
ACC06637,451,20,6599.02,8,12,51758.76,73882.87,2,4,1,3,0.0179,1,2,1,0,0.1982,0
ACC06638,124,342,9028.04,194,148,1649543.02,1627121.25,142,132,14,117,0.4211,22,7,4,2,0.7476,1
ACC06639,15,171,12736.6,121,50,1452664.33,649466.21,112,50,18,66,0.6147,28,7,6,3,0.7476,1
ACC06640,117,190,15849.36,133,57,2237801.13,930319.02,123,56,11,68,0.1961,26,4,5,7,0.9107,1
ACC06641,128,172,20904.01,121,51,3060297.59,963969.84,107,51,7,63,0.4749,27,13,3,3,0.7429,1
ACC06642,992,81,2068.78,48,33,91346.61,64655.12,11,14,2,3,0.0115,4,0,2,2,0.2474,0
ACC06643,169,463,12420.04,287,176,4240272.09,2598939.15,231,152,20,162,0.3772,18,10,8,1,0.8697,1
ACC06644,2092,30,1252.42,18,12,27610.31,19326.93,2,8,1,3,0.0565,1,2,1,0,0.3275,0
ACC06645,184,335,39625.05,179,156,7685868.7,6114204.85,136,146,13,124,0.4372,30,7,4,3,0.7299,1
ACC06646,65,152,19223.14,85,67,1641498.81,1139201.46,44,64,12,61,0.4363,34,7,7,4,0.7422,1
ACC06647,211,228,14371.47,146,82,2351347.41,1032884.85,87,82,20,90,0.5304,19,6,4,3,0.7977,1
ACC06648,655,74,2364.53,31,43,60721.02,127738.88,5,21,3,2,0.025,0,0,2,2,0.1175,0
ACC06649,289,243,18961.44,123,120,2426907.42,2345951.83,73,105,10,86,0.579,29,9,3,6,0.7903,1
ACC06650,958,23,8141.33,8,15,59324.8,146079.86,6,6,3,1,0.0937,1,1,2,0,0.2268,0
ACC06651,678,90,2724.15,39,51,100906.4,152614.89,17,23,2,3,0.0297,1,0,1,2,0.0992,0
ACC06652,1926,36,2335.64,19,17,37683.28,36792.67,8,9,1,2,0.0117,1,0,1,1,0.0484,0
ACC06653,1602,26,3270.12,11,15,35995.74,51592.46,4,8,3,1,0.0391,2,1,2,1,0.3985,0
ACC06654,279,122,11748.41,79,43,888709.79,452931.51,46,36,14,43,0.5451,27,7,3,4,0.7542,1
ACC06655,1139,51,1890.3,21,30,30191.8,58973.85,8,17,0,4,0.0553,2,0,0,0,0.0753,0
ACC06656,251,454,17399.99,324,130,4863816.82,2807721.7,259,130,12,196,0.5175,27,5,2,7,0.9295,1
ACC06657,139,429,9445.62,266,163,2987190.15,1475261.43,235,156,11,165,0.5487,27,8,5,4,0.8355,1
ACC06658,591,69,1877.22,31,38,50920.59,50931.73,20,19,3,2,0.0275,4,0,0,0,0.4961,0
ACC06659,67,123,12323.21,69,54,816341.41,750720.59,45,48,12,63,0.3534,34,5,1,5,0.9108,1
ACC06660,124,234,7643.42,165,69,1502823.9,642815.31,132,69,12,73,0.4749,21,4,3,4,0.8809,1
ACC06661,1276,31,1277.99,12,19,17739.69,29231.75,2,10,1,2,0.0649,2,1,1,0,0.3473,0
ACC06662,411,278,10474.33,220,58,2810595.75,607239.93,158,58,13,123,0.5305,30,3,3,2,0.8903,1
ACC06663,791,5,3498.0,2,3,8255.27,11807.66,3,3,2,4,0.0384,1,0,2,2,0.1896,0
ACC06664,172,212,7747.1,138,74,1276612.68,515442.24,108,73,21,89,0.4657,22,3,2,5,0.62,1
ACC06665,566,50,3839.38,30,20,123338.7,59840.99,25,6,1,5,0.0308,2,0,1,1,0.5514,0
ACC06666,687,66,2095.72,42,24,115633.08,55349.78,21,19,3,1,0.0048,1,1,0,1,0.2354,0
ACC06667,1029,76,1269.01,31,45,40844.78,61080.77,19,29,3,0,0.0067,1,2,1,0,0.4262,0
ACC06668,1683,30,2159.99,11,19,26464.83,53182.13,10,9,2,2,0.0524,2,1,3,0,0.451,0
ACC06669,93,270,36119.14,189,81,8402363.26,3086629.6,149,72,13,109,0.1338,27,1,3,3,0.9954,1
ACC06670,2010,81,2276.14,37,44,104334.2,98523.66,20,29,0,1,0.0351,2,0,2,0,0.1964,0
ACC06671,269,833,26117.35,606,227,16299125.88,5806717.44,535,209,14,308,0.5899,33,7,8,4,0.8896,1
ACC06672,38,223,23766.87,112,111,2851170.89,3063315.46,105,111,12,79,0.3481,32,6,6,3,0.907,1
ACC06673,387,212,21555.92,157,55,3698409.24,1333705.63,114,29,15,81,0.4813,26,8,8,4,0.8881,1
ACC06674,949,108,1914.3,44,64,71774.91,130973.08,15,40,4,2,0.0225,1,0,1,1,0.5625,0
ACC06675,2442,68,5262.79,31,37,158761.12,214545.49,6,37,1,2,0.0975,2,2,0,0,0.2987,0
ACC06676,1556,48,2524.77,28,20,74819.88,64838.08,15,9,0,1,0.0557,1,1,2,1,0.5942,0
ACC06677,669,43,3441.25,19,24,67575.75,58451.78,16,24,1,0,0.0545,2,0,0,1,0.219,0
ACC06678,121,376,53870.6,273,103,15491828.73,6185028.1,251,95,13,141,0.3668,24,5,5,4,0.8321,1
ACC06679,1375,38,3094.08,14,24,43711.72,57655.73,9,8,0,1,0.0632,3,2,0,1,0.4117,0
ACC06680,130,168,9839.59,121,47,1135439.72,475108.03,121,31,15,60,0.2553,30,7,4,2,0.7444,1
ACC06681,509,44,2081.91,25,19,45214.16,31675.16,5,9,1,5,0.0378,2,0,2,0,0.2731,0
ACC06682,508,17,12345.68,6,11,88914.83,152587.7,2,9,2,4,0.0419,1,0,1,1,0.2254,0
ACC06683,1026,88,5744.08,36,52,217238.35,248508.27,24,28,1,3,0.0774,2,0,1,3,0.5694,0
ACC06684,199,103,1666.65,37,66,76693.27,107844.63,20,26,1,3,0.0354,0,0,0,1,0.1985,0
ACC06685,723,26,2450.43,9,17,23557.46,33290.71,4,8,7,1,0.0168,3,0,0,0,0.1527,0
ACC06686,116,399,31523.88,302,97,8746845.49,2810119.44,257,78,16,146,0.3351,23,3,3,5,0.9732,1
ACC06687,233,29,3382.13,10,19,33033.44,74906.59,6,8,0,0,0.0727,2,0,4,0,0.2445,0
ACC06688,854,44,3112.46,18,26,43823.62,63183.83,6,26,2,1,0.0707,0,1,4,2,0.3012,0
ACC06689,842,28,1292.57,11,17,13450.59,18909.51,5,16,4,3,0.0161,3,0,2,0,0.1948,0
ACC06690,726,45,1965.9,26,19,51263.56,44987.61,16,14,1,1,0.0316,3,0,0,1,0.2852,0
ACC06691,67,157,12549.25,104,53,1396638.23,706415.12,99,45,15,60,0.5428,25,5,8,7,0.7047,1
ACC06692,163,19,2998.49,11,8,30864.89,17659.43,9,6,1,2,0.0377,0,0,3,0,0.1019,0
ACC06693,284,423,11005.39,315,108,3866369.16,1393138.8,275,101,9,158,0.5678,24,5,5,4,0.7045,1
ACC06694,322,344,8103.93,216,128,1728140.58,1089321.68,181,128,14,121,0.4746,21,4,4,3,0.9744,1
ACC06695,951,46,1825.36,16,30,36483.71,69438.07,2,22,3,2,0.1009,1,1,0,0,0.2848,0
ACC06696,5000,41,6780.29,21,20,138963.62,136153.76,8,8,2,1,0.0532,3,2,4,0,0.1795,0
ACC06697,629,36,675.39,13,23,7869.48,17456.31,2,12,1,2,0.1225,1,0,0,0,0.0966,0
ACC06698,1070,29,3317.16,16,13,63050.53,44862.69,9,13,5,0,0.0399,3,0,2,0,0.112,0
ACC06699,34,132,4934.45,91,41,473658.12,188266.26,75,41,15,54,0.3372,23,5,3,5,0.9367,1
ACC06700,294,33,2642.09,20,13,54034.93,33074.15,12,13,5,2,0.0253,0,2,2,2,0.0406,0
ACC06701,157,221,7838.44,117,104,967914.09,849618.69,87,92,12,92,0.5529,25,5,2,2,0.8063,1
ACC06702,113,336,10210.5,216,120,2359298.27,1356573.22,199,93,12,143,0.2912,32,8,3,8,0.7019,1
ACC06703,331,38,4881.25,17,21,66327.8,132741.22,16,5,1,4,0.0453,2,0,1,0,0.4943,0
ACC06704,768,114,7748.29,46,68,432117.53,619639.17,14,30,1,2,0.0695,1,1,2,1,0.3906,0
ACC06705,960,26,1978.6,14,12,36594.55,23626.57,2,6,4,2,0.0447,4,3,0,1,0.393,0
ACC06706,822,87,2692.03,41,46,144330.95,99533.19,13,27,0,2,0.0242,1,1,2,0,0.3439,0
ACC06707,836,20,1702.64,8,12,14279.53,23097.41,2,2,4,1,0.0353,1,0,1,1,0.4823,0
ACC06708,564,67,798.37,25,42,23567.61,25321.24,19,19,4,4,0.041,4,0,1,1,0.321,0
ACC06709,309,35,963.89,14,21,13046.07,24137.05,4,19,3,3,0.0237,0,0,3,1,0.3402,0
ACC06710,5000,61,1933.94,22,39,50504.19,87144.46,6,11,2,2,0.0114,0,1,1,0,0.3066,0
ACC06711,975,27,3675.66,17,10,72625.05,30589.06,5,4,2,4,0.0826,1,1,4,1,0.4071,0
ACC06712,74,76,3542.63,38,38,143578.5,114874.01,38,34,14,36,0.4916,25,5,6,2,0.8658,1
ACC06713,475,58,2441.02,23,35,61569.21,96400.54,2,20,2,1,0.016,3,1,1,2,0.1872,0
ACC06714,614,49,2700.63,20,29,54709.07,86676.14,4,20,4,1,0.0261,2,0,2,1,0.3288,0
ACC06715,943,99,2631.46,36,63,111862.08,191362.71,20,43,3,0,0.1062,1,0,0,1,0.0688,0
ACC06716,829,57,1603.84,25,32,42046.52,53657.7,4,17,3,3,0.0651,0,0,2,0,0.2746,0
ACC06717,106,579,15662.22,458,121,7111157.05,2139316.22,381,96,11,208,0.2972,28,4,4,1,0.7623,1
ACC06718,414,27,978.24,10,17,9431.33,13292.4,2,7,2,4,0.0635,2,1,1,1,0.2335,0
ACC06719,120,217,15225.67,135,82,2115789.96,1314268.02,113,79,10,62,0.3862,24,8,6,3,0.9596,1
ACC06720,254,154,10721.18,100,54,1019544.61,706006.64,83,45,19,47,0.1804,28,1,5,2,0.9108,1
ACC06721,1367,51,4406.83,25,26,83653.81,97004.97,13,9,0,3,0.0774,3,0,1,0,0.291,0
ACC06722,581,62,8308.82,32,30,357048.66,316178.52,17,11,0,2,0.0676,0,1,1,0,0.1289,0
ACC06723,721,36,1263.27,14,22,16255.93,20240.8,4,7,2,2,0.1021,2,0,1,1,0.2195,0
ACC06724,139,169,11019.45,104,65,1285198.24,640853.16,104,64,15,74,0.6024,25,2,4,2,0.8575,1
ACC06725,1480,42,1808.05,17,25,28954.43,46683.14,6,9,2,0,0.0438,4,0,1,0,0.5554,0
ACC06726,738,23,5287.46,10,13,54704.13,61614.98,5,9,2,1,0.048,2,1,2,2,0.1299,0
ACC06727,3117,52,3669.24,29,23,106736.56,72592.57,12,8,6,3,0.0486,2,0,0,1,0.1652,0
ACC06728,1651,77,1399.48,49,28,59993.44,42421.84,18,17,3,3,0.0229,2,0,1,1,0.2248,0
ACC06729,565,20,7670.29,12,8,86186.0,60567.51,2,2,2,1,0.0533,3,1,0,0,0.2252,0
ACC06730,420,180,16553.44,106,74,2140835.88,1044442.42,71,74,16,63,0.2073,24,1,2,4,0.7379,1
ACC06731,536,76,7141.78,30,46,254139.3,306049.34,15,32,1,1,0.0514,2,0,1,0,0.2681,0
ACC06732,539,291,29547.54,174,117,6379101.92,4150985.54,128,111,14,100,0.5538,24,4,7,6,0.9258,1
ACC06733,22,424,13365.76,322,102,4562972.55,1159449.46,255,93,15,173,0.4567,27,4,6,3,0.8584,1
ACC06734,798,74,4820.86,31,43,159332.69,154943.0,14,20,1,1,0.037,1,0,2,1,0.2338,0
ACC06735,1153,36,2765.79,17,19,46338.53,59004.97,3,8,1,1,0.0837,3,0,0,1,0.3536,0
ACC06736,1010,46,6197.47,28,18,151088.89,108141.91,16,10,1,0,0.1098,1,0,2,0,0.2789,0
ACC06737,1632,41,2394.66,19,22,42103.29,55157.11,9,18,2,1,0.0585,3,0,2,2,0.5769,0
ACC06738,310,194,13813.5,135,59,1673929.39,823002.77,116,46,9,82,0.5114,28,11,1,2,0.859,1
ACC06739,464,90,1103.97,33,57,40398.72,66938.39,20,22,2,4,0.05,2,1,2,2,0.1031,0
ACC06740,1132,89,3682.7,57,32,264036.66,108546.84,24,20,3,2,0.0849,2,2,1,0,0.1664,0
ACC06741,360,259,5156.2,200,59,1223996.02,368960.14,180,56,13,98,0.318,27,5,9,5,0.9163,1
ACC06742,329,163,50913.48,84,79,5293108.35,3783627.96,84,77,15,78,0.3182,22,6,6,3,0.7276,1
ACC06743,1349,50,2184.3,18,32,36915.91,49058.44,5,22,1,3,0.0786,2,0,2,0,0.179,0
ACC06744,933,58,3074.38,23,35,93491.43,115874.21,8,30,1,4,0.0192,2,3,1,1,0.1238,0
ACC06745,98,135,14095.56,93,42,1587036.46,650324.58,79,38,6,57,0.2924,27,7,10,6,0.7935,1
ACC06746,130,198,7809.25,120,78,1026617.04,653882.7,93,63,18,82,0.3083,17,4,3,2,0.5849,1
ACC06747,1172,64,4379.34,31,33,169418.87,143906.5,13,15,1,1,0.0677,4,0,0,1,0.2636,0
ACC06748,1196,32,1673.93,19,13,38901.58,19383.57,3,4,1,2,0.095,1,0,0,1,0.3116,0
ACC06749,1026,37,1404.21,15,22,20643.22,28925.46,12,15,2,0,0.0759,3,0,1,0,0.3176,0
ACC06750,824,61,837.14,32,29,22730.59,21693.5,17,17,3,1,0.0185,1,0,2,0,0.413,0
ACC06751,915,19,8068.85,11,8,77749.33,56370.74,5,5,5,1,0.1015,3,0,0,0,0.3339,0
ACC06752,237,23,939.71,14,9,9960.04,8611.39,4,9,3,1,0.007,0,1,1,2,0.2472,0
ACC06753,100,370,22303.89,262,108,6131289.06,2359473.11,216,94,14,138,0.2819,23,5,1,4,0.5911,1
ACC06754,636,42,4535.41,24,18,89476.63,69834.3,12,12,1,1,0.0395,2,0,1,0,0.1409,0
ACC06755,1053,56,2620.65,23,33,67733.59,101980.93,4,13,3,0,0.0385,2,1,0,0,0.3666,0
ACC06756,380,91,12329.24,70,21,963274.06,299581.26,70,10,18,26,0.0633,22,4,6,2,0.9018,1
ACC06757,1683,58,3985.59,20,38,74736.34,170098.58,7,17,4,5,0.0626,0,0,0,0,0.2533,0
ACC06758,1193,30,5150.86,12,18,56591.79,82130.64,5,15,3,3,0.009,2,0,1,1,0.4899,0
ACC06759,1024,102,27450.29,76,26,2291550.51,742196.3,76,19,20,39,0.2657,25,4,4,5,0.7699,1
ACC06760,81,518,38980.26,293,225,12856869.68,10533884.91,245,197,13,192,0.5461,23,6,4,6,0.9384,1
ACC06761,843,27,5174.98,17,10,104818.63,60303.34,2,2,3,1,0.0783,1,2,1,0,0.1634,0
ACC06762,643,179,4036.36,87,92,300810.6,439726.43,34,50,3,1,0.0522,0,0,2,1,0.3588,0
ACC06763,574,35,1936.49,12,23,24608.3,36452.48,7,15,3,2,0.0568,0,0,0,1,0.2517,0
ACC06764,363,42,2647.66,21,21,45302.85,59704.47,6,15,2,5,0.0633,0,1,0,0,0.4076,0
ACC06765,298,258,8088.72,153,105,1488847.83,941394.01,106,88,13,89,0.1561,22,7,4,3,0.7371,1
ACC06766,471,207,21322.33,128,79,3015341.42,2030541.29,93,71,18,82,0.3065,29,5,8,3,0.9062,1
ACC06767,80,69,29761.23,50,19,1823904.52,529378.08,31,19,16,23,0.5888,23,5,1,5,0.8789,1
ACC06768,236,89,12090.22,59,30,690520.54,329747.53,32,30,13,39,0.3786,25,3,5,2,0.9269,1
ACC06769,469,15,2057.38,5,10,10430.04,24101.58,5,4,4,2,0.0793,2,0,0,0,0.2503,0
ACC06770,137,280,31069.11,200,80,7704314.39,3052067.07,175,75,15,103,0.3586,18,7,5,3,0.856,1
ACC06771,577,16,5890.7,6,10,46368.6,73057.76,2,5,2,1,0.0411,1,0,2,0,0.3678,0
ACC06772,57,525,33755.26,284,241,10709191.01,8118563.3,204,210,13,217,0.4826,21,13,6,1,0.9602,1
ACC06773,1119,61,2102.24,38,23,99590.01,59093.24,18,17,3,1,0.0513,1,1,3,1,0.3185,0
ACC06774,286,206,27474.85,113,93,3341034.2,3070724.01,80,82,18,73,0.3115,19,6,7,4,0.9269,1
ACC06775,1707,46,855.68,22,24,14588.27,25861.03,9,12,2,2,0.0275,1,0,1,1,0.2616,0
ACC06776,99,287,10552.66,222,65,2341260.83,613142.08,176,51,16,120,0.6066,22,7,5,5,0.6698,1
ACC06777,1270,54,1718.19,33,21,68945.56,33238.05,13,12,1,1,0.1332,1,0,0,0,0.305,0
ACC06778,838,47,2381.08,18,29,39757.63,58914.79,7,24,0,1,0.0343,0,0,1,2,0.2885,0
ACC06779,278,75,1906.3,30,45,76326.56,73508.14,17,28,0,0,0.0715,1,1,0,2,0.1951,0
ACC06780,3058,34,1943.27,19,15,32329.51,25596.55,8,14,5,3,0.0484,2,0,1,0,0.2869,0
ACC06781,808,72,1697.55,43,29,71697.57,36942.71,24,2,2,2,0.0539,1,1,2,0,0.3084,0
ACC06782,808,66,2676.23,41,25,102531.72,65951.15,26,16,3,1,0.0975,2,1,2,0,0.2456,0
ACC06783,497,21,8873.4,9,12,96833.28,88259.12,6,2,1,1,0.0477,2,0,1,1,0.1531,0
ACC06784,459,25,5223.55,12,13,53156.85,58929.19,3,8,0,1,0.0231,0,1,1,2,0.4694,0
ACC06785,1175,57,1620.28,31,26,67295.67,42549.87,17,7,2,2,0.0985,2,0,2,1,0.3977,0
ACC06786,1256,14,1924.85,5,9,8449.34,18214.24,2,5,0,4,0.0239,3,0,2,1,0.2628,0
ACC06787,712,32,2151.42,11,21,28118.48,38944.92,5,10,3,3,0.0538,1,1,5,1,0.1168,0
ACC06788,529,260,5573.53,177,83,857943.41,450471.28,162,60,12,106,0.2181,20,5,2,5,0.8058,1
ACC06789,1662,97,1917.41,43,54,92842.64,113343.74,10,25,3,1,0.0145,0,0,1,0,0.1916,0
ACC06790,2776,93,3865.33,40,53,199056.78,156942.38,17,34,6,2,0.2173,4,0,1,0,0.361,0
ACC06791,511,50,1780.67,31,19,64252.71,41041.39,10,15,2,5,0.0121,2,0,0,1,0.2032,0
ACC06792,728,53,7420.8,23,30,155507.28,201530.45,9,18,2,0,0.031,1,0,0,1,0.1571,0
ACC06793,1529,26,650.64,15,11,13061.04,6280.84,15,7,1,1,0.0527,2,1,0,3,0.0743,0
ACC06794,903,57,1292.78,35,22,38347.71,21878.42,17,4,2,1,0.0233,2,0,1,1,0.2506,0
ACC06795,1014,73,4992.64,41,32,164428.81,184397.2,24,16,7,4,0.0329,5,1,0,1,0.2264,0
ACC06796,462,74,2282.59,45,29,101429.97,84183.14,24,19,1,0,0.0147,0,0,1,1,0.2523,0
ACC06797,720,31,1934.97,13,18,19568.13,30364.75,7,7,1,4,0.0392,2,0,1,3,0.1993,0
ACC06798,108,98,8438.2,64,34,622852.02,295085.57,61,34,12,39,0.2969,29,4,5,4,0.9065,1
ACC06799,472,1043,62756.5,597,446,39068304.96,28789014.31,481,407,16,399,0.2665,24,6,7,7,0.7876,1
ACC06800,2302,37,1356.12,15,22,20637.08,29662.68,2,12,2,4,0.0297,3,1,3,0,0.294,0
ACC06801,81,510,26517.39,268,242,7920431.31,5976204.28,209,207,15,198,0.2954,21,9,11,5,0.8736,1
ACC06802,2251,29,1829.74,11,18,15800.67,41486.96,2,10,1,2,0.0901,3,2,1,0,0.2957,0
ACC06803,928,29,1713.52,11,18,20754.26,37818.36,4,13,0,3,0.0313,3,1,1,1,0.2764,0
ACC06804,44,317,10914.3,188,129,1971663.27,1638600.11,167,101,16,125,0.1337,25,3,7,8,0.9448,1
ACC06805,417,24,2303.04,11,13,20092.11,30068.54,11,7,2,1,0.1369,0,0,1,0,0.3365,0
ACC06806,981,48,2072.86,22,26,34969.0,61031.96,9,13,0,2,0.0227,2,0,1,0,0.5394,0
ACC06807,871,43,2594.56,21,22,57234.49,74038.31,15,14,4,0,0.0803,0,0,2,1,0.1665,0
ACC06808,106,421,22156.26,329,92,8364749.69,1871699.94,265,91,11,175,0.332,23,10,9,2,0.9394,1
ACC06809,1734,39,1074.27,18,21,18342.29,16994.66,8,11,2,1,0.0397,1,1,1,0,0.3855,0
ACC06810,614,48,812.49,18,30,12792.34,31067.59,6,25,2,1,0.1142,0,0,1,0,0.3287,0
ACC06811,94,439,39604.94,254,185,11948047.51,8701891.38,235,159,10,184,0.424,34,12,5,5,0.8614,1
ACC06812,834,36,9536.64,20,16,234452.78,127800.51,10,9,1,1,0.0611,2,2,2,1,0.1776,0
ACC06813,215,482,15767.5,265,217,4335558.84,4080156.95,212,199,12,192,0.3592,25,5,3,8,0.905,1
ACC06814,886,48,4956.11,20,28,96173.51,169120.96,8,9,1,3,0.0921,2,1,1,1,0.1421,0
ACC06815,2286,39,2113.88,19,20,51021.97,47059.27,3,14,0,2,0.0556,1,1,0,0,0.122,0
ACC06816,807,283,14608.52,192,91,3198760.24,1133014.05,176,91,13,113,0.3181,20,9,6,7,0.878,1
ACC06817,1544,29,1985.49,14,15,31813.07,23252.51,14,2,2,1,0.0416,2,0,1,2,0.2648,0
ACC06818,340,156,14388.66,80,76,1052045.45,1103678.71,54,60,14,53,0.586,21,4,6,6,0.7892,1
ACC06819,81,280,27775.11,148,132,4600135.28,4202451.93,103,109,19,108,0.4258,19,5,7,6,0.9313,1
ACC06820,47,210,19703.25,124,86,2939513.63,1784324.63,106,61,14,70,0.5039,24,7,2,2,0.8378,1
ACC06821,1670,84,3912.68,30,54,135540.19,186600.59,11,24,0,4,0.0323,3,0,0,0,0.2952,0
ACC06822,649,67,1513.53,24,43,39145.82,55842.07,7,26,1,4,0.0737,2,0,2,3,0.4324,0
ACC06823,1163,32,1149.7,17,15,23906.47,20313.88,12,4,1,3,0.0243,0,0,0,0,0.112,0
ACC06824,44,356,14826.45,253,103,4094696.54,1779145.83,220,98,13,140,0.2438,37,3,5,3,0.8789,1
ACC06825,216,784,17310.4,580,204,10234620.85,4411759.78,493,189,10,273,0.1474,28,10,3,4,0.9601,1
ACC06826,1477,60,4097.66,22,38,87501.37,186431.83,11,17,0,0,0.0625,0,1,3,0,0.3795,0
ACC06827,922,26,8107.54,13,13,85425.05,99183.21,5,2,0,2,0.02,0,1,0,0,0.7685,0
ACC06828,347,55,1594.82,32,23,41821.11,35106.01,22,14,1,3,0.0716,1,0,0,1,0.2494,0
ACC06829,299,17,6838.72,8,9,60601.36,53218.8,3,9,1,3,0.0703,1,0,1,0,0.2754,0
ACC06830,67,72,11020.25,49,23,586800.35,263462.66,31,17,15,24,0.7061,26,3,9,10,0.7294,1
ACC06831,540,23,3794.54,9,14,36361.99,37906.82,6,9,1,2,0.0768,1,2,2,1,0.1563,0
ACC06832,99,68,30664.82,43,25,1575661.03,898825.72,10,15,13,24,0.2428,28,4,3,2,0.6731,1
ACC06833,2184,49,719.59,25,24,21102.87,20975.15,8,13,3,3,0.0987,3,0,2,3,0.1392,0
ACC06834,441,28,1470.87,14,14,17162.08,16931.11,6,7,3,2,0.0225,1,0,3,2,0.261,0
ACC06835,249,313,21995.21,179,134,4184055.69,3407954.91,162,113,12,120,0.4833,34,4,1,5,0.8568,1
ACC06836,136,249,11842.5,165,84,1813243.05,998849.97,162,82,22,103,0.3826,28,6,7,2,0.9717,1
ACC06837,373,12,4034.49,5,7,15701.52,27329.79,2,2,3,5,0.0367,2,0,0,1,0.2974,0
ACC06838,3279,42,2261.36,25,17,57818.95,29864.55,8,6,4,4,0.0447,1,0,1,1,0.3522,0
ACC06839,963,28,1067.66,14,14,14427.61,12618.17,2,5,0,1,0.0474,2,0,0,2,0.3493,0
ACC06840,456,60,3560.59,31,29,115005.29,107958.28,20,16,1,2,0.0716,0,0,1,1,0.1315,0
ACC06841,363,246,7965.41,192,54,1439357.09,377238.33,160,32,9,78,0.5175,29,6,7,1,0.9121,1
ACC06842,1184,69,7213.87,28,41,182901.4,210296.7,17,15,3,1,0.0454,0,0,0,0,0.1483,0
ACC06843,840,29,4140.28,13,16,71289.17,62073.64,10,14,2,0,0.0752,1,1,0,0,0.1426,0
ACC06844,417,41,4950.38,14,27,57095.24,106015.12,4,15,2,3,0.095,0,1,0,1,0.251,0
ACC06845,420,29,2365.78,16,13,46111.38,27672.51,4,11,0,1,0.0526,2,0,0,0,0.5601,0
ACC06846,356,177,12066.24,130,47,1956643.36,619075.04,103,41,10,72,0.358,32,7,2,3,0.965,1
ACC06847,760,27,3763.68,16,11,66388.21,41508.45,16,6,4,1,0.0091,0,0,2,2,0.3581,0
ACC06848,734,113,1920.63,53,60,127473.34,93651.21,28,37,3,4,0.1714,3,1,0,0,0.1264,0
ACC06849,2068,53,4597.51,26,27,139608.87,138157.2,11,20,4,1,0.0918,5,0,0,0,0.0919,0
ACC06850,1542,64,5558.2,35,29,230233.27,191000.89,20,22,6,4,0.0653,1,0,2,0,0.2645,0
ACC06851,80,278,11244.3,145,133,1425581.02,1451082.41,103,96,12,102,0.2781,32,7,1,3,0.8511,1
ACC06852,38,396,6286.74,297,99,2145014.73,612000.92,242,98,13,152,0.2824,23,6,8,4,0.9349,1
ACC06853,1475,30,5549.88,15,15,89394.53,74195.61,10,5,4,4,0.0435,2,1,1,1,0.3779,0
ACC06854,278,201,12372.62,105,96,1296172.75,1269140.49,79,85,16,84,0.4729,26,7,3,2,0.9339,1
ACC06855,806,73,2127.29,45,28,96421.12,74754.05,19,17,1,1,0.0122,2,1,0,1,0.1814,0
ACC06856,1853,48,6874.49,27,21,208326.49,174392.42,15,13,0,2,0.0221,1,0,3,0,0.1892,0
ACC06857,1943,106,2294.34,46,60,92505.4,158565.68,19,32,5,2,0.0437,3,0,1,3,0.0695,0
ACC06858,611,114,2704.84,52,62,121288.58,151106.04,23,34,0,3,0.0222,0,0,0,1,0.4149,0
ACC06859,1270,72,986.41,46,26,50216.96,28155.39,21,19,1,1,0.0805,3,0,1,0,0.2731,0
ACC06860,2233,55,3893.24,30,25,121618.58,99577.47,23,19,4,1,0.027,1,1,3,2,0.255,0
ACC06861,374,19,2636.9,9,10,23098.58,18657.76,8,3,0,1,0.1343,0,1,2,0,0.4416,0
ACC06862,79,94,9002.15,70,24,605037.98,210138.78,39,24,17,23,0.3401,14,9,6,2,0.6602,1
ACC06863,1098,84,3142.65,29,55,100205.85,219160.2,2,28,4,2,0.1243,2,0,2,0,0.2861,0
ACC06864,1039,40,5155.63,21,19,132457.33,123484.35,14,7,3,1,0.0614,3,0,2,1,0.4073,0
ACC06865,839,40,3162.47,15,25,63055.13,72077.42,9,10,2,1,0.0359,0,2,1,2,0.1404,0
ACC06866,996,39,3777.96,17,22,78909.1,100796.64,10,3,1,2,0.0672,1,1,0,0,0.1058,0
ACC06867,915,54,1813.59,25,29,34214.08,65245.3,3,6,3,3,0.0963,1,1,0,0,0.5022,0
ACC06868,2188,42,2504.0,26,16,87591.56,50140.13,7,10,4,0,0.0318,0,1,1,2,0.6235,0
ACC06869,128,18,2847.08,9,9,30466.24,21495.21,4,3,3,0,0.041,1,0,0,0,0.4006,0
ACC06870,1245,61,1961.67,22,39,36000.29,91814.37,6,27,2,0,0.0295,0,2,2,1,0.1227,0
ACC06871,723,43,2647.61,17,26,56162.35,87919.93,3,14,2,3,0.041,4,0,1,1,0.3667,0
ACC06872,1207,21,5780.95,12,9,71738.92,63313.06,2,9,2,3,0.1016,1,0,2,2,0.3463,0
ACC06873,528,55,2557.28,34,21,97703.8,66194.6,22,13,0,2,0.0374,1,1,0,1,0.2383,0
ACC06874,1320,8,1997.05,4,4,7678.98,6989.59,2,4,1,0,0.0381,1,0,4,2,0.2048,0
ACC06875,1590,57,3640.71,36,21,142134.95,74418.99,16,2,4,6,0.0346,1,0,1,2,0.3208,0
ACC06876,1264,28,1115.62,17,11,15126.83,9880.22,17,2,1,1,0.0606,1,1,5,0,0.0657,0
ACC06877,408,113,936.47,54,59,48855.09,71749.45,18,34,2,2,0.0901,2,0,0,0,0.2121,0
ACC06878,192,220,14742.77,172,48,2806760.73,874229.64,133,34,9,78,0.4768,21,4,1,2,0.805,1
ACC06879,111,363,31540.27,183,180,5844775.8,5208977.43,163,170,17,119,0.3002,30,7,5,6,0.6815,1
ACC06880,123,198,14211.49,109,89,1904562.34,1091429.66,93,74,15,73,0.3378,23,11,3,1,0.921,1
ACC06881,1092,66,945.55,32,34,39516.12,35476.02,23,13,2,1,0.0346,1,0,2,1,0.1582,0
ACC06882,117,106,35199.18,82,24,3456856.44,732830.76,63,17,19,41,0.2443,29,6,6,1,0.7452,1
ACC06883,1199,28,3119.72,13,15,45543.92,51922.55,2,15,2,1,0.0427,3,0,0,0,0.3059,0
ACC06884,1257,50,1937.85,23,27,50290.81,61463.12,8,11,3,2,0.023,4,0,2,0,0.1914,0
ACC06885,420,25,2327.16,14,11,28106.43,26860.73,2,6,2,0,0.1019,0,1,1,0,0.1441,0
ACC06886,1670,52,2336.46,21,31,59096.39,50826.15,4,10,3,1,0.0647,1,0,0,0,0.3136,0
ACC06887,41,85,24040.76,47,38,1027385.87,930469.97,34,33,9,28,0.3291,24,9,10,5,0.8714,1
ACC06888,306,20,599.68,8,12,3955.15,9337.21,5,2,2,4,0.05,0,0,3,2,0.4422,0
ACC06889,352,55,1136.49,24,31,25331.64,45012.82,8,17,1,2,0.0925,1,0,0,1,0.3299,0
ACC06890,766,90,2892.48,36,54,138416.94,113676.92,18,25,1,1,0.0311,5,0,1,1,0.2326,0
ACC06891,360,335,25262.64,213,122,5170935.08,3493641.89,201,98,14,134,0.5444,22,4,4,2,0.8732,1
ACC06892,54,243,17547.09,169,74,2727175.36,1505555.93,137,74,14,107,0.5041,21,7,9,6,0.61,1
ACC06893,339,987,15043.29,668,319,12443260.0,5234656.15,584,285,16,352,0.2074,21,6,5,3,0.8916,1
ACC06894,1232,85,6271.29,47,38,356030.15,177512.11,24,21,2,4,0.0679,3,2,1,0,0.109,0
ACC06895,147,282,4080.76,216,66,819550.95,267833.28,161,62,17,107,0.4321,31,7,4,5,0.8846,1
ACC06896,53,417,10029.22,256,161,2295399.46,1576336.99,255,154,10,158,0.2792,28,9,4,2,0.6976,1
ACC06897,232,322,26191.2,220,102,5752164.12,2426918.15,196,96,21,121,0.5107,25,4,6,3,0.8463,1
ACC06898,139,131,20677.51,87,44,1814511.54,1046483.43,68,35,11,37,0.4059,25,6,9,9,0.7464,1
ACC06899,1018,55,1229.22,31,24,29981.64,28070.47,11,13,1,0,0.0464,2,0,1,0,0.117,0
ACC06900,126,335,14575.03,172,163,2867077.66,2418040.58,137,139,22,116,0.6461,24,6,7,6,0.8686,1
ACC06901,350,407,8731.97,280,127,2913043.45,946056.0,212,101,19,154,0.3314,16,6,3,3,0.8407,1
ACC06902,172,149,16182.24,115,34,1798074.46,684393.63,101,34,9,58,0.5896,21,5,3,4,0.8226,1
ACC06903,400,50,1043.99,31,19,28609.44,21335.67,13,10,1,0,0.0761,0,0,2,0,0.1613,0
ACC06904,877,47,4216.82,21,26,99751.4,104250.53,5,13,1,3,0.0184,1,1,1,1,0.5003,0
ACC06905,932,41,4060.48,16,25,83950.73,116898.76,8,13,2,2,0.0231,1,2,3,0,0.2556,0
ACC06906,345,25,2639.03,10,15,34413.03,39507.18,10,6,2,1,0.0531,0,0,2,2,0.1541,0
ACC06907,1037,19,2364.04,11,8,35049.52,13999.49,11,8,2,2,0.1155,0,0,0,0,0.1305,0
ACC06908,178,527,19334.26,303,224,6587979.35,4250182.89,237,216,15,214,0.2136,19,5,6,6,0.8906,1
ACC06909,69,316,9209.58,187,129,1754258.94,1061023.38,183,119,14,122,0.4148,28,8,7,3,0.8837,1
ACC06910,636,97,6260.7,38,59,307236.49,271552.64,22,18,2,2,0.1078,2,1,1,0,0.2354,0
ACC06911,374,32,4896.69,14,18,60426.64,104131.84,10,10,2,1,0.0396,1,1,2,0,0.4166,0
ACC06912,654,97,6319.65,35,62,238365.54,308042.31,19,36,2,0,0.0594,3,0,0,1,0.2333,0
ACC06913,1763,26,2647.9,14,12,37988.15,23265.47,9,6,0,0,0.0518,0,1,2,1,0.4898,0
ACC06914,1782,24,2422.63,12,12,38706.95,33985.3,2,6,0,1,0.0082,3,0,1,1,0.1333,0
ACC06915,1170,35,1538.97,19,16,36778.28,30654.8,7,13,3,4,0.0459,4,0,2,1,0.5361,0
ACC06916,492,83,3553.41,38,45,168843.49,119534.1,24,29,1,1,0.0421,2,2,3,0,0.1805,0
ACC06917,50,136,21511.64,88,48,1798897.03,884958.68,64,36,13,49,0.3937,25,8,2,2,0.8402,1
ACC06918,428,39,2185.76,15,24,34742.02,46434.75,8,15,1,2,0.0644,1,1,2,1,0.2518,0
ACC06919,1556,185,3177.0,86,99,205063.62,222711.87,51,55,2,1,0.0853,2,0,2,2,0.3036,0
ACC06920,949,78,4190.77,48,30,258050.88,142725.72,27,22,2,2,0.0498,2,0,0,1,0.0746,0
ACC06921,1007,35,5295.64,19,16,130561.42,104040.01,8,4,4,1,0.0303,1,0,1,0,0.3582,0
ACC06922,702,19,1603.24,8,11,13948.73,20990.74,2,11,1,2,0.0406,2,0,1,2,0.3521,0
ACC06923,450,30,1507.22,15,15,17535.41,25546.49,10,2,2,1,0.0418,0,0,2,0,0.1593,0
ACC06924,1933,23,2210.96,9,14,26264.11,33781.83,2,9,0,2,0.0481,1,1,1,1,0.371,0
ACC06925,57,124,8169.2,97,27,880118.34,214322.28,92,19,16,49,0.5828,26,1,1,2,0.9244,1
ACC06926,155,279,33262.83,215,64,7131932.26,2622236.79,168,60,14,103,0.5867,27,6,7,1,0.8921,1
ACC06927,26,184,11766.23,92,92,1098124.77,951490.5,67,78,7,68,0.3322,28,6,4,2,0.9027,1
ACC06928,1711,72,6226.37,26,46,195235.61,349328.55,21,28,4,0,0.0527,0,1,1,1,0.4582,0
ACC06929,2673,69,2095.0,41,28,92059.79,71135.35,25,18,2,1,0.0187,5,1,0,1,0.2308,0
ACC06930,1614,69,2383.68,43,26,95582.94,57824.61,26,21,1,3,0.0508,1,1,2,1,0.2206,0
ACC06931,68,436,9945.5,312,124,3159841.95,1458850.54,254,114,21,174,0.2037,27,12,3,4,0.8985,1
ACC06932,57,287,15502.44,222,65,4000587.31,1223692.21,211,47,20,88,0.2911,26,4,9,4,0.9513,1
ACC06933,48,172,6550.01,117,55,866264.34,332545.37,92,55,21,54,0.3876,21,5,6,3,0.8889,1
ACC06934,1437,36,5210.89,13,23,72275.99,124077.15,2,17,4,3,0.0125,0,0,3,0,0.2564,0
ACC06935,4861,40,1666.27,20,20,29224.33,40285.37,5,20,1,3,0.0362,1,0,0,0,0.184,0
ACC06936,606,54,2774.69,20,34,52038.42,119333.92,8,21,1,2,0.0452,3,0,2,3,0.2742,0
ACC06937,337,37,1221.25,21,16,26546.8,14902.42,9,11,3,3,0.0045,1,0,3,0,0.0937,0
ACC06938,1519,20,901.68,12,8,12154.55,7243.43,4,7,4,2,0.1485,1,1,3,1,0.1656,0
ACC06939,709,25,3578.19,13,12,56957.02,54011.26,5,2,3,1,0.0098,2,1,0,0,0.2022,0
ACC06940,920,78,694.08,32,46,17696.32,28641.79,10,28,3,2,0.1033,2,0,3,0,0.4596,0
ACC06941,829,25,6688.09,9,16,46774.56,135973.63,2,16,2,1,0.054,3,0,1,1,0.4144,0
ACC06942,388,22,3197.39,10,12,34281.87,41311.25,10,12,0,3,0.0664,0,1,1,1,0.2278,0
ACC06943,118,269,17389.37,207,62,3912868.63,1169676.83,184,55,12,83,0.3644,28,3,4,2,0.6257,1
ACC06944,1080,43,5121.13,16,27,67110.58,128032.05,2,13,3,7,0.1346,0,0,0,0,0.271,0
ACC06945,1103,58,580.18,21,37,9660.35,26037.04,11,18,3,1,0.0072,1,0,5,1,0.4903,0
ACC06946,813,70,3806.73,31,39,150948.69,161783.77,15,21,2,4,0.0573,1,0,2,1,0.2488,0
ACC06947,86,98,10261.89,73,25,691363.1,306068.61,36,25,14,33,0.7292,25,6,8,6,0.9606,1
ACC06948,191,623,2919.45,316,307,1081875.16,1108794.23,255,271,18,225,0.4565,19,1,3,2,0.9186,1
ACC06949,734,41,3206.73,23,18,57129.82,46782.52,13,7,3,3,0.0064,3,0,1,1,0.2092,0
ACC06950,173,271,10280.89,137,134,1476396.72,1310914.0,94,100,22,93,0.2269,26,6,2,10,0.8946,1
ACC06951,2179,102,1179.4,45,57,63761.36,83890.27,27,26,2,1,0.0623,0,0,1,0,0.3544,0
ACC06952,60,210,17005.43,149,61,2622575.49,1112545.82,99,55,12,61,0.1474,26,7,10,1,0.9393,1
ACC06953,609,30,2535.95,17,13,51959.84,37903.59,9,4,0,1,0.1261,4,0,1,0,0.2309,0
ACC06954,40,229,18507.91,138,91,3133525.99,1993345.07,101,71,10,84,0.2093,21,5,8,3,0.8989,1
ACC06955,705,16,3457.41,8,8,23598.93,23695.63,2,5,2,4,0.0284,0,0,3,2,0.4248,0
ACC06956,50,676,25156.26,432,244,10375656.25,6518622.67,350,233,17,268,0.4142,33,7,6,7,0.9622,1
ACC06957,650,156,1608.53,83,73,141645.38,84841.77,38,37,2,1,0.1364,1,1,0,1,0.5712,0
ACC06958,489,25,2321.28,14,11,25690.93,31991.45,13,6,0,1,0.0286,0,0,4,1,0.1176,0
ACC06959,375,29,1510.83,11,18,16826.55,28628.54,3,4,1,1,0.0346,0,0,1,0,0.2383,0
ACC06960,1440,28,1398.58,16,12,25295.6,12407.35,5,10,6,4,0.0571,1,0,1,1,0.3068,0
ACC06961,40,224,8430.55,139,85,1078921.76,887076.91,115,66,14,84,0.4168,19,6,8,4,0.6165,1
ACC06962,781,44,2445.69,19,25,53535.65,53580.13,11,14,0,1,0.0342,2,1,2,0,0.3436,0
ACC06963,269,37,2777.71,20,17,64297.01,42276.45,12,5,3,3,0.0711,0,0,4,1,0.2039,0
ACC06964,436,66,1654.98,25,41,35902.83,80456.34,11,12,2,3,0.0816,2,1,4,0,0.2395,0
ACC06965,707,176,3760.19,113,63,372422.16,218493.72,48,33,1,1,0.0324,0,0,0,2,0.1417,0
ACC06966,1440,17,2715.56,7,10,21599.26,31717.33,7,6,1,1,0.1321,1,1,1,0,0.332,0
ACC06967,110,310,6165.79,174,136,917313.36,1032337.67,173,133,15,115,0.3625,19,5,3,2,0.9477,1
ACC06968,1064,23,6298.35,10,13,61566.37,73716.2,2,3,1,3,0.067,1,0,3,1,0.2262,0
ACC06969,36,148,21516.02,106,42,2332962.98,773113.44,106,42,12,51,0.5454,27,5,3,2,0.8012,1
ACC06970,1052,61,7640.39,28,33,256091.31,293908.09,15,16,5,4,0.1242,1,0,1,0,0.1915,0
ACC06971,820,16,2200.32,9,7,23632.36,17840.74,2,5,4,2,0.0669,0,0,1,0,0.2404,0
ACC06972,791,26,1701.61,14,12,31281.21,17506.18,2,2,2,2,0.075,0,0,1,1,0.497,0
ACC06973,51,694,20552.6,536,158,12066889.98,3233004.63,423,131,13,256,0.6401,25,5,2,5,0.7885,1
ACC06974,1196,69,7573.79,28,41,225409.84,302104.23,10,26,2,0,0.062,3,0,2,0,0.2936,0
ACC06975,886,53,2980.45,24,29,66863.47,106153.7,4,14,2,2,0.0297,2,1,1,0,0.3142,0
ACC06976,734,81,6814.92,36,45,261586.24,266870.01,12,16,3,1,0.1033,1,1,1,1,0.4386,0
ACC06977,1319,30,3272.57,10,20,35335.8,59765.19,10,18,4,4,0.047,1,0,0,0,0.2334,0
ACC06978,666,59,678.86,21,38,11975.03,23593.81,12,24,2,1,0.0756,2,0,0,1,0.4655,0
ACC06979,1037,36,2335.92,12,24,34001.84,49457.09,8,9,2,1,0.0599,3,1,1,0,0.1961,0
ACC06980,749,35,871.3,17,18,16450.18,17414.51,2,10,5,1,0.0837,2,1,4,0,0.2499,0
ACC06981,2384,31,2054.73,13,18,24060.47,35394.53,12,16,2,2,0.0231,3,0,0,0,0.311,0
ACC06982,556,44,3276.19,25,19,107639.06,80160.03,14,5,2,4,0.0435,3,0,0,0,0.1738,0
ACC06983,355,530,17645.39,415,115,6763743.69,2406810.68,354,112,12,211,0.3004,29,5,3,1,0.8058,1
ACC06984,1003,23,1404.33,10,13,16040.82,19634.56,2,7,1,3,0.0517,0,0,1,2,0.1834,0
ACC06985,196,203,21442.63,125,78,3312488.16,1839446.26,81,77,12,80,0.4699,22,2,9,7,0.8359,1
ACC06986,34,91,15975.18,46,45,870807.9,648630.89,46,41,16,31,0.4065,18,5,5,8,0.6934,1
ACC06987,639,45,4129.54,28,17,154901.54,49876.26,17,5,1,0,0.0349,1,1,1,1,0.3688,0
ACC06988,136,88,15013.19,57,31,982425.76,561720.17,39,31,8,31,0.6303,28,11,1,5,0.7458,1
ACC06989,1289,24,2506.39,9,15,17954.08,35712.72,2,6,2,6,0.0556,2,0,0,2,0.2612,0
ACC06990,1684,36,2914.51,18,18,51964.66,51264.61,3,8,3,1,0.0723,0,3,1,0,0.2155,0
ACC06991,603,118,2698.08,68,50,218820.33,153598.38,34,28,6,0,0.0118,1,1,1,1,0.5367,0
ACC06992,88,347,15376.14,276,71,3691302.01,1230723.86,227,65,10,163,0.3487,23,12,4,4,0.6182,1
ACC06993,683,135,7112.36,102,33,740233.11,252962.6,100,26,16,45,0.5579,14,7,2,3,0.7892,1
ACC06994,51,479,5277.64,333,146,1684084.15,825886.8,295,145,18,169,0.548,31,2,4,3,0.904,1
ACC06995,53,165,11436.65,127,38,1313011.64,386558.79,106,31,15,78,0.5537,26,3,7,6,0.6432,1
ACC06996,115,354,17330.66,279,75,4256481.96,1276246.7,236,75,11,138,0.5128,23,3,5,5,0.9253,1
ACC06997,1560,56,1454.77,27,29,34915.63,33875.79,8,18,3,3,0.1083,2,0,2,1,0.1067,0
ACC06998,324,305,22295.83,239,66,5824165.49,1359327.62,217,66,25,115,0.2486,24,9,7,3,0.9295,1
ACC06999,121,346,21024.19,261,85,5109016.74,1623126.52,233,60,17,139,0.5293,19,5,6,3,0.8727,1
ACC07000,220,131,14497.5,96,35,1702778.2,519191.68,96,27,9,43,0.4265,17,6,4,5,0.7715,1
ACC07001,1150,123,1594.11,69,54,92318.72,68881.23,31,32,3,0,0.0497,0,1,1,1,0.2496,0
ACC07002,286,32,3107.49,16,16,59661.12,55406.85,7,9,1,2,0.0123,0,0,1,3,0.1609,0
ACC07003,1748,74,4373.38,38,36,155417.8,201148.51,23,22,0,4,0.0552,1,1,1,1,0.2632,0
ACC07004,165,167,22509.26,99,68,2652460.59,1614172.95,87,68,19,69,0.3545,29,6,4,1,0.9607,1
ACC07005,1075,17,7608.89,6,11,52338.69,73611.1,2,5,1,1,0.055,1,3,0,2,0.4299,0
ACC07006,160,69,4073.84,25,44,107776.81,216225.56,11,16,4,2,0.0521,2,1,0,0,0.1983,0
ACC07007,571,53,5075.9,34,19,136269.95,105573.9,19,17,0,1,0.0029,0,0,0,1,0.3269,0
ACC07008,503,73,890.3,42,31,42971.8,33151.03,20,15,1,3,0.0658,2,0,0,1,0.2515,0
ACC07009,1335,50,3141.29,23,27,96551.49,87565.77,20,19,1,4,0.0054,1,0,1,0,0.1357,0
ACC07010,548,62,1437.66,28,34,38052.25,43881.92,6,17,4,2,0.0146,2,0,3,1,0.2491,0
ACC07011,893,67,3604.82,41,26,133552.19,108258.22,16,15,1,1,0.0464,0,0,0,0,0.1871,0
ACC07012,730,90,2374.43,48,42,149352.03,103146.39,18,32,3,3,0.0392,4,0,2,1,0.2363,0
ACC07013,52,341,15452.46,183,158,3282559.03,2222413.19,143,132,15,120,0.3281,25,8,11,11,0.9828,1
ACC07014,931,59,3902.46,21,38,95511.83,179410.23,11,21,1,0,0.0103,1,1,1,1,0.2867,0
ACC07015,499,116,2622.99,60,56,135257.49,122649.38,22,28,1,2,0.0851,1,0,1,1,0.2418,0
ACC07016,447,240,4956.75,150,90,891325.12,391251.27,119,90,12,94,0.3508,24,5,5,1,0.9656,1
ACC07017,2283,108,581.57,40,68,25276.19,37310.84,17,47,3,1,0.027,1,2,2,0,0.5413,0
ACC07018,2620,35,4101.26,14,21,46207.74,105585.87,14,16,2,0,0.1099,0,2,2,0,0.1652,0
ACC07019,1997,32,3547.19,19,13,59235.51,36081.38,12,10,5,2,0.0815,2,0,0,1,0.4246,0
ACC07020,770,71,5211.48,25,46,115030.92,203543.75,10,30,1,0,0.049,2,1,0,0,0.607,0
ACC07021,158,136,9508.71,82,54,677482.31,640670.26,82,54,13,45,0.414,20,6,5,4,0.8115,1
ACC07022,180,348,8680.73,187,161,1537391.54,1235192.39,153,133,14,155,0.3606,31,3,6,4,0.7857,1
ACC07023,1058,31,10426.81,11,20,102089.38,247532.85,7,4,1,3,0.0554,3,1,2,0,0.4193,0
ACC07024,489,20,1496.09,12,8,15004.2,13386.28,5,8,1,1,0.1248,2,0,3,0,0.1,0
ACC07025,958,17,2775.74,8,9,23021.81,30590.97,4,5,3,0,0.0653,1,0,2,0,0.1298,0
ACC07026,2119,58,2716.94,24,34,81888.94,80175.72,8,13,4,5,0.0483,2,0,1,1,0.1074,0
ACC07027,772,29,4023.58,15,14,55054.19,67346.41,2,2,2,5,0.0302,3,1,3,0,0.3482,0
ACC07028,433,790,12891.6,481,309,7079031.84,3604825.25,409,282,14,308,0.4245,27,1,7,12,0.9973,1
ACC07029,1594,38,1393.53,23,15,35575.74,20837.53,5,13,2,1,0.0424,3,1,3,0,0.1428,0
ACC07030,655,23,2339.74,10,13,29699.49,29634.17,2,7,1,0,0.077,3,0,3,2,0.2555,0
ACC07031,440,55,3256.06,33,22,110482.85,78160.43,10,16,2,3,0.1231,1,1,2,0,0.1538,0
ACC07032,785,8,3623.45,3,5,12938.51,15032.15,2,2,2,4,0.0606,1,1,1,0,0.5194,0
ACC07033,931,56,1624.76,29,27,46201.83,53361.01,11,17,2,4,0.074,1,0,0,1,0.1285,0
ACC07034,864,36,1568.97,17,19,23204.11,25237.56,6,17,6,4,0.073,0,1,2,2,0.2962,0
ACC07035,2127,45,3593.11,26,19,114453.26,86563.33,20,14,2,3,0.1023,4,0,1,0,0.1483,0
ACC07036,1097,65,18191.87,40,25,916199.89,545382.83,30,15,0,4,0.0661,0,2,2,3,0.113,0
ACC07037,54,168,10518.16,103,65,1119001.21,635707.73,78,51,8,38,0.3667,27,3,7,3,0.7782,1
ACC07038,456,109,2359.08,57,52,161373.37,98204.02,24,22,1,0,0.0505,2,2,2,1,0.2856,0
ACC07039,70,263,14387.72,191,72,2590030.38,888177.88,156,71,12,98,0.4318,19,4,6,6,0.8208,1
ACC07040,690,18,3169.28,9,9,35724.2,29935.41,4,2,5,3,0.0336,1,4,1,0,0.4783,0
ACC07041,32,203,6298.8,108,95,822275.3,740302.07,92,60,24,77,0.4182,21,5,7,5,0.9514,1
ACC07042,1418,40,3487.88,20,20,65954.62,75002.16,9,14,4,2,0.0484,1,0,2,1,0.3018,0
ACC07043,1003,65,1422.95,23,42,41690.09,59787.06,8,22,0,2,0.0718,3,2,2,1,0.0835,0
ACC07044,1657,41,978.13,21,20,16977.0,19867.95,14,2,1,1,0.0907,2,1,2,0,0.4269,0
ACC07045,599,36,5400.0,16,20,93787.18,131494.14,2,11,2,1,0.0494,1,0,3,0,0.2569,0
ACC07046,433,69,1699.56,36,33,78360.45,42431.45,11,21,1,1,0.0805,3,0,1,1,0.3401,0
ACC07047,999,36,3703.01,17,19,68081.49,89258.37,4,12,1,2,0.0243,1,2,1,0,0.1982,0
ACC07048,1956,28,1841.73,10,18,22074.23,29742.72,6,9,2,1,0.0129,2,0,1,0,0.1137,0
ACC07049,945,19,3799.8,10,9,43379.08,43045.39,4,9,0,3,0.0562,3,1,0,1,0.4991,0
ACC07050,1378,78,1248.08,27,51,41673.01,65695.62,13,39,1,2,0.0589,3,3,1,1,0.174,0
ACC07051,185,99,1241.54,51,48,72675.95,64188.04,17,27,1,2,0.038,1,0,1,1,0.1256,0
ACC07052,53,83,10239.09,64,19,648963.39,189815.62,52,19,9,33,0.4806,30,5,5,4,0.9808,1
ACC07053,192,21,3359.5,10,11,41049.86,42929.67,2,4,1,0,0.0106,0,0,3,1,0.4829,0
ACC07054,118,382,29550.77,264,118,8688453.41,3452657.05,206,106,11,135,0.306,22,6,3,5,0.9351,1
ACC07055,288,44,525.47,18,26,9301.32,16711.45,16,21,1,2,0.0051,2,0,1,1,0.2394,0
ACC07056,69,396,17700.97,306,90,6169808.4,1562879.53,265,90,12,135,0.2304,18,4,7,4,0.5849,1
ACC07057,379,56,715.94,28,28,17442.72,25282.51,4,25,7,3,0.0946,3,1,2,2,0.3728,0
ACC07058,249,1005,33872.13,690,315,22698102.09,10336234.75,575,272,14,358,0.4547,22,4,2,2,0.6728,1
ACC07059,120,329,18876.05,213,116,4039775.84,2359628.84,195,108,13,109,0.2993,35,2,3,7,0.9039,1
ACC07060,2866,22,1732.86,11,11,17235.16,16574.5,9,3,1,0,0.0829,0,0,0,0,0.1475,0
ACC07061,86,435,22281.76,234,201,6215287.43,4331607.69,196,187,16,158,0.4892,27,7,9,5,0.7464,1
ACC07062,1337,80,2496.33,39,41,89175.14,78788.56,13,25,2,5,0.0162,2,1,1,0,0.3326,0
ACC07063,1375,40,4517.39,24,16,99184.06,74887.52,11,15,3,0,0.1041,1,0,3,1,0.1393,0
ACC07064,195,229,17569.09,173,56,3369113.58,1119998.3,155,49,11,81,0.6444,26,5,3,4,0.8939,1
ACC07065,593,20,1712.62,7,13,14203.54,16374.03,2,6,1,3,0.015,0,1,3,0,0.2233,0
ACC07066,1606,59,4792.3,31,28,185483.89,138485.34,6,12,3,1,0.1009,2,0,1,2,0.4607,0
ACC07067,2062,80,8482.95,42,38,325932.66,329203.07,15,19,3,3,0.0568,4,0,1,0,0.2586,0
ACC07068,1367,31,3818.1,11,20,33216.19,70695.7,9,17,1,3,0.0707,2,0,2,0,0.3045,0
ACC07069,288,293,17073.96,231,62,4503267.95,1146609.48,181,51,12,112,0.2676,24,10,6,2,0.6673,1
ACC07070,1722,15,3761.41,8,7,25438.42,28465.33,2,7,2,4,0.1343,1,2,1,0,0.546,0
ACC07071,423,40,810.23,22,18,14133.68,15001.68,8,17,1,2,0.1153,1,1,2,0,0.4179,0
ACC07072,406,10,3150.79,5,5,18450.18,13196.65,3,5,1,3,0.1073,0,0,1,1,0.2412,0
ACC07073,1539,47,2643.39,28,19,62761.94,64276.99,13,9,5,3,0.0617,3,1,0,0,0.2493,0
ACC07074,1722,52,745.9,24,28,14343.08,23638.51,10,23,2,0,0.0242,0,0,2,0,0.4115,0
ACC07075,208,244,6612.46,171,73,1141667.07,481217.51,143,50,15,81,0.353,25,3,2,2,0.7632,1
ACC07076,328,89,4709.46,43,46,152949.14,208915.09,14,21,2,3,0.0039,1,1,3,0,0.207,0
ACC07077,170,346,4477.3,254,92,1211077.12,454685.48,214,89,19,152,0.2785,19,5,6,5,0.8768,1
ACC07078,1173,33,2078.05,17,16,42567.47,27069.33,7,11,1,0,0.0864,1,0,2,2,0.4095,0
ACC07079,98,217,4253.0,142,75,543883.03,356108.81,113,75,9,77,0.2639,26,7,3,4,0.632,1
ACC07080,1273,133,1712.03,55,78,99106.38,157124.72,25,48,2,1,0.005,1,0,0,1,0.1469,0
ACC07081,1739,33,3089.83,14,19,48526.05,57883.84,3,3,2,0,0.0297,3,0,2,1,0.2245,0
ACC07082,1555,30,1052.02,15,15,12248.67,14899.9,3,7,2,1,0.0834,1,1,2,0,0.1918,0
ACC07083,2666,16,2162.87,7,9,18691.68,16543.56,5,5,3,1,0.0821,0,0,1,2,0.1368,0
ACC07084,1453,32,1675.11,13,19,20950.82,40197.49,6,13,2,2,0.0164,3,0,1,0,0.4888,0
ACC07085,5000,29,1716.43,10,19,19083.81,24779.92,2,10,2,1,0.0963,0,0,3,1,0.2055,0
ACC07086,207,86,481.02,32,54,16373.86,21831.37,13,28,0,3,0.1346,0,1,1,1,0.5277,0
ACC07087,719,547,11472.16,332,215,3950238.29,2665544.17,291,189,17,201,0.3221,29,6,6,2,0.9004,1
ACC07088,1043,52,5157.18,19,33,113669.96,178672.04,2,20,1,2,0.1347,3,2,0,0,0.0888,0
ACC07089,594,90,2807.52,43,47,128883.43,159793.47,23,31,3,1,0.0485,5,0,0,2,0.1472,0
ACC07090,995,49,710.42,17,32,9926.16,26577.81,14,21,2,3,0.0732,4,0,0,1,0.3028,0
ACC07091,1096,46,4104.47,17,29,57998.04,141486.49,2,16,4,4,0.0285,2,1,0,2,0.1018,0
ACC07092,86,596,5711.71,385,211,2184692.74,1097720.09,323,210,11,242,0.3938,21,3,5,4,0.6696,1
ACC07093,868,51,1996.8,21,30,46795.32,67157.08,5,19,2,1,0.0291,1,0,4,0,0.188,0
ACC07094,50,167,14540.97,115,52,1985204.75,721488.92,110,37,20,68,0.683,24,6,3,3,0.8103,1
ACC07095,485,65,6031.93,24,41,128784.12,264834.36,14,26,1,1,0.0347,1,1,0,0,0.2591,0
ACC07096,143,207,8575.52,123,84,1151440.36,670647.88,113,71,15,85,0.4148,25,11,6,3,0.8989,1
ACC07097,322,37,898.39,22,15,18341.15,11971.4,3,2,2,2,0.0726,2,1,1,0,0.2934,0
ACC07098,1081,58,1712.86,25,33,55796.26,40513.58,14,18,2,0,0.134,2,0,1,1,0.2844,0
ACC07099,3313,56,4231.87,20,36,96402.45,153800.94,15,11,2,1,0.0605,0,1,1,0,0.4169,0
ACC07100,38,113,22344.72,89,24,2055058.75,552015.47,81,17,17,46,0.2092,25,7,7,1,0.9237,1
ACC07101,1282,53,5385.15,29,24,170695.18,95209.95,16,14,2,4,0.0088,5,0,2,0,0.3585,0
ACC07102,291,129,6107.88,102,27,629796.82,202702.34,97,27,16,46,0.1986,35,5,2,3,0.7379,1
ACC07103,2274,90,1741.17,43,47,72074.68,76761.27,13,24,4,4,0.0354,1,1,1,0,0.0487,0
ACC07104,1269,36,2242.77,13,23,27416.76,54664.91,3,7,1,0,0.0472,1,0,1,0,0.1725,0
ACC07105,1243,23,4781.88,12,11,58879.79,62514.17,2,4,1,4,0.0159,1,0,3,0,0.3527,0
ACC07106,803,55,3457.76,31,24,129560.52,74335.68,11,21,1,4,0.0307,3,0,0,0,0.7647,0
ACC07107,127,299,8971.9,173,126,1818388.81,1362398.89,123,103,14,106,0.2118,37,6,6,3,0.751,1
ACC07108,67,502,23767.88,333,169,9134495.98,3870225.02,256,131,17,203,0.4608,30,4,9,6,0.5752,1
ACC07109,1076,27,5230.95,10,17,61500.32,81092.14,8,2,3,1,0.0237,1,1,3,0,0.2111,0
ACC07110,536,55,3283.75,34,21,134811.9,79988.58,10,16,3,1,0.0386,2,1,0,0,0.3504,0
ACC07111,296,36,547.18,15,21,10446.21,14699.46,12,12,4,2,0.0549,0,0,3,2,0.274,0
ACC07112,494,72,8102.6,27,45,195565.23,285270.46,2,22,3,4,0.0492,2,1,2,0,0.1166,0
ACC07113,688,34,3844.52,14,20,50190.43,69656.08,7,4,2,6,0.0742,0,0,0,0,0.2121,0
ACC07114,548,53,1291.45,20,33,22449.7,52087.84,7,14,2,2,0.0436,2,1,1,1,0.521,0
ACC07115,616,84,12140.72,43,41,486363.99,632069.04,18,24,4,3,0.0618,0,0,1,0,0.2605,0
ACC07116,936,67,1812.9,30,37,66869.78,77741.79,17,16,0,4,0.0273,6,0,1,0,0.1755,0
ACC07117,313,46,621.37,18,28,9207.29,17734.33,9,21,4,2,0.0769,1,0,1,2,0.3795,0
ACC07118,44,243,16907.92,182,61,3496901.37,913353.95,152,46,13,98,0.2367,20,4,2,4,0.8029,1
ACC07119,4925,15,2102.49,6,9,16090.21,15557.54,2,8,1,2,0.0327,2,1,3,2,0.4003,0
ACC07120,976,49,2361.5,27,22,49339.76,65207.67,9,2,2,3,0.0161,2,0,4,0,0.229,0
ACC07121,85,347,18804.76,243,104,4859383.2,2018587.81,201,82,12,151,0.2441,20,6,2,1,0.8512,1
ACC07122,398,98,46934.95,56,42,2855779.85,2422099.98,56,42,12,45,0.4514,25,5,7,8,0.8784,1
ACC07123,1146,39,1257.61,19,20,23900.44,21153.48,13,13,2,4,0.0671,0,0,2,1,0.2208,0
ACC07124,1283,19,4104.59,9,10,40019.57,53264.8,2,3,0,0,0.038,1,2,1,1,0.2524,0
ACC07125,36,192,13741.39,96,96,1478494.92,1466910.0,57,75,21,54,0.4376,22,11,3,2,0.8635,1
ACC07126,1413,50,9788.06,22,28,215159.77,349709.95,8,9,2,3,0.046,2,0,2,1,0.3714,0
ACC07127,981,51,931.29,18,33,19316.2,29375.23,2,9,0,6,0.0613,0,1,0,2,0.1596,0
ACC07128,1597,18,5580.14,8,10,48296.64,53606.8,2,10,3,5,0.0086,2,1,0,0,0.2613,0
ACC07129,1256,96,711.82,56,40,35807.19,25031.35,32,19,5,1,0.0351,1,0,2,0,0.3529,0
ACC07130,194,154,5362.98,109,45,522556.86,282843.57,83,45,10,64,0.2916,22,6,6,3,0.8639,1
ACC07131,4569,26,1662.78,12,14,19623.85,26604.27,5,2,3,1,0.0122,4,1,2,1,0.1456,0
ACC07132,92,179,23976.48,119,60,2510118.98,1600697.36,93,53,7,75,0.3719,24,6,5,5,0.9607,1
ACC07133,55,246,15550.76,170,76,3075723.09,1249344.8,113,57,9,88,0.4783,30,5,5,4,0.9048,1
ACC07134,348,26,1660.14,12,14,24897.25,18598.04,11,5,1,4,0.0353,1,2,2,1,0.1366,0
ACC07135,621,69,1584.71,33,36,48061.44,57219.81,19,23,3,3,0.0321,0,1,2,0,0.1625,0
ACC07136,192,30,2700.07,16,14,34813.93,48478.57,5,4,2,1,0.0668,2,1,1,2,0.1235,0
ACC07137,444,40,3342.45,19,21,59582.03,69077.22,9,3,3,1,0.1765,3,1,1,1,0.177,0
ACC07138,422,118,12887.87,74,44,1047823.11,532412.31,67,44,16,42,0.3546,29,4,10,1,0.964,1
ACC07139,249,158,10428.49,121,37,1476778.75,356562.55,69,37,16,52,0.4858,19,1,5,7,0.6874,1
ACC07140,424,108,1516.61,55,53,93051.65,64763.09,26,18,1,0,0.0273,2,0,0,0,0.514,0
ACC07141,2048,97,2274.31,52,45,150832.72,84500.23,20,25,5,2,0.1441,2,0,2,1,0.3393,0
ACC07142,524,38,1647.98,23,15,35396.57,19569.38,11,7,2,3,0.0437,1,0,1,0,0.1951,0
ACC07143,693,365,17530.03,194,171,3105654.33,3045132.61,193,148,9,152,0.2363,25,5,3,1,0.9061,1
ACC07144,2332,189,1672.42,83,106,185791.32,125331.05,37,63,2,4,0.0947,1,0,1,0,0.1605,0
ACC07145,71,578,14565.79,314,264,5424620.98,3635190.11,261,235,12,210,0.3064,23,11,6,4,0.6487,1
ACC07146,111,252,26197.31,134,118,3687111.18,3068875.42,90,118,15,86,0.3236,25,6,6,2,0.6349,1
ACC07147,1359,83,1453.31,29,54,54771.82,95734.23,13,33,2,1,0.1074,1,0,3,0,0.253,0
ACC07148,1146,12,1670.0,7,5,15593.67,9730.42,3,2,3,1,0.0025,4,0,0,3,0.1843,0
ACC07149,579,91,3561.13,32,59,121416.98,219255.5,12,35,0,2,0.0588,1,0,1,0,0.3058,0
ACC07150,513,32,2239.06,17,15,35713.39,35161.5,8,11,1,3,0.0268,2,1,2,0,0.3128,0
ACC07151,71,77,8491.52,59,18,503948.88,154732.16,42,5,9,23,0.2738,20,11,6,4,0.924,1
ACC07152,601,125,1614.52,66,59,120950.64,109462.83,29,41,4,5,0.0173,1,0,2,2,0.2339,0
ACC07153,1171,32,11565.41,12,20,123576.36,170346.43,4,13,0,1,0.0622,3,1,1,2,0.0965,0
ACC07154,2372,61,1468.19,24,37,44563.52,57641.53,11,22,2,1,0.0704,0,2,0,0,0.2166,0
ACC07155,320,67,1628.11,34,33,73818.83,58070.64,12,15,3,2,0.0853,0,0,1,1,0.3132,0
ACC07156,1540,41,2105.66,14,27,29124.04,67492.8,7,18,1,1,0.0195,1,0,0,0,0.188,0
ACC07157,229,163,14736.37,84,79,1324140.69,1283726.63,76,75,16,63,0.414,32,5,7,10,0.8918,1
ACC07158,1495,35,1620.35,22,13,28822.53,17143.35,5,8,2,1,0.0688,0,0,1,0,0.2283,0
ACC07159,87,330,9290.06,165,165,1534086.5,1869128.78,132,141,10,126,0.1795,23,3,4,4,0.8243,1
ACC07160,1014,95,4375.54,46,49,177895.17,168394.13,26,26,5,4,0.094,3,0,1,1,0.3673,0
ACC07161,1557,31,4474.13,18,13,104518.38,69781.06,8,10,2,1,0.0521,2,0,3,0,0.2496,0
ACC07162,4321,45,812.87,16,29,12061.12,17538.44,10,10,4,1,0.1051,1,0,0,0,0.3798,0
ACC07163,346,37,1866.49,13,24,31629.38,41521.17,4,12,0,1,0.06,0,1,0,0,0.3121,0
ACC07164,867,56,2319.95,31,25,57976.62,51786.03,2,7,0,3,0.0267,1,0,2,0,0.4035,0
ACC07165,1218,21,3223.72,11,10,33396.05,38743.01,2,2,1,3,0.1423,2,0,0,0,0.3169,0
ACC07166,950,35,4536.89,19,16,111482.85,84300.56,12,9,2,4,0.0454,2,1,1,0,0.4099,0
ACC07167,1959,43,750.29,23,20,20170.71,10576.42,10,6,2,2,0.125,1,0,0,1,0.1156,0
ACC07168,484,85,787.67,31,54,24352.69,34357.1,12,38,1,2,0.0083,0,2,3,1,0.2635,0
ACC07169,268,25,3133.0,13,12,37262.34,47675.7,2,12,1,0,0.0118,2,0,1,0,0.3103,0
ACC07170,83,342,6216.93,171,171,1128003.89,1148626.4,148,146,8,119,0.2307,24,6,4,4,0.8933,1
ACC07171,107,308,21199.44,231,77,6063010.07,1452582.18,205,75,19,116,0.4029,25,10,6,5,0.9237,1
ACC07172,930,144,1704.33,76,68,111583.91,106992.53,36,36,4,3,0.0516,0,0,2,1,0.2366,0
ACC07173,732,47,3910.76,21,26,72101.28,75648.51,9,2,2,1,0.0247,0,0,0,0,0.3579,0
ACC07174,94,350,7971.85,250,100,1848165.15,817151.24,214,100,16,147,0.5344,26,5,6,2,0.8914,1
ACC07175,1997,46,7735.48,18,28,122416.16,178834.67,6,7,1,1,0.0381,3,1,4,1,0.2295,0
ACC07176,188,298,9673.56,183,115,1535444.49,1302386.42,173,96,18,102,0.1801,26,3,1,6,0.7853,1
ACC07177,817,98,1499.09,49,49,97623.56,90088.73,25,21,2,1,0.0274,1,0,1,2,0.2222,0
ACC07178,766,76,4897.83,47,29,248905.67,133928.73,20,7,1,2,0.0663,2,0,0,0,0.1305,0
ACC07179,316,39,3801.1,22,17,89787.96,75321.81,6,2,1,2,0.116,2,0,2,0,0.2752,0
ACC07180,905,54,2992.51,33,21,77257.69,52262.15,11,6,2,1,0.0014,4,0,0,0,0.3126,0
ACC07181,1291,12,4411.57,6,6,33344.0,31552.58,2,2,1,1,0.0155,1,1,2,2,0.2814,0
ACC07182,830,32,2364.54,19,13,34609.22,34991.76,3,13,1,1,0.0358,1,0,1,0,0.5832,0
ACC07183,1172,38,3648.94,21,17,80127.34,60066.05,8,3,1,2,0.0754,1,2,0,1,0.3658,0
ACC07184,1473,44,2383.4,23,21,70944.33,57329.42,8,11,4,4,0.0658,1,1,0,0,0.2287,0
ACC07185,1769,58,1123.89,32,26,34497.22,20792.95,19,17,2,3,0.034,4,0,0,1,0.1832,0
ACC07186,2826,50,2899.25,29,21,71448.48,55581.21,11,5,2,1,0.0489,2,0,0,0,0.1467,0
ACC07187,617,28,16939.33,11,17,196038.05,311315.91,4,12,2,1,0.03,1,0,0,2,0.2131,0
ACC07188,214,136,9928.6,95,41,1104275.58,502391.74,79,30,20,50,0.4399,28,5,10,2,0.7711,1
ACC07189,190,328,5968.01,251,77,1833762.4,399642.16,221,77,19,120,0.1478,27,6,4,4,0.8054,1
ACC07190,218,326,18333.84,225,101,4793284.34,1977296.34,175,71,11,104,0.5784,25,4,2,5,0.8818,1
ACC07191,1126,40,711.17,24,16,20901.18,14340.87,13,10,1,4,0.0508,2,0,2,2,0.1742,0
ACC07192,459,54,2937.74,27,27,69433.59,102561.53,5,9,4,2,0.0491,0,0,2,0,0.1711,0
ACC07193,221,102,28208.55,69,33,1774080.27,1102019.62,49,33,14,49,0.7337,26,11,4,6,0.7514,1
ACC07194,526,118,1829.98,57,61,109825.41,111765.83,19,32,2,0,0.0224,4,0,0,0,0.7117,0
ACC07195,900,22,2941.32,11,11,36142.43,35180.55,6,2,2,2,0.0668,2,0,1,0,0.1741,0
ACC07196,1556,83,6083.04,34,49,181880.21,252066.11,21,26,2,5,0.0491,2,0,1,0,0.0962,0
ACC07197,976,60,1097.93,29,31,35047.56,30955.52,19,14,1,1,0.0574,1,2,2,0,0.3875,0
ACC07198,908,123,11601.36,57,66,858152.57,627718.87,21,33,3,2,0.0363,3,0,0,0,0.1144,0
ACC07199,497,22,1804.14,8,14,12279.6,32205.4,3,14,4,0,0.082,1,0,6,2,0.1836,0
ACC07200,1615,51,3171.99,22,29,72261.11,89526.02,12,17,1,1,0.0519,1,0,0,2,0.259,0
ACC07201,60,245,7036.96,166,79,1346519.47,664836.84,157,72,13,88,0.4471,35,4,3,2,0.8918,1
ACC07202,58,235,6962.74,153,82,971510.97,650860.17,99,76,14,107,0.1292,32,2,2,4,0.83,1
ACC07203,732,282,9101.87,173,109,1693385.76,869872.73,156,99,7,102,0.1993,27,4,6,4,0.9077,1
ACC07204,694,26,1465.63,9,17,14171.09,31567.56,9,12,5,4,0.0479,4,1,1,1,0.2077,0
ACC07205,159,267,13793.16,136,131,2188213.29,1907177.34,102,119,17,111,0.2586,23,2,6,2,0.895,1
ACC07206,116,410,17924.27,266,144,5082177.17,2471477.02,244,131,13,158,0.3424,30,5,5,2,0.964,1
ACC07207,1804,75,4632.28,39,36,219672.15,152171.48,18,16,2,0,0.0541,1,0,1,0,0.3014,0
ACC07208,1616,56,941.96,24,32,26603.2,28407.25,8,21,0,2,0.0733,0,1,1,1,0.308,0
ACC07209,2234,41,2398.86,18,23,44577.39,51206.08,5,6,2,0,0.0522,1,1,1,0,0.3094,0
ACC07210,65,447,10491.97,280,167,2802873.62,1834462.5,225,159,16,149,0.3502,33,7,4,5,0.7814,1
ACC07211,248,210,21409.69,136,74,3276847.11,1772879.7,115,64,17,89,0.6635,27,1,1,7,0.9272,1
ACC07212,876,48,2706.46,22,26,65991.44,70825.39,4,17,2,3,0.0537,2,1,1,0,0.1877,0
ACC07213,43,201,8934.3,101,100,1107697.54,773565.65,87,93,13,69,0.4219,19,3,3,4,0.875,1
ACC07214,898,59,1793.0,30,29,66287.68,65853.07,16,19,4,4,0.0436,1,0,0,1,0.1598,0
ACC07215,79,310,4738.46,171,139,981269.97,628676.66,160,135,15,117,0.2564,20,9,3,1,0.8103,1
ACC07216,292,331,30349.68,250,81,7651597.96,2861624.05,214,47,23,126,0.3433,28,6,3,6,0.6659,1
ACC07217,220,346,17609.03,204,142,3683263.82,2813548.88,161,123,17,135,0.297,39,4,5,3,0.9732,1
ACC07218,171,253,15352.71,180,73,2821932.65,1032231.06,140,60,7,78,0.3868,31,3,3,1,0.8326,1
ACC07219,900,70,6674.92,41,29,302369.75,145142.88,19,15,5,0,0.1105,1,0,0,0,0.518,0
ACC07220,94,296,10039.42,172,124,1790110.72,1331062.38,130,112,17,112,0.368,19,7,8,8,0.9435,1
ACC07221,985,30,1393.52,14,16,15728.14,21986.8,14,12,5,1,0.0568,0,2,1,2,0.1684,0
ACC07222,501,57,3865.43,36,21,168452.03,62705.0,15,18,1,2,0.0331,2,0,4,1,0.1048,0
ACC07223,154,391,9824.59,201,190,2378595.8,1615843.77,175,163,10,137,0.627,21,7,1,2,0.8949,1
ACC07224,1597,13,1837.91,7,6,15753.3,10622.39,2,2,0,3,0.0724,1,0,1,1,0.2424,0
ACC07225,807,23,1557.37,13,10,17109.69,13176.55,2,2,1,0,0.0381,2,2,0,0,0.1964,0
ACC07226,2289,76,4044.49,31,45,136067.23,200818.64,13,19,2,4,0.0058,2,1,3,0,0.146,0
ACC07227,1722,34,8702.94,15,19,146795.03,187682.81,12,17,2,2,0.0331,1,0,1,0,0.3331,0
ACC07228,32,531,7915.08,347,184,2432409.26,1432039.23,287,138,17,191,0.2333,24,5,4,5,0.9032,1
ACC07229,1184,44,1502.86,16,28,22720.13,45885.74,11,24,2,3,0.0309,5,0,0,1,0.3834,0
ACC07230,937,26,3522.75,13,13,40995.9,55943.98,6,12,4,2,0.0162,2,0,0,1,0.3748,0
ACC07231,408,87,2985.7,32,55,117553.35,176370.07,14,31,3,1,0.0131,0,1,1,1,0.1135,0
ACC07232,464,53,4475.49,23,30,86797.06,137153.93,9,18,3,2,0.1093,1,0,2,0,0.2947,0
ACC07233,750,56,2714.91,29,27,63759.36,54316.77,14,11,4,1,0.0234,2,0,1,1,0.1946,0
ACC07234,467,247,17502.75,159,88,2802589.03,1420593.55,149,72,14,87,0.5253,23,5,5,6,0.9602,1
ACC07235,653,28,2250.79,14,14,37371.6,36025.08,4,2,2,1,0.0403,2,0,2,0,0.2553,0
ACC07236,1762,56,7604.79,22,34,181978.27,215828.77,2,10,2,2,0.1405,1,1,2,0,0.2928,0
ACC07237,141,229,15814.58,153,76,2312847.72,1264389.55,141,65,13,97,0.3404,24,9,6,6,0.9365,1
ACC07238,914,79,2831.72,41,38,91485.7,99862.92,24,17,2,3,0.0638,1,1,1,0,0.278,0
ACC07239,1346,44,1748.8,22,22,37345.02,31068.14,2,20,1,3,0.1178,2,0,2,0,0.3196,0
ACC07240,526,49,12556.53,28,21,308680.25,337273.87,16,10,1,2,0.0265,0,0,2,0,0.3814,0
ACC07241,645,79,241.17,50,29,9074.19,8633.25,26,9,0,1,0.0088,3,1,2,1,0.2468,0
ACC07242,250,190,46457.74,124,66,7096374.43,3416674.57,108,48,11,77,0.5136,24,7,2,2,0.657,1
ACC07243,1738,18,1484.34,10,8,13688.62,13857.18,10,6,2,0,0.0575,1,2,0,0,0.1885,0
ACC07244,1266,64,389.27,28,36,8529.79,14179.7,16,18,0,3,0.0862,1,1,2,0,0.097,0
ACC07245,146,357,18330.48,256,101,5705020.62,2002192.43,208,71,14,140,0.6552,29,6,2,6,0.8955,1
ACC07246,328,78,1956.59,29,49,64204.08,117760.4,10,27,2,1,0.0156,0,1,1,0,0.2329,0
ACC07247,591,113,7530.78,49,64,458854.51,585481.1,24,33,6,2,0.0581,3,0,3,1,0.259,0
ACC07248,160,183,11124.46,94,89,920546.22,1083838.7,74,74,15,70,0.2801,30,9,5,5,0.8143,1
ACC07249,687,28,1328.79,14,14,23935.89,17783.84,8,9,1,1,0.0575,2,0,2,0,0.3432,0
ACC07250,2026,11,1969.76,5,6,10499.13,8565.43,5,2,5,2,0.0319,2,2,0,0,0.1716,0
ACC07251,2172,25,790.55,11,14,10840.71,12859.96,2,7,1,2,0.0424,0,0,1,1,0.4097,0
ACC07252,391,40,1637.14,17,23,31226.65,27503.13,3,10,3,2,0.0704,2,0,1,0,0.2526,0
ACC07253,606,71,4537.64,40,31,229787.79,135221.96,15,4,1,2,0.0279,0,1,0,4,0.4283,0
ACC07254,78,119,26436.68,79,40,1974744.41,986613.03,42,25,12,32,0.6333,31,5,3,5,0.8939,1
ACC07255,893,23,800.58,10,13,8456.18,11198.08,2,10,4,2,0.096,0,0,1,0,0.6311,0
ACC07256,85,158,59532.27,91,67,6623023.37,4021089.16,59,52,18,69,0.2809,32,5,4,3,0.859,1
ACC07257,31,343,4521.87,215,128,954975.14,718533.7,196,102,13,148,0.4447,21,5,9,6,0.866,1
ACC07258,22,181,13846.86,143,38,1796272.36,654887.81,139,38,13,64,0.5209,22,6,3,3,0.9073,1
ACC07259,26,386,12874.65,224,162,2510471.34,2044840.33,163,132,19,139,0.4397,22,3,3,4,0.6102,1
ACC07260,676,15,4690.99,8,7,29083.04,26930.38,4,7,2,1,0.033,2,0,0,1,0.315,0
ACC07261,707,60,2844.16,24,36,67292.48,84438.81,18,17,3,0,0.0616,6,0,0,1,0.229,0
ACC07262,578,52,1678.29,32,20,71212.85,30873.15,12,12,4,3,0.0432,1,1,1,0,0.375,0
ACC07263,467,48,3815.65,21,27,105358.73,106879.44,12,13,1,2,0.0165,1,2,1,1,0.3583,0
ACC07264,1214,20,1093.67,10,10,12172.54,13027.86,7,2,1,1,0.0425,2,0,0,1,0.3984,0
ACC07265,634,162,3816.35,99,63,481608.64,183536.5,43,33,2,3,0.011,0,0,0,0,0.2526,0
ACC07266,419,263,6771.02,141,122,882042.32,863501.32,131,106,12,99,0.4937,29,7,6,5,0.851,1
ACC07267,349,86,48104.65,62,24,3076750.79,1139608.69,51,24,16,36,0.1998,32,10,2,6,0.8056,1
ACC07268,1601,29,8245.32,18,11,129086.79,89870.55,9,9,3,4,0.0221,0,1,2,1,0.4141,0
ACC07269,1207,28,2930.73,17,11,47919.66,28187.6,8,9,3,1,0.0042,0,2,1,0,0.0869,0
ACC07270,1963,65,2098.89,25,40,53137.32,83781.27,16,14,4,2,0.0758,3,1,3,0,0.2212,0
ACC07271,91,996,5786.08,544,452,2803006.55,2258072.87,467,390,18,402,0.4996,19,6,5,3,0.6519,1
ACC07272,3454,26,1307.57,14,12,23358.49,11049.73,11,6,1,1,0.0887,0,1,1,0,0.3511,0
ACC07273,52,270,9439.36,151,119,1689197.06,1264059.94,151,101,16,105,0.3531,21,11,5,6,0.9152,1
ACC07274,660,48,3105.66,20,28,54378.5,92902.58,11,13,3,1,0.0232,3,3,1,4,0.0741,0
ACC07275,1689,33,1126.58,16,17,19737.31,19227.44,6,12,1,3,0.0512,4,2,3,1,0.2315,0
ACC07276,706,60,1516.6,29,31,36001.21,49199.76,21,17,4,5,0.0223,0,0,1,3,0.5564,0
ACC07277,1309,50,2057.95,19,31,47775.82,70335.88,11,18,1,2,0.102,2,0,1,1,0.3355,0
ACC07278,1713,67,896.38,40,27,42882.73,17477.14,21,19,3,4,0.0434,1,0,0,1,0.7885,0
ACC07279,930,32,1240.94,15,17,22225.63,17882.6,15,12,1,3,0.0879,1,0,0,0,0.3508,0
ACC07280,655,68,1235.57,28,40,46344.08,45771.4,13,19,0,2,0.0014,2,0,1,0,0.1201,0
ACC07281,619,35,2334.74,21,14,38538.77,24595.9,16,9,0,0,0.0868,6,1,1,0,0.4992,0
ACC07282,187,171,4488.57,94,77,396109.59,362348.78,65,69,12,51,0.469,34,9,7,3,0.9087,1
ACC07283,490,82,5204.95,38,44,240774.16,250844.14,14,18,2,2,0.0856,1,0,0,2,0.1257,0
ACC07284,257,104,5623.36,61,43,323360.2,256228.54,49,43,18,40,0.56,24,1,3,5,0.6646,1
ACC07285,1130,87,4710.56,45,42,269356.24,194806.31,15,25,5,2,0.0361,4,0,0,2,0.2849,0
ACC07286,926,67,2554.98,37,30,104607.52,73619.59,14,22,1,3,0.0527,1,0,1,1,0.3082,0
ACC07287,764,43,1699.45,21,22,46906.1,45879.9,10,15,3,5,0.0401,0,1,1,1,0.3254,0
ACC07288,416,35,4308.1,19,16,73124.74,63630.92,7,12,0,3,0.0398,3,1,1,1,0.1457,0
ACC07289,35,128,28035.59,66,62,1617345.39,1995108.36,46,62,9,52,0.2311,30,8,3,6,0.866,1
ACC07290,262,41,3796.37,20,21,95613.83,65623.22,9,15,3,0,0.0182,4,1,0,0,0.1512,0
ACC07291,644,22,1830.97,9,13,18313.15,29481.12,3,4,1,0,0.0456,3,0,2,0,0.5616,0
ACC07292,33,391,18961.65,305,86,5013115.62,1646827.3,245,71,11,127,0.1611,22,7,6,5,0.8532,1
ACC07293,677,49,2903.99,23,26,55638.06,85515.2,15,16,1,1,0.073,2,0,0,1,0.3594,0
ACC07294,1251,74,2954.79,41,33,159618.25,102736.39,17,22,4,4,0.0609,1,1,1,0,0.2521,0
ACC07295,128,131,12314.46,77,54,985460.14,686132.69,70,39,12,39,0.3545,25,7,2,3,0.9634,1
ACC07296,410,164,10156.92,123,41,1072647.63,512766.05,114,24,19,52,0.2317,32,5,7,2,0.9207,1
ACC07297,100,234,26049.37,145,89,4309345.25,2286200.61,127,76,10,82,0.3457,29,12,3,5,0.8338,1
ACC07298,766,28,2656.27,14,14,28899.42,27886.62,14,8,8,2,0.0464,2,1,1,3,0.1175,0
ACC07299,132,131,22903.94,80,51,2195744.1,1404644.63,80,43,15,43,0.5613,31,3,1,9,0.9523,1
ACC07300,703,68,3164.95,42,26,137443.68,75561.87,21,20,2,1,0.0176,1,1,0,2,0.2388,0
ACC07301,678,74,2259.59,35,39,83525.33,94057.1,11,24,3,1,0.0213,1,0,0,0,0.3835,0
ACC07302,118,93,29915.61,71,22,1882158.17,748581.65,45,18,18,31,0.5561,32,6,4,1,0.7614,1
ACC07303,1380,87,1678.44,35,52,49517.27,111406.01,11,31,4,3,0.047,2,1,0,0,0.3622,0
ACC07304,518,57,6854.23,32,25,194161.61,196018.67,16,13,4,4,0.0248,3,0,2,0,0.3908,0
ACC07305,861,89,2959.48,36,53,113078.89,125968.21,8,37,3,0,0.1069,0,0,0,2,0.4292,0
ACC07306,1323,105,2734.74,55,50,183570.74,126234.68,25,31,0,1,0.0577,0,0,2,1,0.1349,0
ACC07307,888,21,2022.76,12,9,22020.4,17029.24,4,6,0,2,0.0773,0,0,2,0,0.3447,0
ACC07308,2197,25,2699.32,11,14,26487.93,29201.81,2,5,2,1,0.021,2,0,0,1,0.1655,0
ACC07309,557,96,3162.63,45,51,180649.77,164334.04,20,39,2,2,0.0884,0,0,1,0,0.3269,0
ACC07310,763,53,2371.63,26,27,77915.73,78872.59,5,4,1,1,0.0258,2,0,1,0,0.2853,0
ACC07311,245,85,7674.68,50,35,435749.85,214838.07,21,28,6,1,0.0867,3,1,4,0,0.2521,0
ACC07312,818,62,1117.49,26,36,28116.05,38016.75,10,12,3,0,0.0256,1,1,5,1,0.2497,0
ACC07313,294,157,20600.89,121,36,2873494.85,795478.82,93,36,13,59,0.4538,17,4,9,2,0.7473,1
ACC07314,878,84,823.6,30,54,30283.89,55140.39,14,28,1,2,0.0434,1,0,1,0,0.1095,0
ACC07315,1307,31,1498.57,18,13,25192.73,18114.45,10,2,1,2,0.1061,4,0,1,2,0.3853,0
ACC07316,350,46,1089.31,23,23,30306.43,19926.62,16,9,0,3,0.0475,2,1,2,0,0.2374,0
ACC07317,78,129,13130.78,70,59,833328.55,753053.51,62,46,10,51,0.436,24,2,5,4,0.8765,1
ACC07318,59,174,9007.89,131,43,1340833.48,376246.96,113,25,8,77,0.4475,26,8,4,4,0.7085,1
ACC07319,211,110,8287.71,76,34,779649.08,319520.92,76,27,17,36,0.1858,17,14,4,2,0.9655,1
ACC07320,1385,36,2012.81,15,21,33409.19,49922.93,5,13,2,4,0.1319,2,0,1,1,0.503,0
ACC07321,338,25,6534.42,11,14,67508.53,81815.18,2,10,3,2,0.0585,2,1,1,0,0.5423,0
ACC07322,107,28,1009.84,12,16,16135.01,12511.53,6,4,0,2,0.0261,1,0,0,1,0.1808,0
ACC07323,27,374,10479.63,245,129,2936381.07,1575895.03,209,116,12,142,0.3674,18,4,5,8,0.9407,1
ACC07324,287,379,32510.7,271,108,9198875.45,4089193.07,252,84,17,146,0.1618,23,2,4,4,0.9101,1
ACC07325,512,61,3843.98,27,34,114320.26,115261.36,8,24,1,2,0.014,3,1,2,1,0.1958,0
ACC07326,174,101,10464.27,71,30,668756.11,281613.8,68,22,14,39,0.299,26,5,3,5,0.8988,1
ACC07327,1120,13,1930.92,7,6,13746.41,9136.11,3,2,3,0,0.0107,0,1,0,1,0.2834,0
ACC07328,102,382,7537.33,232,150,1919582.25,989522.54,226,137,18,139,0.2817,26,5,7,5,0.9358,1
ACC07329,136,269,8427.52,204,65,1560840.78,609026.5,176,65,13,91,0.5105,15,4,5,9,0.9309,1
ACC07330,518,22,4302.3,12,10,68228.05,50454.97,2,7,2,1,0.0637,0,2,0,0,0.1283,0
ACC07331,1382,79,8179.64,32,47,283487.81,448171.13,17,30,1,2,0.0537,2,0,0,4,0.1201,0
ACC07332,366,53,1980.48,30,23,71763.16,40948.8,7,5,1,0,0.0879,1,0,2,1,0.1675,0
ACC07333,586,52,6106.84,24,28,144250.14,176709.44,14,2,1,3,0.0246,0,1,1,1,0.3192,0
ACC07334,235,499,11998.65,285,214,3310219.78,2756965.01,252,191,13,184,0.3111,29,9,5,2,0.9174,1
ACC07335,1339,20,1310.16,12,8,14330.75,12966.11,2,6,4,1,0.0709,1,0,2,0,0.3584,0
ACC07336,1844,44,2905.9,26,18,64296.44,56676.96,7,2,3,1,0.0727,0,2,0,0,0.2756,0
ACC07337,3775,76,1593.18,37,39,72950.85,61483.72,19,21,4,2,0.0076,1,1,0,0,0.1474,0
ACC07338,1088,83,4833.88,51,32,208147.74,149461.41,14,18,1,0,0.0721,1,0,1,0,0.0444,0
ACC07339,3375,209,2201.2,126,83,263666.1,170009.65,60,51,5,1,0.0227,1,0,0,1,0.3465,0
ACC07340,636,23,3115.08,11,12,29247.19,37058.52,2,3,1,4,0.0681,0,0,3,2,0.1804,0
ACC07341,59,160,28850.49,127,33,3172290.95,933971.52,127,33,13,54,0.1696,22,6,4,4,0.9595,1
ACC07342,66,92,13230.09,49,43,707905.27,496302.56,49,42,7,34,0.5276,25,5,7,6,0.9875,1
ACC07343,60,223,10392.14,168,55,1720522.82,563789.34,157,55,10,75,0.234,13,5,9,8,0.9591,1
ACC07344,380,293,17042.03,172,121,2728699.04,2185390.41,133,109,18,115,0.5023,23,3,4,6,0.9557,1
ACC07345,165,409,3403.6,276,133,1128556.71,480405.08,221,121,17,179,0.1041,36,9,4,1,0.8004,1
ACC07346,113,387,24757.73,306,81,6642427.95,1848404.03,253,49,18,156,0.3638,13,6,9,3,0.8801,1
ACC07347,239,154,14104.37,108,46,1605927.57,732076.82,80,33,22,61,0.2642,28,13,2,1,0.855,1
ACC07348,67,114,14481.36,65,49,991211.1,871441.67,65,30,11,40,0.402,28,9,8,5,0.7515,1
ACC07349,1410,15,2282.08,9,6,26218.68,17452.64,2,3,4,2,0.0257,1,1,1,1,0.1704,0
ACC07350,982,31,2632.73,14,17,37065.55,32434.42,13,6,2,3,0.0464,3,1,2,0,0.3117,0
ACC07351,1949,29,3260.22,18,11,55345.86,41248.0,3,11,0,0,0.0122,2,0,0,0,0.4708,0
ACC07352,1186,33,2977.82,16,17,63810.49,51119.95,9,15,3,1,0.0735,3,2,0,1,0.2759,0
ACC07353,1152,52,2694.51,28,24,92974.21,64579.89,10,14,2,1,0.07,0,3,2,1,0.3765,0
ACC07354,28,313,11458.54,181,132,2540158.51,1349787.66,148,115,14,122,0.352,26,15,4,4,0.8426,1
ACC07355,521,100,1314.27,55,45,57469.7,41851.16,29,30,1,2,0.036,3,0,1,2,0.1834,0
ACC07356,3178,35,2897.34,15,20,41020.95,52703.49,5,12,1,1,0.0326,3,0,1,0,0.3225,0
ACC07357,1188,61,4026.12,32,29,123252.92,100527.02,13,24,2,0,0.1236,4,1,2,0,0.3118,0
ACC07358,1481,51,6215.72,25,26,162251.27,168539.07,20,16,2,3,0.0494,0,0,0,0,0.1649,0
ACC07359,288,111,22539.39,67,44,1607376.8,899861.35,27,34,16,35,0.2944,26,5,3,10,0.8741,1
ACC07360,448,105,3232.21,42,63,156152.16,148579.86,19,31,1,3,0.0267,3,2,0,0,0.2564,0
ACC07361,522,8,1762.12,3,5,4699.22,7208.79,2,3,4,0,0.0774,0,1,1,0,0.3705,0
ACC07362,710,34,1098.42,15,19,17677.71,21293.64,4,3,0,1,0.0112,2,1,0,2,0.3742,0
ACC07363,900,114,2879.97,73,41,204267.07,135263.64,39,28,1,2,0.0365,2,0,2,1,0.1692,0
ACC07364,394,66,957.1,24,42,28594.18,30780.12,12,26,2,2,0.1457,3,0,0,1,0.2248,0
ACC07365,266,26,2783.51,12,14,34814.54,37452.4,2,2,2,0,0.0235,2,0,1,0,0.2722,0
ACC07366,38,167,18462.95,108,59,2143629.02,1266801.7,108,39,14,74,0.4582,25,8,9,3,0.8848,1
ACC07367,1386,31,1145.87,18,13,22974.01,16853.24,15,10,5,1,0.0804,2,0,0,0,0.3471,0
ACC07368,215,365,26850.25,198,167,5068869.23,4831488.52,172,140,10,153,0.4546,28,11,6,7,0.6416,1
ACC07369,609,103,1418.13,55,48,70999.99,73980.87,30,29,0,4,0.0726,2,1,0,1,0.1463,0
ACC07370,39,446,12747.52,313,133,4187427.56,1894782.3,279,116,12,173,0.2138,20,6,7,4,0.6379,1
ACC07371,2482,61,1356.54,22,39,37801.75,46908.24,2,14,2,0,0.0117,1,0,3,0,0.337,0
ACC07372,1312,73,1484.91,32,41,59421.88,78584.8,5,21,1,2,0.0243,2,0,2,4,0.3341,0
ACC07373,50,312,17187.2,248,64,4686813.98,1049575.34,197,64,13,119,0.3203,21,4,5,4,0.8742,1
ACC07374,612,55,5488.57,32,23,132516.95,157462.96,7,6,1,3,0.0638,2,0,2,0,0.3232,0
ACC07375,159,400,51628.95,302,98,13639743.5,4503907.73,246,90,10,157,0.3896,34,9,4,7,0.746,1
ACC07376,185,216,7960.69,167,49,1182589.0,428840.86,143,30,9,80,0.4309,17,3,3,4,0.9106,1
ACC07377,1406,71,4950.62,30,41,168307.26,260927.4,11,24,1,1,0.0139,3,1,0,2,0.4765,0
ACC07378,1407,25,837.38,12,13,12893.44,9474.3,3,11,2,4,0.0602,3,0,3,1,0.4022,0
ACC07379,1354,46,3227.47,18,28,61078.66,106246.58,5,12,2,2,0.0764,0,1,0,1,0.2394,0
ACC07380,239,59,2628.63,35,24,122113.33,71203.96,10,8,2,1,0.0735,1,0,2,0,0.442,0
ACC07381,68,54,9942.23,27,27,285925.88,312962.53,27,20,14,24,0.4718,23,6,6,7,0.8954,1
ACC07382,1972,76,2553.89,37,39,94578.56,83190.08,15,21,0,0,0.0383,1,0,1,0,0.301,0
ACC07383,1110,35,3673.55,21,14,58358.68,43539.53,19,2,2,1,0.0756,3,0,0,2,0.1599,0
ACC07384,1264,11,5013.98,5,6,20764.71,31176.57,2,2,5,2,0.0664,4,0,0,1,0.4981,0
ACC07385,448,53,2267.08,28,25,56926.31,41150.11,7,8,1,5,0.0577,0,1,0,1,0.2824,0
ACC07386,678,23,2134.46,11,12,17701.47,27373.47,6,6,4,0,0.0236,0,0,1,1,0.2378,0
ACC07387,517,28,3651.34,12,16,55964.99,59873.1,2,11,0,0,0.1579,2,0,2,1,0.5301,0
ACC07388,53,321,11303.28,161,160,1726373.57,1709795.48,125,137,11,107,0.3929,23,5,1,2,0.9345,1
ACC07389,636,47,7799.81,21,26,173095.8,259138.88,8,17,3,1,0.0791,1,0,0,1,0.1962,0
ACC07390,461,22,3726.22,9,13,32631.03,61849.58,2,10,0,1,0.1067,1,0,2,0,0.2275,0
ACC07391,1013,48,2756.73,29,19,73991.05,42643.8,15,7,2,3,0.0566,4,1,2,0,0.2814,0
ACC07392,573,68,796.94,35,33,23552.67,30633.66,10,25,2,0,0.0497,2,0,1,0,0.384,0
ACC07393,579,40,3871.31,19,21,86341.54,57991.83,3,6,0,1,0.0529,1,2,1,0,0.1299,0
ACC07394,35,79,24049.94,52,27,1479659.12,720574.8,43,27,14,35,0.471,34,7,6,4,0.9558,1
ACC07395,457,26,5401.58,12,14,68069.71,74121.65,7,9,0,1,0.0714,1,1,2,1,0.095,0
ACC07396,619,82,3546.31,45,37,175957.76,170305.79,17,24,3,2,0.0101,1,2,1,1,0.2383,0
ACC07397,1046,14,4417.4,4,10,18851.41,51195.47,2,6,4,1,0.0293,1,0,1,0,0.5488,0
ACC07398,66,133,16320.54,75,58,1324712.19,905552.62,71,53,7,42,0.4445,28,5,3,10,0.8173,1
ACC07399,1296,30,3210.95,14,16,51174.26,37071.95,5,14,1,3,0.0208,1,0,0,0,0.1409,0
ACC07400,1256,57,1458.88,20,37,37712.78,41725.16,6,19,2,5,0.0371,0,1,2,1,0.1889,0
ACC07401,459,539,25847.84,279,260,6438609.05,6000701.05,219,242,9,193,0.5442,21,5,3,5,0.8573,1
ACC07402,1571,25,1019.23,8,17,10918.11,12290.04,8,12,1,4,0.0795,0,0,1,2,0.3477,0
ACC07403,2643,40,1007.15,25,15,25215.58,18390.1,6,11,2,3,0.0457,0,0,0,0,0.2015,0
ACC07404,801,32,5320.65,12,20,78355.03,133157.21,12,9,3,1,0.0589,2,0,2,1,0.2044,0
ACC07405,745,33,9184.33,19,14,150133.09,154740.21,5,12,1,3,0.0123,6,1,1,1,0.4355,0
ACC07406,1797,50,1849.45,29,21,68801.4,39110.55,14,5,3,1,0.0914,1,0,2,0,0.2755,0
ACC07407,787,27,2401.43,13,14,24605.37,33656.12,2,3,5,5,0.0037,3,1,1,4,0.4463,0
ACC07408,777,60,1424.0,37,23,69887.32,34942.51,12,9,2,0,0.0499,1,0,2,2,0.1572,0
ACC07409,1251,164,2485.49,99,65,204893.86,176147.41,47,29,1,2,0.0073,2,0,1,0,0.1578,0
ACC07410,1182,20,2605.32,12,8,40856.0,15587.55,8,2,2,1,0.0528,0,0,1,0,0.328,0
ACC07411,936,85,2437.02,34,51,64305.64,102442.2,12,34,0,0,0.072,1,0,0,1,0.1274,0
ACC07412,41,420,5376.7,271,149,1599339.88,739855.84,242,149,18,162,0.3802,28,7,11,5,0.7664,1
ACC07413,967,43,1267.1,16,27,19774.8,34425.56,2,20,2,2,0.0579,3,0,1,1,0.0674,0
ACC07414,447,68,2143.11,39,29,111350.69,72068.19,10,17,2,2,0.015,1,1,3,1,0.3626,0
ACC07415,508,106,2313.04,57,49,128628.59,140057.39,24,27,2,2,0.1608,3,0,0,0,0.3922,0
ACC07416,90,221,9535.48,122,99,1354496.68,851444.54,87,90,9,82,0.4627,29,7,3,6,0.9003,1
ACC07417,1717,77,588.92,48,29,25143.92,20079.49,21,15,1,2,0.0413,3,0,0,0,0.4093,0
ACC07418,524,19,4896.95,12,7,76317.14,27119.57,2,6,2,1,0.0202,1,0,0,3,0.0959,0
ACC07419,256,33,3327.49,17,16,67369.39,67945.65,17,16,3,3,0.1076,2,0,2,0,0.4144,0
ACC07420,383,58,1949.74,23,35,42025.18,75020.61,2,21,1,1,0.0535,0,1,0,0,0.1805,0
ACC07421,268,47,1077.38,23,24,22439.73,28381.79,2,11,1,2,0.1731,0,0,0,1,0.3604,0
ACC07422,998,42,3859.59,23,19,103690.28,83494.38,11,7,3,3,0.1204,2,1,0,1,0.3245,0
ACC07423,111,534,27271.35,348,186,10362360.32,6146795.9,279,172,11,185,0.242,23,6,6,7,0.9162,1
ACC07424,74,141,23838.54,85,56,1738835.63,1639730.72,81,56,10,52,0.7124,25,8,7,1,0.8559,1
ACC07425,1638,49,4025.5,23,26,108461.75,97517.48,11,9,2,2,0.0259,1,0,1,1,0.3512,0
ACC07426,418,52,1815.18,22,30,42822.24,40257.25,10,14,5,2,0.0788,3,0,1,0,0.173,0
ACC07427,581,20,2540.46,12,8,27334.68,15878.61,4,2,1,2,0.0764,1,0,2,0,0.1932,0
ACC07428,248,64,11252.88,41,23,533863.33,293032.2,35,11,16,21,0.3006,17,5,3,5,0.7342,1
ACC07429,272,131,13247.33,95,36,1223307.8,548376.65,54,12,14,57,0.1788,31,6,2,4,0.8825,1
ACC07430,2612,59,4160.03,35,24,113141.05,93395.64,4,24,3,0,0.0537,1,0,1,0,0.1497,0
ACC07431,1030,57,976.79,31,26,31119.01,22571.97,17,16,2,2,0.0364,2,0,1,0,0.3496,0
ACC07432,1009,34,824.46,17,17,17765.06,16053.68,4,15,2,3,0.0695,0,0,0,0,0.1166,0
ACC07433,389,36,2552.1,21,15,46111.89,38409.5,13,10,1,2,0.0291,1,1,1,0,0.3093,0
ACC07434,663,33,1180.51,14,19,20870.14,24288.26,14,8,6,3,0.028,3,0,0,1,0.2115,0
ACC07435,598,283,20470.18,170,113,3006291.07,2117838.82,170,113,11,112,0.3818,17,5,6,4,0.7716,1
ACC07436,895,16,4710.85,7,9,39285.05,35544.65,3,2,2,3,0.0502,1,1,1,0,0.2263,0
ACC07437,922,54,2734.7,21,33,47185.22,101737.01,11,21,4,1,0.0723,0,2,3,2,0.1248,0
ACC07438,506,55,3769.97,24,31,112473.98,86085.2,12,12,0,4,0.0532,2,0,1,1,0.3514,0
ACC07439,3810,16,1233.63,9,7,8721.79,6304.73,9,5,2,2,0.0493,3,0,0,1,0.4236,0
ACC07440,646,56,4058.95,21,35,89030.25,172104.15,4,22,1,1,0.0337,0,1,1,1,0.115,0
ACC07441,409,47,489.96,26,21,13764.67,9338.49,16,3,2,1,0.0648,2,0,2,0,0.2187,0
ACC07442,347,25,2292.61,11,14,28581.55,26948.15,2,5,0,0,0.0436,1,1,2,2,0.2359,0
ACC07443,55,305,32551.67,196,109,6341770.21,4020266.64,177,78,12,127,0.5135,28,5,11,4,0.8594,1
ACC07444,503,27,3935.31,13,14,53101.27,65663.08,10,10,1,4,0.1099,2,0,1,1,0.2813,0
ACC07445,418,19,2387.25,9,10,23967.07,23828.01,2,3,3,3,0.0469,2,0,2,0,0.1902,0
ACC07446,61,411,24769.44,310,101,9347254.22,2724245.83,248,101,13,149,0.6524,21,8,5,4,0.7055,1
ACC07447,97,566,29224.97,420,146,11974227.77,3677996.03,341,138,23,220,0.2452,30,6,5,3,0.7625,1
ACC07448,411,9,4380.58,3,6,17739.55,21838.62,2,2,1,0,0.0147,4,1,0,3,0.2253,0
ACC07449,792,25,3526.93,8,17,31717.07,70444.88,7,2,3,0,0.0368,1,0,2,0,0.1827,0
ACC07450,30,135,17757.59,102,33,1585647.82,558621.37,95,15,19,44,0.2986,23,4,6,8,0.7662,1
ACC07451,4276,41,3059.24,16,25,44460.29,98110.01,14,8,3,2,0.0601,2,1,1,0,0.1841,0
ACC07452,806,30,4798.06,19,11,121854.36,37700.84,5,2,3,4,0.0228,2,2,0,2,0.1584,0
ACC07453,107,115,8420.43,71,44,564528.28,425375.1,65,44,13,44,0.2805,29,4,4,5,0.7864,1
ACC07454,549,48,9319.97,18,30,146143.97,246265.54,6,16,0,3,0.0173,0,1,2,1,0.5016,0
ACC07455,416,44,1551.04,27,17,54454.44,29696.23,3,2,3,4,0.0269,1,2,1,0,0.2886,0
ACC07456,655,27,3016.94,15,12,52407.82,26434.23,15,2,2,3,0.1183,4,0,1,1,0.4126,0
ACC07457,413,59,653.18,36,23,24600.59,17971.51,15,23,3,1,0.0208,0,2,3,0,0.2745,0
ACC07458,905,32,1792.18,12,20,16131.79,28493.99,3,4,4,0,0.0647,1,1,4,0,0.2532,0
ACC07459,1119,27,2173.76,10,17,27555.88,26886.74,6,14,2,4,0.0497,3,0,1,0,0.5284,0
ACC07460,624,70,4142.69,30,40,153992.6,173965.93,11,27,2,4,0.1076,0,0,1,0,0.105,0
ACC07461,284,52,3179.39,25,27,60025.74,98953.84,16,16,2,3,0.0677,2,0,1,0,0.3236,0
ACC07462,2138,69,2390.58,38,31,93575.16,84323.27,15,22,2,1,0.0979,1,0,0,0,0.3884,0
ACC07463,67,341,26204.05,184,157,5203570.52,5133239.78,159,151,10,153,0.2726,31,7,7,1,0.7585,1
ACC07464,924,46,2204.5,23,23,53314.59,45748.64,11,13,2,1,0.0314,2,1,2,0,0.02,0
ACC07465,2417,33,605.29,17,16,10517.82,8657.29,2,8,2,1,0.0647,1,2,0,1,0.2555,0
ACC07466,301,42,1012.53,26,16,24009.44,14838.88,20,12,4,0,0.0441,1,0,2,0,0.1744,0
ACC07467,1810,35,2390.7,20,15,52623.87,30651.45,15,15,3,3,0.0274,1,0,0,2,0.4427,0
ACC07468,1165,28,1913.5,11,17,24728.81,40174.15,3,2,1,0,0.0587,0,0,1,1,0.3645,0
ACC07469,642,22,2677.9,12,10,39158.35,28507.02,8,4,0,2,0.1026,0,0,1,0,0.2247,0
ACC07470,799,51,2769.85,27,24,98376.63,64278.99,8,8,4,0,0.0255,2,0,1,1,0.1463,0
ACC07471,1173,28,3333.02,14,14,52897.43,39458.72,14,6,1,5,0.0593,2,0,0,0,0.3163,0
ACC07472,86,524,18496.48,287,237,5778092.15,4749615.95,223,209,19,184,0.4293,21,8,4,6,0.801,1
ACC07473,466,156,3602.05,57,99,207194.56,354683.09,20,51,1,3,0.0249,0,0,1,1,0.2537,0
ACC07474,1773,27,3070.22,16,11,41920.18,38363.48,8,2,1,3,0.0828,4,0,0,3,0.1962,0
ACC07475,1561,27,5006.52,10,17,38671.89,105941.25,2,7,3,3,0.0977,1,1,2,1,0.3749,0
ACC07476,36,259,13948.05,163,96,2181219.03,1362666.74,136,94,15,93,0.6437,14,5,5,4,0.7026,1
ACC07477,267,644,19344.67,396,248,8045065.62,5859273.16,347,203,11,259,0.1023,24,6,7,3,0.9587,1
ACC07478,64,385,11208.28,238,147,2778877.74,1642750.12,190,121,17,152,0.2977,21,11,5,6,0.9669,1
ACC07479,694,59,694.58,27,32,21815.37,24694.28,16,23,3,0,0.082,4,1,1,0,0.269,0
ACC07480,1181,37,1309.08,18,19,24039.6,31051.55,16,13,1,1,0.0204,1,2,0,0,0.1883,0
ACC07481,1281,34,3377.93,13,21,47848.38,75311.68,2,14,6,2,0.0043,1,0,0,0,0.0927,0
ACC07482,1561,56,1315.18,33,23,47584.27,38317.72,20,9,1,1,0.0506,4,0,2,0,0.0543,0
ACC07483,2213,22,3720.59,12,10,39492.57,48020.65,3,7,2,0,0.038,1,0,1,1,0.3836,0
ACC07484,419,86,2099.29,34,52,86333.49,117979.3,18,30,1,3,0.0279,2,2,1,1,0.3993,0
ACC07485,280,33,2623.33,18,15,44527.08,49803.95,5,6,2,1,0.0299,0,0,0,1,0.5202,0
ACC07486,49,359,10295.03,200,159,1939838.36,1615759.16,178,148,13,125,0.2428,25,8,7,7,0.9769,1
ACC07487,693,55,5202.26,20,35,114318.5,162890.77,10,26,2,2,0.0398,0,2,1,1,0.3429,0
ACC07488,57,332,12808.84,254,78,3251058.23,1216496.12,250,62,11,120,0.2775,29,3,9,4,0.8725,1
ACC07489,66,355,9629.34,193,162,1593971.92,1730289.68,139,145,9,108,0.4452,38,2,9,7,0.9028,1
ACC07490,176,279,20498.75,173,106,4230515.5,2141718.89,138,106,16,106,0.4791,30,6,6,4,0.9123,1
ACC07491,1650,44,2319.32,21,23,48600.44,48361.06,4,10,5,3,0.0625,1,0,1,0,0.095,0
ACC07492,578,86,3077.86,52,34,201411.56,73621.92,24,16,2,0,0.0758,1,0,0,0,0.2266,0
ACC07493,1239,34,5046.35,19,15,96672.19,66550.46,6,4,1,2,0.0186,1,0,3,0,0.3128,0
ACC07494,632,426,22049.75,283,143,6302124.57,3117735.37,256,115,12,166,0.197,33,12,3,6,0.6166,1
ACC07495,519,54,2436.8,34,20,76205.14,54781.29,13,9,0,2,0.0324,2,1,2,1,0.2768,0
ACC07496,2187,69,952.85,25,44,22495.33,37088.76,15,28,6,5,0.1138,3,0,3,0,0.2121,0
ACC07497,190,266,14262.2,145,121,2267446.02,1643630.57,130,103,18,104,0.1242,27,7,5,1,0.9209,1
ACC07498,915,36,9693.37,17,19,161897.62,195201.82,4,7,4,2,0.0182,4,0,0,2,0.2845,0
ACC07499,761,68,7215.81,23,45,159196.05,358693.94,14,29,2,1,0.0412,0,0,2,1,0.1593,0
ACC07500,531,10,1525.49,3,7,4804.56,8833.43,2,2,2,2,0.1258,1,0,1,2,0.177,0
ACC07501,87,408,18853.73,239,169,4574969.52,3561933.08,205,141,6,160,0.2389,23,4,4,7,0.9917,1
ACC07502,942,43,2689.38,23,20,64013.04,43164.32,6,15,1,3,0.0045,2,0,0,1,0.1959,0
ACC07503,1522,42,2033.54,17,25,44077.66,38994.1,9,11,1,3,0.0546,0,1,3,0,0.2361,0
ACC07504,141,53,1285.85,30,23,33862.37,24476.41,15,19,2,1,0.0351,0,0,0,0,0.2764,0
ACC07505,507,55,25000.0,25,30,547158.96,688733.64,10,24,0,1,0.0674,2,0,1,1,0.3108,0
ACC07506,646,60,1534.67,22,38,33644.74,66111.64,5,20,2,1,0.0181,1,0,3,0,0.0687,0
ACC07507,1088,24,2825.49,9,15,25398.18,35259.89,2,10,0,3,0.0149,3,0,0,0,0.2053,0
ACC07508,1246,32,2409.06,13,19,41816.96,43760.21,2,5,3,2,0.0242,1,1,1,1,0.4863,0
ACC07509,827,53,1834.76,23,30,36998.85,42347.23,3,8,3,1,0.01,0,0,3,2,0.3404,0
ACC07510,2546,43,2938.27,19,24,66926.31,51947.76,3,15,1,1,0.1008,2,0,0,0,0.2118,0
ACC07511,2429,71,1580.27,34,37,58327.15,57731.21,14,14,2,2,0.0385,1,0,0,1,0.4997,0
ACC07512,1458,76,4133.97,35,41,148574.19,217846.49,18,23,3,2,0.1237,3,2,2,0,0.1118,0
ACC07513,381,56,2352.77,33,23,76651.14,38345.2,16,11,1,1,0.016,0,0,1,0,0.2802,0
ACC07514,1661,67,3486.29,42,25,125196.89,84423.56,17,13,2,1,0.0685,0,0,2,0,0.3851,0
ACC07515,2132,69,1800.77,39,30,81971.1,43902.36,16,14,2,3,0.095,4,0,3,1,0.4009,0
ACC07516,34,247,45541.3,145,102,5913426.27,4656171.06,127,102,17,86,0.6179,37,10,1,5,0.8373,1
ACC07517,561,22,2860.12,11,11,39876.91,40853.41,5,8,0,6,0.0629,1,0,1,3,0.2929,0
ACC07518,298,383,14700.34,276,107,4049801.27,1933665.72,254,82,13,153,0.3136,25,5,5,3,0.6114,1
ACC07519,664,32,3626.87,13,19,36487.39,77050.18,2,17,2,1,0.1392,3,0,1,3,0.2128,0
ACC07520,1274,36,1593.39,16,20,21000.79,37802.78,8,7,0,4,0.0596,1,0,3,1,0.2144,0
ACC07521,799,94,1163.54,58,36,75918.03,49204.44,26,20,1,2,0.0372,1,1,1,0,0.0788,0
ACC07522,1439,17,3000.03,7,10,25878.56,21192.64,7,10,2,2,0.0413,1,0,3,0,0.5582,0
ACC07523,832,45,4121.34,19,26,94602.97,83804.29,8,13,5,3,0.12,2,0,1,0,0.3548,0
ACC07524,88,186,10255.88,107,79,1258707.03,754744.35,88,79,20,64,0.3864,15,4,5,3,0.682,1
ACC07525,987,29,2105.68,18,11,41871.75,25348.18,2,11,1,1,0.0758,1,1,0,0,0.135,0
ACC07526,692,33,448.51,18,15,7668.82,5150.0,7,2,1,0,0.0213,2,0,2,1,0.2704,0
ACC07527,255,881,7828.89,659,222,4567769.49,1879091.56,574,206,18,329,0.4119,18,7,7,5,0.9102,1
ACC07528,504,54,2448.68,20,34,48367.31,92957.06,20,18,1,1,0.0474,0,0,1,2,0.3029,0
ACC07529,809,54,1518.03,25,29,34795.86,50942.99,16,23,2,2,0.0142,2,0,1,2,0.2544,0
ACC07530,204,355,6855.04,248,107,1588813.02,641158.57,199,97,16,143,0.3178,29,5,13,2,0.8571,1
ACC07531,650,40,2731.92,20,20,72049.26,39394.01,12,9,3,3,0.0336,0,0,3,1,0.2238,0
ACC07532,244,330,46114.4,231,99,11430620.6,5341076.26,178,79,13,121,0.4605,25,8,4,4,0.8982,1
ACC07533,382,213,23599.88,121,92,2768176.38,2220746.19,87,92,11,78,0.3248,23,4,7,7,0.9864,1
ACC07534,450,17,4030.84,8,9,29987.78,44964.75,2,9,2,4,0.0266,3,0,0,0,0.2142,0
ACC07535,1742,40,11422.75,24,16,205790.35,165470.12,13,15,3,3,0.0476,1,0,0,1,0.1647,0
ACC07536,675,26,3556.53,14,12,64541.95,41218.89,6,6,1,1,0.1026,4,0,1,0,0.4059,0
ACC07537,562,42,1008.21,22,20,24021.46,15306.94,3,20,2,3,0.0399,1,0,0,0,0.2802,0
ACC07538,343,41,2979.54,16,25,58094.6,65693.73,16,16,0,0,0.1165,2,2,2,2,0.287,0
ACC07539,1083,109,8598.6,66,43,548111.53,437006.68,14,17,2,1,0.0787,0,0,1,0,0.3033,0
ACC07540,2441,66,2139.86,31,35,57772.71,56826.26,12,11,2,3,0.0754,4,0,1,0,0.2466,0
ACC07541,1471,52,3213.29,33,19,116854.59,61311.6,2,12,3,1,0.0138,2,1,1,0,0.3324,0
ACC07542,124,245,11712.84,125,120,1738221.07,1432293.21,103,107,18,104,0.2993,32,10,11,4,0.8556,1
ACC07543,214,39,7986.27,14,25,148880.01,161615.5,12,11,3,3,0.0223,1,1,0,0,0.451,0
ACC07544,1028,132,6089.87,64,68,474205.2,444565.58,19,38,1,3,0.0747,2,1,0,0,0.0737,0
ACC07545,438,74,1819.54,47,27,114324.34,38016.75,22,14,2,2,0.0361,2,0,2,2,0.3518,0
ACC07546,99,171,5707.27,119,52,600772.69,301625.51,93,26,15,68,0.4803,26,5,4,4,0.992,1
ACC07547,1012,59,5325.23,36,23,145190.19,117050.73,22,5,4,1,0.037,0,1,0,2,0.1225,0
ACC07548,822,88,985.76,48,40,42562.49,34892.31,19,25,1,3,0.0709,0,0,2,0,0.4376,0
ACC07549,2298,46,3694.49,24,22,106308.51,104633.82,13,10,0,3,0.0422,0,0,2,2,0.1734,0
ACC07550,2390,24,4817.99,12,12,58144.54,53608.96,5,4,1,1,0.0359,2,0,0,0,0.161,0
ACC07551,451,32,1873.55,15,17,28111.14,26025.87,2,6,1,5,0.1136,5,0,1,0,0.322,0
ACC07552,997,18,2856.42,6,12,23032.58,35022.43,5,8,3,1,0.0314,2,0,1,2,0.1546,0
ACC07553,367,32,4684.16,14,18,85693.5,67460.43,2,4,2,2,0.0284,0,1,3,0,0.2837,0
ACC07554,2896,81,1179.94,34,47,48562.33,70344.66,14,28,4,1,0.0375,2,0,0,0,0.3046,0
ACC07555,1318,34,2711.82,18,16,42520.06,43652.81,5,5,2,0,0.017,5,1,4,0,0.2781,0
ACC07556,635,24,1248.2,8,16,10700.89,22276.92,2,14,1,6,0.0601,0,1,1,0,0.1847,0
ACC07557,212,20,4489.4,12,8,41629.04,35919.73,2,2,2,3,0.029,1,3,1,1,0.3348,0
ACC07558,104,384,4666.52,299,85,1437828.67,421832.07,251,85,14,136,0.6114,21,13,7,6,0.9105,1
ACC07559,1065,29,1869.63,12,17,28277.08,25323.85,11,16,3,3,0.0313,1,0,0,2,0.3317,0
ACC07560,405,20,2521.53,11,9,26379.22,21524.49,11,6,4,3,0.0642,2,0,1,0,0.1961,0
ACC07561,74,428,10199.71,336,92,3390485.91,966827.3,290,73,14,152,0.2076,24,6,6,2,0.8193,1
ACC07562,301,118,29865.79,76,42,2437003.51,1439690.39,76,42,16,52,0.6931,13,9,4,3,0.7993,1
ACC07563,706,49,1609.21,18,31,34408.51,42582.04,11,16,3,3,0.0193,3,1,1,1,0.338,0
ACC07564,1481,52,915.36,27,25,19969.42,27017.72,14,13,3,0,0.0711,2,0,2,0,0.1107,0
ACC07565,209,756,17479.38,548,208,10433809.22,4183330.35,457,186,11,281,0.4667,25,6,5,1,0.7171,1
ACC07566,181,316,5932.29,167,149,853174.21,764377.0,139,145,18,123,0.1867,26,8,3,4,0.8473,1
ACC07567,76,198,12022.39,121,77,1698403.31,835731.99,100,74,20,90,0.2499,17,5,3,5,0.8944,1
ACC07568,1237,44,1381.07,21,23,30047.36,39134.86,11,2,2,3,0.0656,1,2,3,0,0.229,0
ACC07569,493,55,3852.12,21,34,79903.0,145221.89,12,21,0,2,0.0828,0,0,1,0,0.1653,0
ACC07570,43,575,16927.28,303,272,4361160.4,4916917.83,233,220,22,220,0.4419,22,5,6,5,0.8567,1
ACC07571,2012,38,1267.17,13,25,15120.05,23998.24,8,19,2,3,0.0471,1,1,3,0,0.2482,0
ACC07572,988,28,4501.35,15,13,76010.18,69976.9,13,2,1,1,0.0138,1,0,1,0,0.4448,0
ACC07573,2165,46,813.72,29,17,22899.11,10105.55,3,17,2,1,0.0565,2,1,0,2,0.1182,0
ACC07574,744,53,1535.2,33,20,51865.14,24807.11,11,17,2,3,0.0354,1,1,0,1,0.2827,0
ACC07575,1476,52,8158.69,18,34,169725.3,277852.66,2,16,3,3,0.0137,1,0,0,1,0.1164,0
ACC07576,116,196,26822.19,144,52,4517426.98,1240192.9,121,52,15,71,0.458,33,4,6,6,0.9429,1
ACC07577,345,493,42297.52,315,178,14642378.93,6718277.51,257,157,14,150,0.3679,21,8,4,4,0.8584,1
ACC07578,1862,40,1282.18,17,23,17749.34,20656.45,9,10,0,2,0.0213,1,0,1,0,0.4389,0
ACC07579,1118,93,3756.55,43,50,159629.65,222621.48,26,22,2,3,0.005,0,1,1,1,0.1072,0
ACC07580,864,92,6344.49,45,47,296818.65,349590.0,16,30,1,2,0.0265,0,1,1,2,0.1633,0
ACC07581,32,263,30122.51,159,104,5577759.71,2864759.24,155,92,12,101,0.3523,26,3,1,1,0.8574,1
ACC07582,666,37,2090.62,19,18,33656.03,38894.95,13,10,2,0,0.0406,1,1,2,1,0.3459,0
ACC07583,117,669,18901.68,363,306,8169776.41,5996710.36,318,280,19,266,0.4518,26,9,4,5,0.5405,1
ACC07584,842,78,4247.14,44,34,167062.52,101482.43,17,15,4,1,0.0254,3,0,1,1,0.1616,0
ACC07585,299,38,2117.4,20,18,38603.44,46154.17,7,9,2,1,0.0569,2,0,2,0,0.5638,0
ACC07586,573,26,4604.9,10,16,47439.15,71364.4,8,16,2,4,0.0336,0,0,0,0,0.1792,0
ACC07587,327,35,5541.5,17,18,86488.14,81667.23,7,9,1,1,0.0375,0,0,1,1,0.6772,0
ACC07588,83,642,11379.19,497,145,5396690.02,1466039.17,397,127,24,239,0.2822,23,6,8,3,0.813,1
ACC07589,577,63,3037.75,24,39,74318.14,140871.92,12,24,3,2,0.0364,0,0,1,0,0.2664,0
ACC07590,357,22,1824.33,8,14,17949.7,32468.47,2,14,3,4,0.0076,4,2,1,3,0.1063,0
ACC07591,666,13,3651.33,4,9,14932.99,42565.17,2,5,0,1,0.0197,0,1,0,1,0.2896,0
ACC07592,342,29,1568.56,13,16,26702.1,22509.67,2,4,3,3,0.0309,0,0,1,0,0.2022,0
ACC07593,440,65,1967.92,41,24,93247.78,52499.57,25,12,1,0,0.0605,0,0,0,0,0.399,0
ACC07594,98,133,10022.74,78,55,741755.13,538523.59,39,44,16,51,0.3911,28,8,6,3,0.7863,1
ACC07595,1322,17,3094.01,9,8,22018.95,28748.69,5,2,1,0,0.1195,2,0,3,0,0.0579,0
ACC07596,804,72,2262.37,29,43,86236.1,72079.27,14,13,2,0,0.0263,1,0,2,0,0.1897,0
ACC07597,2353,31,2569.38,12,19,28320.09,42525.68,4,17,3,2,0.0501,2,1,1,0,0.0644,0
ACC07598,881,76,1595.53,31,45,56488.76,87512.2,23,29,3,2,0.0506,0,0,2,0,0.4566,0
ACC07599,361,51,4426.85,18,33,105156.39,187027.15,2,17,3,4,0.1143,0,3,1,0,0.2971,0
ACC07600,502,41,2593.42,16,25,47337.05,83789.42,7,15,6,0,0.0117,4,1,1,1,0.1451,0
ACC07601,70,163,8403.81,105,58,915383.21,460425.11,51,58,16,59,0.3753,34,6,5,3,0.8819,1
ACC07602,498,23,3457.07,8,15,24430.05,41522.14,2,8,4,2,0.0541,0,0,2,0,0.3323,0
ACC07603,514,56,1010.51,27,29,30226.28,26942.13,9,14,4,0,0.2132,2,0,2,0,0.336,0
ACC07604,47,149,7905.88,95,54,764600.77,440719.2,84,54,9,52,0.2588,21,9,8,5,0.8592,1
ACC07605,63,94,6352.13,69,25,456057.67,142554.54,56,25,18,34,0.3983,17,8,3,4,0.879,1
ACC07606,356,24,696.14,9,15,6203.44,11217.89,8,3,5,1,0.0446,0,2,3,0,0.3206,0
ACC07607,70,244,36078.69,180,64,7128966.53,2124165.37,152,64,18,116,0.2735,25,9,5,4,0.8391,1
ACC07608,683,111,1801.92,63,48,123842.11,74028.47,28,30,2,0,0.0213,1,1,2,0,0.2929,0
ACC07609,1791,37,6683.23,15,22,97064.76,182970.71,2,19,5,2,0.0322,2,0,1,0,0.2245,0
ACC07610,960,79,3032.05,35,44,94348.12,131040.54,16,26,0,2,0.0601,2,1,0,1,0.4206,0
ACC07611,1761,23,1572.47,9,14,10819.79,17499.16,2,2,4,3,0.1492,4,0,3,2,0.3608,0
ACC07612,157,279,33395.16,154,125,5903824.57,4687398.59,128,125,12,118,0.2445,24,2,4,5,0.7807,1
ACC07613,585,45,1169.97,24,21,30494.98,26995.66,2,7,6,3,0.0172,1,0,2,0,0.2191,0
ACC07614,160,216,12659.99,120,96,1575240.1,1467350.42,99,96,19,68,0.3666,17,6,5,5,0.8178,1
ACC07615,501,58,6160.96,30,28,233925.51,221143.05,17,17,1,3,0.1131,2,1,1,0,0.5752,0
ACC07616,840,51,5917.51,31,20,173955.62,109665.06,14,18,4,2,0.0641,2,1,1,1,0.2345,0
ACC07617,151,441,8783.35,274,167,2913918.87,1627601.82,236,146,8,173,0.3337,21,2,2,3,0.7854,1
ACC07618,246,129,8815.0,86,43,748147.56,440411.45,49,26,15,54,0.3505,21,12,5,2,0.8193,1
ACC07619,96,240,20592.44,177,63,3354757.58,1366993.88,151,51,12,103,0.3552,36,9,3,3,0.7225,1
ACC07620,666,25,3949.68,13,12,56450.7,41554.69,13,4,1,0,0.0104,2,1,0,0,0.2884,0
ACC07621,1458,20,2612.8,11,9,28666.66,25541.06,9,2,2,1,0.0343,0,0,2,2,0.3352,0
ACC07622,1095,55,1414.83,22,33,36914.3,34681.14,2,12,3,2,0.1757,1,1,0,1,0.1871,0
ACC07623,41,180,26913.67,127,53,3922987.46,1750646.13,90,40,11,68,0.6562,26,6,2,8,0.8849,1
ACC07624,56,433,11427.38,298,135,3416804.03,1362792.9,265,126,19,154,0.3804,22,8,4,5,0.8218,1
ACC07625,640,16,7826.41,9,7,61098.17,46612.19,4,7,1,5,0.027,0,0,1,1,0.187,0
ACC07626,589,20,4645.22,8,12,28197.23,68634.12,6,2,2,2,0.1279,2,0,2,0,0.0949,0
ACC07627,1035,126,1662.39,52,74,77883.58,101155.53,22,38,1,2,0.0111,2,1,1,0,0.3085,0
ACC07628,1297,26,1193.13,11,15,17168.16,17658.49,4,7,0,1,0.0351,2,0,3,1,0.0509,0
ACC07629,67,156,17450.03,106,50,1692131.17,822407.66,70,50,5,64,0.3311,25,5,1,3,0.8994,1
ACC07630,224,98,22391.24,76,22,1971729.03,580949.88,39,9,11,40,0.3962,28,3,6,4,0.7228,1
ACC07631,97,271,7516.94,162,109,1342963.93,764956.99,142,76,11,95,0.2077,19,9,5,5,0.6555,1
ACC07632,1636,30,9120.65,17,13,175038.82,88625.83,4,10,1,0,0.0874,0,0,2,1,0.0844,0
ACC07633,159,124,13541.53,93,31,1350179.26,450349.58,83,31,16,52,0.1887,24,5,9,2,0.8588,1
ACC07634,1050,64,5164.1,23,41,152085.02,185425.45,9,16,1,1,0.0671,3,1,0,1,0.2456,0
ACC07635,1368,79,1375.53,49,30,55601.87,32416.73,11,6,2,2,0.1094,1,3,2,0,0.324,0
ACC07636,5000,63,7072.42,32,31,260363.23,198595.81,13,28,0,3,0.0669,0,0,2,0,0.0953,0
ACC07637,1839,43,1401.15,18,25,29656.07,26835.75,7,8,4,2,0.0355,1,1,1,0,0.3857,0
ACC07638,427,30,1524.13,14,16,18841.88,30475.9,2,9,3,1,0.0478,0,0,1,1,0.4613,0
ACC07639,854,33,3457.7,19,14,76751.22,55365.64,3,2,2,4,0.0464,0,0,1,0,0.2103,0
ACC07640,705,30,5384.42,15,15,98991.92,91889.54,13,8,2,1,0.0909,2,1,2,1,0.3604,0
ACC07641,971,89,2773.97,37,52,85444.11,157679.55,12,34,2,1,0.0345,0,1,1,0,0.3374,0
ACC07642,1533,46,10447.93,29,17,259666.6,146731.25,10,8,5,1,0.0431,3,0,1,2,0.3094,0
ACC07643,1293,35,4663.19,18,17,107755.2,98888.7,2,10,1,2,0.0737,3,2,0,1,0.162,0
ACC07644,73,199,11186.67,104,95,1196205.82,1296445.88,88,79,9,65,0.3026,24,7,5,5,0.6252,1
ACC07645,696,70,1321.35,39,31,67907.7,50149.22,9,15,1,2,0.0255,4,0,1,1,0.2576,0
ACC07646,139,115,8334.99,86,29,830106.01,284010.61,46,26,10,50,0.4036,19,9,7,1,0.8002,1
ACC07647,85,284,10614.55,195,89,2437766.72,992245.2,175,82,12,120,0.5716,21,4,7,5,0.9168,1
ACC07648,1055,44,7112.8,20,24,163665.06,149468.45,7,18,1,1,0.0106,1,0,1,0,0.2621,0
ACC07649,730,36,3873.07,22,14,107511.43,58523.66,6,8,3,3,0.0354,0,0,0,1,0.6121,0
ACC07650,2583,34,2597.13,12,22,38788.2,59738.4,8,17,6,2,0.0686,0,0,0,1,0.3267,0
ACC07651,726,19,505.89,7,12,3993.16,7140.58,2,8,1,2,0.0217,4,0,2,0,0.4696,0
ACC07652,1143,17,1403.04,9,8,10303.75,13035.14,3,5,3,1,0.0294,3,1,2,0,0.0797,0
ACC07653,460,27,2015.21,10,17,21461.56,43543.36,7,14,1,2,0.0391,2,0,0,1,0.204,0
ACC07654,459,57,5558.11,23,34,162271.89,140034.88,3,20,5,3,0.0346,0,2,2,2,0.1762,0
ACC07655,192,89,18678.98,63,26,1358312.27,417667.47,63,15,16,32,0.2442,19,8,5,3,0.6605,1
ACC07656,1404,64,1500.94,32,32,45573.02,43487.17,9,15,3,3,0.0803,0,1,2,0,0.1799,0
ACC07657,133,157,13188.03,102,55,1311520.78,858749.91,91,55,13,70,0.4241,29,3,2,2,0.9738,1
ACC07658,389,34,1464.67,14,20,23078.93,34630.32,4,10,1,1,0.0143,1,1,3,2,0.4847,0
ACC07659,138,100,10695.87,77,23,788044.51,225886.43,52,23,14,41,0.3302,23,5,7,7,0.8209,1
ACC07660,2215,23,1857.44,13,10,29045.03,19064.96,3,8,2,1,0.0188,1,0,2,2,0.2241,0
ACC07661,1452,90,5976.5,57,33,320005.54,253515.47,21,24,1,2,0.0586,2,1,3,2,0.2573,0
ACC07662,928,59,1383.9,33,26,38228.19,42071.96,11,18,5,2,0.0651,2,0,1,0,0.2362,0
ACC07663,784,42,7012.92,17,25,158616.55,196869.83,2,21,1,3,0.018,1,0,0,1,0.3772,0
ACC07664,290,44,8562.41,25,19,200960.48,161475.07,14,7,3,3,0.0896,0,0,1,0,0.2979,0
ACC07665,533,48,2317.52,22,26,66216.46,70120.38,3,15,2,1,0.0648,0,1,3,1,0.2015,0
ACC07666,1395,40,3768.01,21,19,88856.63,67724.03,6,11,1,4,0.1282,2,0,1,0,0.2747,0
ACC07667,453,72,4532.47,45,27,195435.36,105601.97,26,18,2,2,0.0443,4,1,1,1,0.2152,0
ACC07668,112,126,16318.41,86,40,1428288.65,710708.44,86,36,23,44,0.5794,33,5,11,5,0.8429,1
ACC07669,926,35,2714.1,13,22,28410.21,53117.17,7,11,0,0,0.0215,3,0,0,0,0.1457,0
ACC07670,589,57,4135.56,32,25,153682.78,76976.44,17,7,1,1,0.0261,0,0,0,0,0.2982,0
ACC07671,2172,68,1307.51,35,33,37296.85,36369.51,18,26,2,1,0.0116,1,0,2,0,0.296,0
ACC07672,662,35,2264.86,12,23,27060.79,58251.16,12,9,3,1,0.1204,0,0,2,0,0.1179,0
ACC07673,214,166,5960.64,101,65,577012.15,437474.12,96,55,16,64,0.4337,27,4,5,2,0.8462,1
ACC07674,262,100,2683.37,38,62,112123.57,133229.67,16,36,0,1,0.0314,2,0,1,1,0.2525,0
ACC07675,618,60,1990.92,25,35,40311.58,85109.33,4,20,2,1,0.0206,5,3,1,3,0.6642,0
ACC07676,489,62,746.61,24,38,22093.22,26124.74,14,15,0,1,0.0308,4,0,3,4,0.239,0
ACC07677,122,113,19743.08,77,36,1616851.5,743264.93,69,35,15,52,0.4382,18,7,3,1,0.7847,1
ACC07678,71,217,5830.52,168,49,833120.83,277615.99,140,49,11,77,0.3527,25,4,4,4,0.45,1
ACC07679,29,221,15643.78,125,96,2207904.65,1278123.84,65,84,12,93,0.6179,30,10,4,9,0.7652,1
ACC07680,412,40,2770.01,21,19,49585.79,65930.9,6,4,2,3,0.0407,1,1,0,2,0.3401,0
ACC07681,159,245,11479.2,134,111,1825306.99,1285464.36,97,111,12,105,0.2777,25,5,5,3,0.9454,1
ACC07682,24,364,14040.5,279,85,3773834.58,1155175.21,238,85,14,130,0.253,17,5,4,2,0.6782,1
ACC07683,679,34,1512.55,19,15,24549.27,23434.56,10,13,0,3,0.0927,2,1,1,1,0.4124,0
ACC07684,87,282,19447.35,213,69,3929829.22,1491988.54,176,63,10,117,0.5647,34,8,4,2,0.752,1
ACC07685,908,81,1457.09,34,47,37479.82,63924.53,11,24,1,4,0.0428,3,0,1,0,0.1098,0
ACC07686,76,157,32659.12,109,48,3583159.59,1701481.93,96,48,18,61,0.3144,26,8,4,5,0.7906,1
ACC07687,2656,71,2646.74,29,42,72590.22,111031.19,17,20,4,0,0.0445,0,1,2,1,0.2095,0
ACC07688,163,153,11342.9,92,61,1272373.53,861016.02,62,53,13,59,0.4415,23,5,3,2,0.71,1
ACC07689,27,139,17349.02,101,38,1730827.51,565001.43,77,31,8,49,0.2364,27,6,6,4,0.671,1
ACC07690,281,286,20070.1,221,65,4676050.48,1547646.45,214,48,17,113,0.2584,32,4,9,4,0.8504,1
ACC07691,1129,69,4259.97,43,26,193298.43,93697.59,11,18,2,1,0.021,2,0,0,0,0.0761,0
ACC07692,193,152,10278.2,105,47,1193268.61,565748.05,105,42,10,60,0.2604,24,7,10,6,0.727,1
ACC07693,45,309,14259.59,155,154,2650240.2,2148027.81,98,140,11,115,0.3388,17,5,2,4,0.661,1
ACC07694,907,35,3006.26,18,17,55728.7,41258.27,2,4,3,1,0.0336,1,1,1,1,0.3837,0
ACC07695,552,50,8427.46,28,22,224774.88,186185.18,7,2,3,1,0.0495,1,0,1,0,0.4281,0
ACC07696,2715,71,3743.83,28,43,115940.76,191888.74,16,18,1,2,0.0388,1,0,5,2,0.6893,0
ACC07697,197,69,1091.34,32,37,42851.23,51317.74,9,18,2,1,0.0142,1,0,1,1,0.112,0
ACC07698,198,21,2150.84,12,9,30035.29,14937.59,4,8,1,1,0.0843,2,2,2,1,0.2559,0
ACC07699,452,36,4211.24,22,14,103199.74,56160.42,8,8,2,1,0.1403,2,0,0,0,0.174,0
ACC07700,793,67,2145.33,39,28,82759.31,72966.65,14,13,1,2,0.0973,0,0,1,1,0.3208,0
ACC07701,835,67,385.26,29,38,13970.44,15093.16,8,26,2,0,0.0398,1,0,2,1,0.3482,0
ACC07702,217,163,10760.28,119,44,1403033.9,587698.29,89,42,10,73,0.4621,40,5,7,1,0.9,1
ACC07703,733,29,1848.53,15,14,25691.18,19695.7,3,3,1,1,0.0395,3,1,0,0,0.1131,0
ACC07704,499,29,5778.47,12,17,64921.79,103159.99,5,2,1,2,0.0305,3,0,1,0,0.5063,0
ACC07705,361,269,24126.81,172,97,4149780.28,2127967.98,164,96,13,110,0.3515,19,3,3,5,0.8637,1
ACC07706,588,30,1064.53,12,18,14769.67,14432.3,2,14,2,1,0.1311,1,1,0,1,0.4656,0
ACC07707,934,34,1265.67,13,21,12359.24,33659.06,7,8,3,2,0.0953,0,0,1,0,0.1648,0
ACC07708,882,86,4167.14,48,38,163098.47,165220.97,17,24,0,1,0.1237,0,1,4,0,0.5431,0
ACC07709,663,12,4754.85,6,6,32384.11,28707.24,6,6,2,2,0.0483,0,1,3,1,0.3793,0
ACC07710,1355,169,2780.64,61,108,168134.51,318635.05,20,67,3,4,0.0364,1,0,0,1,0.1129,0
ACC07711,184,283,14111.21,208,75,3335369.41,942061.1,182,75,16,104,0.382,27,3,5,7,0.8071,1
ACC07712,5000,21,919.39,11,10,12951.5,6444.37,2,4,4,2,0.0072,0,0,1,2,0.0854,0
ACC07713,2298,18,4374.09,6,12,26374.68,54423.36,2,10,1,2,0.0502,1,0,1,0,0.1926,0
ACC07714,118,157,12669.27,119,38,1450221.68,429250.06,78,25,11,61,0.5081,23,6,4,5,0.5681,1
ACC07715,774,51,3284.04,21,30,64891.29,81877.92,9,17,3,1,0.0762,1,0,0,2,0.2846,0
ACC07716,64,206,6614.69,155,51,1042885.57,300360.17,115,51,14,65,0.7005,21,5,6,3,0.8069,1
ACC07717,36,162,25031.79,94,68,2510780.26,2001464.75,79,68,17,54,0.4969,28,8,5,1,0.8785,1
ACC07718,62,106,6868.68,56,50,434540.16,324966.01,56,50,21,46,0.2178,23,2,6,4,0.8,1
ACC07719,23,209,21554.17,106,103,2744731.28,1945600.08,91,77,11,86,0.4261,25,8,6,3,0.7849,1
ACC07720,958,26,434.84,12,14,6948.23,6744.7,12,10,5,1,0.072,3,0,3,3,0.4777,0
ACC07721,59,328,35452.06,197,131,6908822.19,5190078.67,162,122,13,139,0.2241,25,11,5,5,0.8264,1
ACC07722,25,326,21156.42,205,121,4058869.39,2786412.89,172,92,22,129,0.2413,22,4,5,1,0.6782,1
ACC07723,807,21,1314.05,7,14,8593.97,14100.11,4,11,1,1,0.0119,1,0,2,1,0.1674,0
ACC07724,395,30,3479.71,13,17,36553.77,44229.05,2,4,2,2,0.0973,2,0,2,0,0.2076,0
ACC07725,410,76,2702.42,35,41,88322.34,132773.46,15,21,2,2,0.0439,0,0,3,3,0.2908,0
ACC07726,366,83,2624.38,41,42,82439.76,112663.48,13,19,2,2,0.0854,2,0,2,1,0.2843,0
ACC07727,117,135,17333.41,103,32,1644000.84,527106.34,100,32,13,48,0.1925,28,10,6,3,0.989,1
ACC07728,341,150,7418.94,84,66,602906.11,569374.3,84,52,13,53,0.2817,25,4,5,3,0.8936,1
ACC07729,109,132,19882.14,84,48,1704770.85,1032712.62,69,32,19,41,0.3604,25,9,7,3,0.9196,1
ACC07730,452,98,7691.13,52,46,490727.32,354877.35,40,42,27,27,0.4119,31,5,1,5,0.9473,1
ACC07731,289,41,2258.92,23,18,68235.0,47981.88,13,2,2,1,0.0485,1,1,0,0,0.4496,0
ACC07732,1003,73,9743.35,44,29,442075.25,225983.64,22,16,3,2,0.1288,3,0,2,2,0.4708,0
ACC07733,465,62,1330.08,38,24,45536.02,35722.78,12,4,1,4,0.058,1,0,3,1,0.2923,0
ACC07734,1236,96,4625.01,56,40,232761.14,206627.01,27,20,2,1,0.0621,1,0,2,1,0.2734,0
ACC07735,2975,40,5869.96,21,19,123858.81,84157.31,19,12,3,1,0.076,4,2,0,1,0.4229,0
ACC07736,40,266,13481.96,166,100,2690866.32,1335738.6,153,100,14,88,0.316,30,5,5,1,0.8837,1
ACC07737,354,49,3203.66,17,32,57855.69,128308.87,7,13,1,5,0.0378,3,1,1,0,0.3628,0
ACC07738,635,74,4038.1,29,45,132947.76,226108.73,6,19,2,1,0.0586,1,1,0,2,0.4182,0
ACC07739,871,162,3100.01,62,100,198086.82,280967.33,26,50,0,0,0.0154,0,1,0,2,0.4035,0
ACC07740,121,100,10138.74,71,29,749421.42,304858.82,54,29,11,40,0.5345,23,5,7,4,0.7027,1
ACC07741,359,39,1512.62,17,22,30644.5,26312.24,6,13,1,4,0.0673,1,0,1,0,0.3274,0
ACC07742,137,320,15087.61,238,82,3138621.55,1346638.78,199,79,11,126,0.4192,37,5,6,7,0.9167,1
ACC07743,569,50,10801.68,31,19,379221.87,160808.51,7,3,0,2,0.0303,0,0,1,0,0.5142,0
ACC07744,720,30,1761.4,17,13,31439.33,22602.16,13,12,1,4,0.0527,0,3,0,0,0.0554,0
ACC07745,135,277,9108.22,166,111,1307249.59,1160764.19,138,103,13,89,0.3003,22,5,8,5,0.6879,1
ACC07746,736,55,961.72,30,25,30719.89,17457.95,14,9,3,2,0.0696,0,0,0,0,0.3669,0
ACC07747,25,219,9099.51,126,93,999505.23,887482.17,114,90,8,92,0.3593,18,8,3,8,0.7613,1
ACC07748,652,24,1567.0,15,9,24740.45,16506.35,2,6,1,4,0.0347,1,0,1,2,0.1809,0
ACC07749,1027,16,2241.8,8,8,23916.09,13020.04,7,7,1,1,0.0608,1,1,0,1,0.3969,0
ACC07750,2498,122,1055.82,78,44,63433.11,42623.95,32,32,5,2,0.033,3,0,1,0,0.3744,0
ACC07751,1441,55,3200.79,27,28,74419.05,79365.47,12,14,3,1,0.0364,1,0,1,2,0.3147,0
ACC07752,1165,63,2153.55,33,30,78830.02,63506.55,17,14,1,4,0.0358,2,0,1,0,0.4642,0
ACC07753,939,47,4658.15,23,24,106025.36,79916.0,8,10,1,2,0.0164,3,0,2,2,0.348,0
ACC07754,1654,29,1755.72,17,12,38460.86,27103.73,4,2,1,3,0.0616,2,0,3,0,0.32,0
ACC07755,1457,67,1786.34,42,25,74572.48,34922.22,21,14,3,3,0.0136,4,0,1,0,0.3125,0
ACC07756,996,20,1623.41,12,8,21075.89,16201.74,4,8,1,1,0.0359,0,1,3,0,0.1239,0
ACC07757,458,39,2728.63,21,18,73061.44,38882.07,10,14,1,2,0.0244,4,0,0,2,0.2224,0
ACC07758,518,57,1039.72,36,21,30440.0,24834.22,9,16,0,6,0.1136,0,0,2,1,0.5658,0
ACC07759,1099,70,1450.86,28,42,43732.79,76690.97,15,23,0,4,0.0684,1,2,0,0,0.1775,0
ACC07760,166,272,31037.33,202,70,5545717.11,2335856.7,186,70,14,104,0.2216,19,6,4,2,0.8774,1
ACC07761,1282,43,4172.98,27,16,88114.02,50201.78,12,10,1,1,0.0248,1,0,0,1,0.2613,0
ACC07762,837,55,1398.04,32,23,50309.88,36802.7,12,9,1,2,0.0855,3,0,2,1,0.5929,0
ACC07763,684,57,5556.66,29,28,154559.91,184235.88,13,10,5,4,0.0101,0,1,1,1,0.16,0
ACC07764,638,80,4552.06,38,42,149385.95,175221.34,25,29,4,1,0.1062,2,0,1,0,0.164,0
ACC07765,15,393,19076.63,253,140,5401814.2,2562151.95,204,140,13,151,0.4441,16,4,6,6,0.777,1
ACC07766,1982,40,1880.35,21,19,37624.19,27159.83,9,7,0,1,0.0734,6,0,2,1,0.0782,0
ACC07767,76,172,6048.64,98,74,514975.54,548978.18,81,74,18,70,0.5812,22,10,7,2,0.5784,1
ACC07768,831,57,1896.94,30,27,56170.88,63134.71,12,16,4,0,0.0179,0,0,3,1,0.3204,0
ACC07769,2194,56,2065.92,25,31,47009.2,48648.2,16,16,3,4,0.1008,3,0,2,1,0.1914,0
ACC07770,1862,52,2924.18,26,26,58091.9,60742.18,16,7,1,2,0.0427,0,1,2,0,0.5602,0
ACC07771,873,52,2304.02,25,27,58457.59,76453.39,7,15,3,5,0.0053,2,0,2,1,0.3782,0
ACC07772,122,207,16617.33,138,69,2005093.44,1432573.48,120,64,9,97,0.4705,32,7,2,5,0.8989,1
ACC07773,1330,80,4542.78,40,40,240918.94,133494.15,19,19,2,0,0.053,0,0,1,0,0.3173,0
ACC07774,2562,33,1808.78,15,18,21602.88,36734.81,14,9,3,3,0.02,0,1,1,0,0.2374,0
ACC07775,1330,19,2322.69,8,11,14970.17,31200.25,2,11,0,2,0.0891,2,0,1,0,0.5142,0
ACC07776,447,21,1036.89,10,11,13816.16,13883.84,3,10,2,3,0.0727,5,0,1,0,0.4004,0
ACC07777,42,303,16857.63,240,63,4325078.88,1058952.09,184,36,16,103,0.3445,19,3,7,1,0.9644,1
ACC07778,162,139,8176.93,81,58,569218.89,419586.34,81,58,10,51,0.4218,19,7,8,3,0.7944,1
ACC07779,615,43,3034.63,27,16,70812.15,47195.04,7,16,2,3,0.0582,2,0,1,3,0.1567,0
ACC07780,53,293,7090.76,227,66,1700990.78,468830.74,180,61,14,107,0.4327,23,8,2,5,0.8047,1
ACC07781,31,149,14461.87,105,44,1489881.94,568707.91,100,33,11,61,0.4834,22,5,7,5,0.8952,1
ACC07782,901,448,14625.5,319,129,4148275.72,1747227.44,264,101,8,158,0.2141,20,4,4,1,0.6396,1
ACC07783,4111,26,1731.81,10,16,21236.81,29600.69,6,8,2,1,0.0167,0,1,1,2,0.1134,0
ACC07784,1116,107,2290.4,51,56,137009.24,165407.41,25,38,3,1,0.0596,1,0,0,0,0.1864,0
ACC07785,210,527,7343.15,374,153,3114709.73,1242673.72,338,136,14,205,0.4345,18,9,9,5,0.7731,1
ACC07786,970,27,3478.86,11,16,34609.35,55042.97,6,6,0,3,0.0509,4,0,1,0,0.359,0
ACC07787,571,11,3371.38,5,6,20457.22,15587.25,2,2,7,0,0.0108,2,0,0,0,0.3011,0
ACC07788,586,88,620.88,52,36,33115.39,25864.26,13,20,2,9,0.0764,2,1,0,0,0.1484,0
ACC07789,395,59,932.12,30,29,34175.5,23747.28,23,17,2,2,0.0538,2,0,2,1,0.3843,0
ACC07790,363,134,10867.29,101,33,981404.95,351766.03,90,24,14,51,0.4377,27,7,5,2,0.8275,1
ACC07791,258,205,6216.68,148,57,897608.68,392214.01,121,57,18,82,0.1976,27,5,2,4,0.8322,1
ACC07792,1019,68,1183.4,42,26,53836.99,33267.74,17,18,3,1,0.0357,1,2,0,0,0.5865,0
ACC07793,842,37,4083.3,14,23,74606.34,118578.23,5,21,1,2,0.0739,1,1,1,1,0.3344,0
ACC07794,61,340,48485.68,195,145,8329401.97,8105421.59,182,122,17,130,0.5018,26,3,9,8,0.7354,1
ACC07795,520,60,2593.03,33,27,99652.89,77974.45,14,19,3,1,0.0658,1,0,3,1,0.3308,0
ACC07796,774,17,5877.33,5,12,35989.58,79989.23,2,12,0,2,0.0623,2,0,3,0,0.215,0
ACC07797,690,91,1780.73,56,35,106173.04,78003.22,28,17,5,4,0.0183,3,0,0,0,0.1361,0
ACC07798,40,208,16132.18,142,66,2524045.98,1314461.02,126,31,13,73,0.3376,23,7,8,3,0.8203,1
ACC07799,887,85,8460.56,38,47,244543.01,293747.71,25,24,4,2,0.0202,1,1,3,0,0.2959,0
ACC07800,490,29,3075.33,13,16,39832.75,36329.52,8,11,3,1,0.0534,0,2,2,1,0.4149,0
ACC07801,83,201,9788.84,116,85,1252611.98,731143.08,79,62,14,85,0.3018,32,6,3,3,0.8919,1
ACC07802,4085,58,6978.05,23,35,149722.04,223472.7,21,22,6,6,0.0153,0,1,3,0,0.2058,0
ACC07803,940,30,1264.08,18,12,30083.94,19386.81,6,2,2,2,0.0132,1,0,3,1,0.3108,0
ACC07804,579,47,2633.67,28,19,63629.76,41354.17,7,5,2,1,0.0669,0,0,2,0,0.2437,0
ACC07805,197,200,7252.09,103,97,695827.22,792653.82,84,84,10,85,0.4155,35,5,9,7,0.9137,1
ACC07806,1940,18,893.8,9,9,6399.31,9592.79,2,2,0,2,0.083,1,0,2,0,0.3867,0
ACC07807,118,142,12607.01,89,53,1109532.86,825030.78,89,53,10,52,0.4155,33,5,3,2,0.941,1
ACC07808,496,51,5087.38,28,23,188075.84,135478.08,8,9,3,2,0.0597,2,1,0,1,0.0885,0
ACC07809,140,616,20380.61,402,214,7790123.65,3832550.41,329,182,15,234,0.4083,26,7,5,3,0.8484,1
ACC07810,153,59,13340.45,42,17,661695.17,218170.6,42,5,17,20,0.3093,17,7,4,2,0.7895,1
ACC07811,522,37,5913.43,23,14,172397.71,82349.55,9,5,2,0,0.0918,2,0,3,0,0.5168,0
ACC07812,290,47,2138.31,21,26,59300.7,44413.15,7,16,2,2,0.0711,0,0,2,1,0.2698,0
ACC07813,43,180,19697.48,114,66,2354338.52,1142592.16,96,49,18,94,0.2695,23,5,1,4,0.6578,1
ACC07814,1277,28,1596.7,17,11,33830.27,18103.38,7,11,3,3,0.0309,1,0,1,1,0.3467,0
ACC07815,112,159,16838.55,122,37,2100844.38,634762.03,101,28,18,72,0.3076,20,9,5,4,0.8758,1
ACC07816,920,29,2803.08,12,17,35642.54,58558.24,4,6,2,3,0.0153,1,1,2,0,0.3891,0
ACC07817,2525,83,3046.97,40,43,144037.36,164499.11,20,15,0,2,0.1216,1,1,1,0,0.1067,0
ACC07818,545,28,3672.84,15,13,63246.85,51815.03,3,13,2,5,0.0394,1,0,2,2,0.1877,0
ACC07819,492,98,2005.42,40,58,93545.54,87994.35,15,33,2,4,0.0624,1,0,0,0,0.3569,0
ACC07820,682,73,1117.55,38,35,41825.27,29919.36,17,20,2,2,0.0758,3,0,1,2,0.1755,0
ACC07821,400,22,1703.62,10,12,16265.14,26124.35,6,3,2,2,0.0407,1,0,0,0,0.5745,0
ACC07822,420,43,2502.33,20,23,42197.84,63797.69,3,6,2,4,0.0097,1,0,3,0,0.3392,0
ACC07823,57,315,9358.39,214,101,1703166.36,803829.63,202,79,7,121,0.2701,31,6,13,2,0.8819,1
ACC07824,496,30,4104.96,15,15,62263.64,44375.57,11,2,2,3,0.0386,2,0,2,0,0.1471,0
ACC07825,3669,14,7116.37,5,9,41524.28,77801.51,4,5,1,2,0.0675,0,0,2,2,0.2867,0
ACC07826,3791,81,2199.07,43,38,113407.4,67067.55,15,23,4,2,0.0425,0,0,0,0,0.2777,0
ACC07827,3340,49,2687.79,25,24,65392.04,52614.88,14,22,1,6,0.0786,1,0,3,1,0.5014,0
ACC07828,901,31,2046.35,18,13,28587.57,30549.05,4,5,2,3,0.0278,1,0,3,2,0.3466,0
ACC07829,35,203,7403.24,141,62,1293272.71,530335.4,134,59,18,82,0.4553,29,7,5,5,0.9089,1
ACC07830,1374,30,2010.67,11,19,19380.03,48584.86,5,8,2,1,0.0972,1,1,0,0,0.1178,0
ACC07831,160,187,23294.4,149,38,2987250.0,831375.09,145,34,17,56,0.2161,31,6,7,7,0.7213,1
ACC07832,249,64,7241.85,49,15,328738.76,100424.79,20,15,13,25,0.3982,32,9,8,3,0.7967,1
ACC07833,183,130,11309.37,101,29,1210148.6,292771.84,99,29,15,67,0.4212,24,5,4,4,0.8302,1
ACC07834,683,55,1890.77,29,26,54167.69,55421.04,11,21,1,0,0.0669,3,1,1,1,0.2489,0
ACC07835,791,27,818.72,15,12,11670.82,11896.5,8,11,0,2,0.0505,1,1,2,2,0.3242,0
ACC07836,409,155,14196.18,113,42,1500638.65,609149.6,73,42,18,51,0.5856,16,6,5,1,0.7059,1
ACC07837,117,124,15014.1,84,40,1341288.67,540368.76,84,39,20,39,0.4233,25,5,6,4,0.7583,1
ACC07838,55,262,9645.02,160,102,1778076.47,1005557.47,135,82,12,104,0.3203,20,9,3,3,0.8409,1
ACC07839,501,89,1386.07,51,38,67997.05,53813.11,24,21,0,2,0.067,3,1,0,2,0.1398,0
ACC07840,87,276,22459.54,145,131,2945588.35,2538812.32,108,122,24,111,0.3461,28,7,10,3,0.9144,1
ACC07841,513,76,1166.59,28,48,41869.94,61026.49,6,20,2,2,0.1249,1,2,1,1,0.3446,0
ACC07842,4583,31,7611.54,14,17,129517.54,105133.61,4,8,3,3,0.0869,1,0,3,0,0.2872,0
ACC07843,1755,48,10487.91,22,26,231102.32,208730.77,7,20,6,4,0.0677,1,2,1,0,0.2973,0
ACC07844,2016,57,3737.43,22,35,85505.49,158044.07,12,17,1,2,0.0102,0,1,2,1,0.2516,0
ACC07845,2052,38,1836.19,15,23,21310.83,43028.89,4,7,1,0,0.0261,2,1,3,0,0.0792,0
ACC07846,713,38,1202.59,13,25,19621.62,23351.14,8,7,3,1,0.0475,1,0,1,1,0.2985,0
ACC07847,1211,28,5485.76,11,17,79677.24,74029.6,3,17,2,1,0.1006,1,0,0,2,0.4461,0
ACC07848,117,216,20625.19,141,75,2908944.75,1570631.73,112,75,18,80,0.411,23,7,4,4,0.4819,1
ACC07849,592,49,6459.74,19,30,147427.6,213024.73,14,7,2,4,0.0342,3,0,1,0,0.5841,0
ACC07850,813,61,4053.36,30,31,149770.93,153112.89,16,17,2,3,0.0925,0,1,0,0,0.1064,0
ACC07851,452,32,2060.39,13,19,21177.11,34115.52,2,2,1,2,0.0729,4,0,1,0,0.3757,0
ACC07852,1081,39,4117.27,19,20,83553.04,95517.35,9,4,1,2,0.0327,0,1,0,1,0.0515,0
ACC07853,1219,93,981.35,35,58,36344.89,68535.71,24,44,3,2,0.1345,0,0,2,0,0.1589,0
ACC07854,444,59,2745.3,37,22,133632.87,53617.71,11,7,5,1,0.0638,2,1,3,1,0.374,0
ACC07855,705,91,2044.1,40,51,82162.01,121813.25,20,23,3,1,0.0263,3,0,2,2,0.6177,0
ACC07856,702,73,2033.93,42,31,106920.64,66469.57,19,24,0,3,0.1285,0,0,3,1,0.4469,0
ACC07857,37,368,31324.58,229,139,6332367.03,4769940.2,206,108,12,120,0.6436,31,6,4,3,0.6796,1
ACC07858,595,65,4523.03,26,39,95310.27,164475.96,14,18,2,2,0.0507,1,0,3,1,0.1921,0
ACC07859,54,256,13575.7,162,94,2173332.83,1299283.42,122,92,18,101,0.6808,21,8,7,2,0.9616,1
ACC07860,686,48,2088.36,29,19,55332.75,47093.4,9,10,0,2,0.0418,0,0,0,0,0.12,0
ACC07861,608,135,2982.28,62,73,192930.33,152933.48,30,38,1,0,0.0021,2,0,1,1,0.1697,0
ACC07862,1401,102,1551.43,43,59,55147.04,109775.17,32,44,4,2,0.0762,2,1,0,0,0.3299,0
ACC07863,300,469,37838.01,336,133,15300181.72,5514757.5,271,132,13,181,0.57,26,5,6,1,0.8058,1
ACC07864,144,894,16801.0,670,224,12783665.22,4332430.95,567,196,22,325,0.271,33,8,4,8,0.8272,1
ACC07865,660,31,2931.16,19,12,44621.86,30190.7,2,12,2,0,0.015,1,1,2,0,0.1388,0
ACC07866,1273,53,1752.17,24,29,31594.49,37194.01,10,14,4,3,0.022,1,1,1,1,0.3204,0
ACC07867,112,238,11843.68,151,87,2041327.21,1150634.46,151,64,12,78,0.3351,21,5,5,4,0.9106,1
ACC07868,2072,24,1511.66,13,11,23441.59,15158.95,6,2,2,2,0.0259,0,2,2,0,0.0949,0
ACC07869,1468,141,5872.53,70,71,554327.86,332065.52,35,33,4,1,0.0357,0,3,1,0,0.1042,0
ACC07870,29,206,6678.63,128,78,894082.48,571755.74,103,74,15,80,0.4373,27,7,2,4,0.9477,1
ACC07871,462,39,1478.61,13,26,17182.57,33800.84,7,15,2,4,0.0645,1,0,1,1,0.112,0
ACC07872,596,46,1894.84,18,28,30840.03,56045.65,3,25,2,1,0.0534,1,0,1,0,0.3688,0
ACC07873,696,30,1647.71,15,15,29608.25,29569.47,9,4,2,1,0.0134,0,0,2,1,0.1213,0
ACC07874,149,94,30761.41,55,39,1693019.21,1295682.84,29,37,9,30,0.3562,26,6,1,2,0.84,1
ACC07875,30,100,7616.16,71,29,606726.57,275858.22,48,10,11,46,0.493,22,3,7,2,0.9327,1
ACC07876,158,407,11422.09,322,85,4030568.2,956429.51,272,85,11,143,0.3373,17,5,5,5,0.5621,1
ACC07877,1246,45,4145.93,21,24,97682.3,113042.75,13,4,5,1,0.0722,1,1,0,0,0.2238,0
ACC07878,1432,112,1441.02,46,66,89042.27,101024.99,12,37,2,2,0.0804,1,1,1,1,0.2818,0
ACC07879,386,32,1691.86,13,19,24555.13,30073.82,9,3,4,2,0.0299,1,1,3,0,0.1103,0
ACC07880,219,44,3137.91,19,25,51407.77,88042.44,11,17,1,2,0.0996,2,0,1,0,0.6864,0
ACC07881,453,251,20527.88,169,82,3814362.98,1588346.62,129,77,18,98,0.4153,27,5,8,5,0.9248,1
ACC07882,103,176,10967.09,130,46,1480636.69,460173.4,93,46,12,56,0.5038,30,7,2,4,0.7246,1
ACC07883,118,180,20613.0,139,41,2975824.66,821568.29,126,41,11,56,0.3266,32,1,5,4,0.5657,1
ACC07884,1681,22,3982.4,10,12,37763.24,45485.88,4,7,3,0,0.0125,2,0,2,2,0.2147,0
ACC07885,66,207,13773.68,152,55,1964960.28,656758.34,112,55,17,94,0.6365,17,7,8,3,0.9678,1
ACC07886,44,399,20839.17,310,89,7582789.83,2317229.72,257,73,15,142,0.3205,25,4,7,6,0.8815,1
ACC07887,953,47,5525.07,27,20,129735.1,88311.8,22,10,3,1,0.0074,0,0,2,1,0.2662,0
ACC07888,1572,122,1794.04,59,63,130283.83,89648.19,31,36,2,2,0.1164,1,2,3,0,0.2872,0
ACC07889,1681,40,1500.88,18,22,34407.81,28141.8,6,15,2,2,0.0243,1,1,2,2,0.4092,0
ACC07890,1711,82,1513.0,48,34,73855.74,55226.59,29,21,0,0,0.0767,0,1,2,0,0.5584,0
ACC07891,1251,21,998.72,12,9,9500.09,7207.2,6,9,1,3,0.1597,0,0,1,1,0.2125,0
ACC07892,38,517,11102.62,380,137,5065791.15,1503029.27,339,133,18,199,0.3083,20,6,9,3,0.807,1
ACC07893,1543,42,3179.82,20,22,55993.66,80510.4,14,3,1,0,0.0875,4,0,1,1,0.3017,0
ACC07894,2644,32,2271.93,20,12,52967.25,25331.53,3,2,1,1,0.019,0,1,2,0,0.1186,0
ACC07895,576,44,3705.06,15,29,44476.27,116135.9,13,6,2,2,0.1334,1,0,0,1,0.1622,0
ACC07896,2839,151,6117.75,97,54,734505.3,342809.5,39,31,4,4,0.0125,1,0,1,1,0.2155,0
ACC07897,1065,60,2690.11,21,39,57170.73,83617.89,11,31,4,1,0.0133,1,0,0,0,0.1101,0
ACC07898,620,36,2089.67,17,19,40086.62,31680.29,4,8,3,2,0.0347,2,0,0,1,0.2776,0
ACC07899,1578,48,3333.74,18,30,55149.5,72526.51,8,12,2,0,0.0086,3,2,1,0,0.4017,0
ACC07900,400,143,20660.05,87,56,1575023.55,1140333.04,74,56,14,61,0.3195,23,3,0,5,0.8458,1
ACC07901,119,613,28961.61,442,171,12624794.2,4737405.78,358,148,10,261,0.4402,24,12,3,9,0.9476,1
ACC07902,27,199,12882.5,107,92,1176471.0,1480363.5,101,78,12,72,0.2427,19,9,3,2,0.9551,1
ACC07903,157,25,9009.68,10,15,85632.52,116775.35,2,11,4,2,0.0951,2,0,2,2,0.4359,0
ACC07904,608,16,1124.83,10,6,14246.45,6022.32,2,5,2,2,0.018,1,0,1,3,0.2754,0
ACC07905,592,43,839.86,21,22,14697.96,15631.55,14,14,2,1,0.0402,2,0,3,0,0.3484,0
ACC07906,822,48,2960.1,16,32,60336.65,72672.92,7,17,1,3,0.0086,0,0,1,1,0.3602,0
ACC07907,2495,216,903.35,126,90,132128.54,61117.42,57,42,3,1,0.0261,0,1,1,2,0.28,0
ACC07908,289,47,3024.14,17,30,41073.88,87801.06,7,11,2,4,0.0815,1,0,1,0,0.2639,0
ACC07909,1590,36,3680.93,15,21,68831.75,54873.78,2,6,2,6,0.0767,3,2,1,0,0.214,0
ACC07910,517,36,2403.48,13,23,26650.99,48371.48,2,13,3,1,0.034,2,0,0,1,0.2053,0
ACC07911,885,41,1098.22,17,24,19572.61,22421.8,2,9,2,5,0.0345,2,1,3,1,0.1905,0
ACC07912,1611,50,1897.77,29,21,58133.84,51755.34,5,11,3,3,0.0144,0,1,1,1,0.2688,0
ACC07913,1634,49,1776.94,21,28,39721.01,41944.97,17,14,4,0,0.0282,2,1,1,0,0.2382,0
ACC07914,1458,60,1296.5,28,32,40750.39,33847.6,12,18,1,1,0.025,3,0,0,3,0.1733,0
ACC07915,2003,144,2942.99,61,83,220118.11,249559.7,23,47,3,3,0.028,3,0,0,2,0.2395,0
ACC07916,962,65,4587.43,40,25,197009.86,137058.22,18,12,2,4,0.0157,3,0,2,0,0.5175,0
ACC07917,752,83,1799.74,31,52,57116.84,66170.69,12,24,3,1,0.0251,1,0,0,2,0.077,0
ACC07918,748,55,1750.06,21,34,43443.25,74079.51,3,18,3,1,0.0652,0,1,0,0,0.144,0
ACC07919,188,223,13887.92,159,64,2600326.55,1022677.51,132,64,16,83,0.235,28,12,4,6,0.9256,1
ACC07920,54,173,11271.41,110,63,1327032.59,660101.47,93,48,13,57,0.5669,21,2,5,3,0.9543,1
ACC07921,315,37,1003.11,18,19,15481.19,17523.91,16,11,1,2,0.0188,2,1,1,0,0.3932,0
ACC07922,261,95,12177.33,65,30,881218.39,455871.35,65,5,14,30,0.3661,24,6,8,1,0.9664,1
ACC07923,302,235,13388.33,184,51,2911410.51,697349.6,148,32,8,107,0.5681,27,10,5,5,0.7998,1
ACC07924,2744,46,4692.06,20,26,111068.98,86502.14,2,10,0,1,0.0603,2,0,0,0,0.2084,0
ACC07925,1057,64,3627.17,39,25,128319.64,91478.19,20,7,1,0,0.036,0,0,3,2,0.2832,0
ACC07926,939,27,806.32,13,14,9328.02,12977.28,8,9,0,5,0.0886,4,1,2,0,0.442,0
ACC07927,2490,85,4198.91,53,32,258889.39,142845.63,24,19,1,1,0.0326,1,0,3,0,0.321,0
ACC07928,226,60,1330.4,24,36,40984.66,36790.52,7,15,3,8,0.0943,1,0,1,1,0.4518,0
ACC07929,953,84,3576.66,32,52,151704.22,135940.24,13,27,1,2,0.0201,6,0,0,0,0.4546,0
ACC07930,20,883,44395.0,605,278,27945378.4,13841994.95,528,246,12,357,0.2934,21,6,6,5,0.6163,1
ACC07931,489,52,3809.79,20,32,76568.29,128091.93,5,17,2,3,0.008,1,1,0,0,0.2081,0
ACC07932,591,31,2947.7,16,15,39919.12,46855.74,7,12,6,0,0.0448,1,1,3,0,0.1162,0
ACC07933,907,61,2410.21,27,34,79875.3,90137.01,10,22,1,2,0.0021,2,0,1,1,0.1129,0
ACC07934,1507,29,3094.7,13,16,42037.16,59294.5,6,9,2,3,0.1061,3,0,1,0,0.2308,0
ACC07935,1137,65,5008.35,39,26,261342.63,120120.7,18,16,1,3,0.0365,2,0,5,0,0.437,0
ACC07936,247,244,4809.55,133,111,798922.57,663796.36,78,111,18,97,0.5272,25,5,3,1,0.8235,1
ACC07937,301,40,655.4,18,22,15920.46,12163.47,7,8,2,1,0.0952,5,0,0,0,0.3573,0
ACC07938,2324,49,3175.58,26,23,91287.86,74487.59,17,14,0,1,0.0491,0,0,1,1,0.2924,0
ACC07939,2192,25,3854.27,16,9,50214.99,38550.74,13,2,1,2,0.0592,2,1,0,1,0.2517,0
ACC07940,2012,61,1861.6,28,33,65712.1,51387.08,10,14,2,1,0.0505,0,0,0,0,0.3674,0
ACC07941,549,54,2132.06,19,35,35870.48,57280.4,11,17,3,1,0.0289,2,1,0,1,0.1887,0
ACC07942,3280,49,1417.67,25,24,27659.16,33273.21,2,19,2,1,0.0251,1,0,1,0,0.1446,0
ACC07943,558,68,1252.33,33,35,35573.99,54077.4,23,31,0,2,0.0841,2,0,1,0,0.2118,0
ACC07944,784,46,3726.82,27,19,108852.17,74229.96,14,2,2,0,0.0341,2,0,0,0,0.1679,0
ACC07945,1853,103,1936.41,44,59,74358.81,102513.32,20,32,1,1,0.0578,4,0,1,0,0.1976,0
ACC07946,1062,24,11931.34,11,13,130531.17,134961.34,6,8,3,2,0.0902,2,1,0,0,0.3406,0
ACC07947,1647,70,2427.18,45,25,121852.61,62894.44,23,16,0,2,0.0302,1,0,1,2,0.3084,0
ACC07948,316,126,3471.15,79,47,303692.31,200534.26,37,28,1,3,0.03,0,0,0,0,0.2219,0
ACC07949,326,46,2543.21,17,29,33802.29,66510.02,7,9,3,1,0.0528,3,1,0,1,0.3105,0
ACC07950,746,44,3244.47,21,23,65991.41,62049.61,6,12,3,3,0.0389,4,0,0,0,0.4566,0
ACC07951,737,36,1181.41,21,15,20239.57,21129.09,12,5,3,0,0.0427,2,0,0,0,0.393,0
ACC07952,274,383,10187.12,228,155,2433296.09,1884630.87,210,144,17,160,0.3686,23,2,5,4,0.8419,1
ACC07953,696,65,2110.69,24,41,63354.37,63827.86,3,21,3,1,0.0591,0,1,0,0,0.3114,0
ACC07954,70,400,17734.0,218,182,4120269.63,3944784.8,178,148,14,149,0.3845,28,4,8,4,0.8271,1
ACC07955,1233,51,1932.05,25,26,42571.02,39713.07,9,13,1,4,0.0479,1,0,1,2,0.3926,0
ACC07956,596,61,1405.75,37,24,58806.98,34145.13,22,18,1,3,0.0822,1,0,1,1,0.1889,0
ACC07957,458,15,1496.45,6,9,10176.59,16300.8,2,2,4,3,0.0362,0,0,0,0,0.2976,0
ACC07958,376,44,1576.67,25,19,45692.53,31637.88,2,10,2,0,0.022,3,0,2,1,0.4714,0
ACC07959,223,26,2747.56,13,13,42879.22,29967.41,13,4,1,1,0.134,2,1,2,0,0.6975,0
ACC07960,734,29,2241.37,12,17,30417.25,27329.09,4,5,2,1,0.0686,0,0,2,0,0.2793,0
ACC07961,1079,72,530.32,32,40,16795.92,21803.14,7,27,2,1,0.0248,1,1,1,0,0.401,0
ACC07962,992,47,7391.94,28,19,219688.75,159163.6,2,14,1,1,0.045,0,0,0,1,0.1763,0
ACC07963,133,169,12495.96,115,54,1242521.82,734528.62,106,52,10,58,0.3512,33,7,6,3,0.8106,1
ACC07964,1951,88,8928.4,40,48,472484.81,407724.33,14,22,4,1,0.0811,3,0,0,0,0.3499,0
ACC07965,360,98,3400.6,38,60,110635.34,167798.61,15,32,2,4,0.1067,2,0,2,0,0.2236,0
ACC07966,2976,47,1082.3,20,27,19517.23,20745.84,11,15,0,0,0.0316,3,1,2,2,0.2106,0
ACC07967,79,224,15384.71,169,55,2556181.55,729198.75,150,47,14,77,0.1313,32,4,5,1,0.6144,1
ACC07968,924,25,2591.49,11,14,33507.12,44554.59,4,14,2,1,0.0517,0,0,1,0,0.5536,0
ACC07969,404,53,734.23,22,31,17365.65,19207.2,6,20,3,3,0.0658,1,1,4,1,0.1721,0
ACC07970,72,156,10403.85,123,33,1489410.92,363826.6,105,33,13,69,0.3092,22,3,11,2,0.91,1
ACC07971,279,41,3428.76,17,24,49995.26,64106.53,3,11,1,1,0.0429,0,0,2,2,0.5183,0
ACC07972,101,155,8359.35,88,67,660518.83,602724.46,88,67,18,51,0.5282,22,6,4,4,0.8944,1
ACC07973,2941,20,4294.91,7,13,25692.39,64370.2,2,2,4,1,0.0949,0,0,0,1,0.2573,0
ACC07974,1834,25,1567.04,16,9,19750.88,11457.96,8,7,2,0,0.0553,0,2,1,1,0.2535,0
ACC07975,546,106,14053.72,57,49,782948.84,629250.8,34,47,16,45,0.3474,26,4,4,5,0.8668,1
ACC07976,1640,73,2344.43,37,36,76939.57,89253.64,17,22,3,4,0.0216,0,2,0,1,0.1389,0
ACC07977,631,70,2515.12,40,30,105502.43,93664.72,19,12,2,1,0.0434,1,1,2,0,0.3239,0
ACC07978,1125,33,2009.39,19,14,35989.25,33267.32,5,13,0,1,0.0613,0,1,1,0,0.1323,0
ACC07979,720,46,4262.83,22,24,99618.9,127167.1,22,5,1,4,0.1304,3,0,2,1,0.3073,0
ACC07980,214,203,25762.45,107,96,2943412.27,2690446.36,100,80,15,70,0.255,24,9,6,4,0.6265,1
ACC07981,1161,46,1531.38,21,25,26547.99,35941.54,2,17,2,4,0.017,1,0,0,0,0.1931,0
ACC07982,477,281,19168.26,140,141,3216665.4,2514691.36,90,132,10,86,0.2963,25,9,6,4,0.8554,1
ACC07983,1153,13,500.54,5,8,1894.38,4284.37,5,4,2,1,0.0289,1,0,1,0,0.3913,0
ACC07984,140,46,2632.99,24,22,57881.97,72701.6,2,14,2,2,0.1487,2,0,2,3,0.3292,0
ACC07985,279,90,811.73,43,47,31257.55,44043.21,21,17,3,1,0.0359,1,0,2,3,0.2755,0
ACC07986,642,16,1336.41,5,11,7505.92,16561.4,2,9,3,1,0.0404,3,2,3,1,0.5246,0
ACC07987,1804,23,1449.16,8,15,11898.93,17943.39,2,5,2,2,0.1088,5,0,1,0,0.3558,0
ACC07988,140,266,16026.41,163,103,2894259.09,1676255.6,155,103,11,95,0.4911,25,4,3,8,0.7755,1
ACC07989,368,44,1538.36,17,27,20518.81,52935.88,12,9,2,2,0.1218,4,0,0,1,0.2963,0
ACC07990,144,295,13843.96,152,143,2187804.19,2193322.6,118,133,16,91,0.3319,34,4,5,2,0.8909,1
ACC07991,1174,71,2359.52,41,30,88520.04,67298.02,15,11,1,1,0.071,1,1,1,0,0.3234,0
ACC07992,38,521,9265.28,361,160,2908647.11,1729543.42,317,153,16,205,0.3244,21,4,6,4,0.8781,1
ACC07993,79,481,18143.45,355,126,6028187.62,2019998.78,299,117,10,171,0.0729,28,6,4,4,0.601,1
ACC07994,347,120,15460.26,88,32,1700014.67,543594.29,65,23,16,53,0.2185,30,9,6,2,0.8272,1
ACC07995,1815,59,4907.38,30,29,157740.73,154238.99,16,14,3,2,0.0254,2,0,1,3,0.2018,0
ACC07996,339,736,23496.75,455,281,11969347.78,6215527.2,386,248,15,270,0.1932,34,7,6,4,0.9221,1
ACC07997,451,147,30647.82,103,44,3319425.25,1573098.62,100,44,22,61,0.4264,17,7,2,5,0.8519,1
ACC07998,1127,48,4890.87,18,30,90511.13,134996.0,9,15,8,3,0.0261,2,0,1,2,0.2667,0
ACC07999,597,47,3108.06,27,20,66398.92,62394.24,3,7,3,2,0.0589,2,0,0,2,0.1422,0
ACC08000,96,296,8913.69,201,95,1616637.58,880592.06,175,61,14,119,0.2549,23,9,6,4,0.8699,1
ACC08001,2689,62,3123.67,26,36,97113.63,95544.15,6,20,4,1,0.0475,1,1,1,1,0.1371,0
ACC08002,1469,53,1113.0,30,23,27652.36,29485.72,25,5,3,1,0.0273,3,1,0,0,0.6699,0
ACC08003,241,454,4200.18,252,202,1140400.1,1025543.79,230,176,16,191,0.4938,34,6,4,5,0.8037,1
ACC08004,288,419,8801.28,270,149,2455662.05,1354093.51,192,139,15,156,0.2398,23,7,3,9,0.4738,1
ACC08005,3407,13,5071.07,7,6,38376.4,32222.13,2,2,3,3,0.0043,1,0,0,1,0.3618,0
ACC08006,673,105,3902.25,43,62,208446.17,239285.82,23,40,1,0,0.1727,2,0,0,2,0.3295,0
ACC08007,384,43,3936.32,17,26,57929.98,104557.18,8,11,0,3,0.0514,2,0,3,1,0.1336,0
ACC08008,1289,9,1109.61,4,5,4097.2,5674.51,4,2,3,2,0.0146,4,1,1,0,0.2518,0
ACC08009,308,94,1453.34,45,49,87543.39,73617.23,17,24,3,6,0.0948,3,1,3,1,0.2628,0
ACC08010,210,433,3112.58,279,154,831818.36,455215.23,238,133,15,153,0.2815,33,8,5,3,0.9456,1
ACC08011,26,149,7465.42,102,47,699538.67,402010.15,87,32,11,67,0.451,17,3,6,6,0.9615,1
ACC08012,1669,40,2159.09,18,22,42287.79,50011.83,2,17,2,1,0.0848,5,0,0,1,0.2035,0
ACC08013,63,156,16186.21,107,49,1788686.39,755233.35,92,32,14,60,0.4486,24,4,3,7,0.8365,1
ACC08014,80,298,16281.44,197,101,3261091.63,1559589.02,151,101,14,121,0.5302,23,5,4,2,0.8228,1
ACC08015,531,135,4303.47,66,69,318316.28,323930.41,31,37,3,0,0.1534,1,0,2,1,0.3354,0
ACC08016,46,217,9667.23,167,50,2008005.32,527740.8,131,35,10,73,0.4787,17,7,4,3,0.8479,1
ACC08017,3492,45,2651.13,28,17,77006.08,38316.95,13,3,3,1,0.0236,1,0,0,4,0.1757,0
ACC08018,2205,23,3084.02,11,12,42699.17,45716.39,2,9,2,1,0.0225,1,1,1,1,0.6002,0
ACC08019,1036,193,1435.85,124,69,168527.15,118320.11,62,38,1,1,0.1076,3,4,0,0,0.3562,0
ACC08020,1298,151,6224.73,95,56,669119.68,428203.67,48,27,1,3,0.1018,0,1,0,1,0.3205,0
ACC08021,1593,38,1992.48,21,17,37772.57,40562.28,6,2,3,3,0.1015,2,1,0,1,0.279,0
ACC08022,749,75,3076.96,30,45,103708.56,112029.9,7,28,3,3,0.0251,2,1,2,1,0.2144,0
ACC08023,511,35,2363.16,20,15,51720.63,38920.25,5,11,3,2,0.0681,1,0,1,0,0.1286,0
ACC08024,784,103,2459.68,36,67,91311.38,188114.71,19,39,1,3,0.0218,2,0,2,1,0.1697,0
ACC08025,357,81,8932.94,48,33,534223.07,351551.71,48,14,11,25,0.2909,13,7,4,4,0.6947,1
ACC08026,740,38,5712.9,14,24,84619.85,111909.44,2,13,0,2,0.0166,4,1,1,2,0.2041,0
ACC08027,1207,86,30572.22,63,23,2242872.88,736597.33,43,16,7,33,0.7369,29,7,3,3,0.8987,1
ACC08028,608,28,1613.12,17,11,30121.4,14534.0,3,11,1,4,0.0197,3,0,0,0,0.3814,0
ACC08029,1642,23,951.85,14,9,16290.6,7409.07,2,7,1,2,0.0414,1,2,2,0,0.1306,0
ACC08030,2340,12,3359.36,7,5,27805.43,18151.35,7,5,1,0,0.0833,3,0,0,0,0.2577,0
ACC08031,164,85,7163.42,42,43,325950.55,353460.77,23,43,15,34,0.5586,15,9,3,3,0.6775,1
ACC08032,1635,34,2743.22,16,18,53325.61,59355.86,2,13,1,1,0.0321,2,2,1,1,0.3118,0
ACC08033,1229,67,3176.95,35,32,91601.27,118849.49,2,15,2,1,0.0533,1,1,4,0,0.3391,0
ACC08034,1705,24,1479.8,9,15,10597.09,16973.5,2,10,0,3,0.1384,2,0,1,1,0.2444,0
ACC08035,1340,60,2719.37,25,35,85277.61,76604.35,20,27,4,2,0.0442,0,0,2,0,0.3675,0
ACC08036,2698,108,4908.37,44,64,246318.48,352010.29,16,36,3,4,0.0595,4,1,5,0,0.1368,0
ACC08037,706,31,1962.75,15,16,25017.81,32824.19,4,11,4,1,0.0987,1,0,1,1,0.3702,0
ACC08038,900,22,2834.93,12,10,38095.46,34312.27,4,2,1,1,0.0348,3,1,1,0,0.4175,0
ACC08039,1466,11,3609.1,4,7,18428.51,20120.3,2,7,2,0,0.0695,0,1,1,0,0.5798,0
ACC08040,911,32,2571.74,13,19,44582.08,45598.34,7,13,0,2,0.0169,0,2,1,1,0.1262,0
ACC08041,201,355,19406.76,200,155,3715941.87,3269068.15,178,154,18,147,0.2336,25,8,7,4,0.8467,1
ACC08042,792,41,1392.96,26,15,46188.99,18683.57,8,12,2,1,0.0101,2,0,0,2,0.1443,0
ACC08043,514,51,2738.47,31,20,113822.16,54706.03,8,16,2,2,0.1044,0,0,1,0,0.0739,0
ACC08044,337,39,2126.53,20,19,36218.96,36174.64,17,8,5,1,0.0978,2,0,0,0,0.1398,0
ACC08045,138,223,4996.19,136,87,628067.64,490876.3,97,62,17,101,0.4071,19,3,5,9,0.8358,1
ACC08046,1611,64,2475.32,24,40,49546.33,87580.77,8,27,0,3,0.0502,1,1,0,0,0.2643,0
ACC08047,1926,51,2146.71,26,25,56930.28,50824.09,19,14,2,2,0.0459,0,0,1,2,0.1858,0
ACC08048,2990,49,917.74,20,29,18196.16,19231.43,16,21,3,2,0.0317,1,0,3,0,0.1211,0
ACC08049,682,47,2195.98,19,28,41357.33,68303.72,10,22,1,1,0.028,1,0,1,0,0.1902,0
ACC08050,1184,48,2684.68,16,32,54645.48,84029.33,11,17,6,5,0.1188,1,0,5,0,0.4691,0
ACC08051,263,630,20676.95,420,210,7468771.38,4164374.37,377,194,14,229,0.2287,33,5,6,4,0.6882,1
ACC08052,1579,47,3659.37,26,21,94442.61,86818.83,7,7,2,0,0.0384,2,1,1,0,0.2009,0
ACC08053,1008,18,3580.45,10,8,41224.99,32861.85,8,8,0,2,0.0878,3,0,2,0,0.3673,0
ACC08054,2443,39,862.03,20,19,19157.5,16661.45,14,3,2,1,0.0504,0,0,0,1,0.3187,0
ACC08055,970,31,1140.21,17,14,20870.85,11179.81,2,3,1,0,0.028,3,0,0,2,0.2966,0
ACC08056,927,47,1273.58,17,30,18370.32,48583.09,5,16,4,6,0.0874,0,0,2,0,0.1781,0
ACC08057,2243,45,2198.58,16,29,32002.71,46051.98,11,9,1,2,0.0434,1,0,3,1,0.3587,0
ACC08058,1828,38,3141.82,21,17,62146.65,59518.23,10,6,4,2,0.0307,2,0,1,1,0.2006,0
ACC08059,1787,34,3419.94,12,22,45577.29,61565.56,4,12,1,1,0.0681,1,0,0,1,0.3646,0
ACC08060,385,50,1667.17,28,22,56108.87,38889.93,11,17,4,0,0.0311,1,0,0,0,0.4699,0
ACC08061,141,662,2917.64,502,160,1626172.47,481890.31,437,160,12,269,0.4392,21,3,7,5,0.4925,1
ACC08062,231,143,53255.88,98,45,6409784.68,2803046.42,68,34,14,52,0.2539,26,7,3,5,0.9322,1
ACC08063,41,107,10790.18,62,45,662455.06,556992.74,52,45,19,39,0.4014,24,13,3,3,0.8199,1
ACC08064,1456,33,3810.0,13,20,54334.57,92251.92,12,8,3,1,0.0422,2,0,2,1,0.4552,0
ACC08065,62,132,14336.87,96,36,1512717.61,492104.58,81,26,16,32,0.421,24,4,4,5,0.9872,1
ACC08066,872,44,1167.75,26,18,24905.53,21742.31,7,13,1,3,0.1155,1,1,2,0,0.1801,0
ACC08067,1792,83,2620.03,29,54,72616.51,144817.57,13,25,2,1,0.013,3,1,2,0,0.3557,0
ACC08068,290,437,3321.62,256,181,954659.47,653680.94,239,181,18,207,0.2854,23,4,2,2,0.8777,1
ACC08069,363,83,3552.56,29,54,82805.92,185343.14,12,21,3,2,0.011,1,0,2,1,0.203,0
ACC08070,3103,84,2517.89,34,50,87936.57,139355.87,14,24,3,2,0.0051,4,1,2,1,0.3022,0
ACC08071,378,32,1697.4,16,16,28104.85,24934.95,2,16,3,1,0.0603,2,1,1,0,0.1203,0
ACC08072,164,291,14374.76,189,102,3080161.38,1292966.96,188,94,14,104,0.2433,33,3,4,7,0.943,1
ACC08073,3039,28,2255.63,17,11,43812.35,25664.57,2,2,1,2,0.0714,0,1,0,0,0.2598,0
ACC08074,208,209,9005.23,116,93,961302.22,867397.03,106,74,15,77,0.4156,33,4,9,9,0.7858,1
ACC08075,1090,27,1303.01,10,17,15816.95,24953.17,6,2,3,4,0.0388,3,0,0,1,0.2332,0
ACC08076,207,406,9369.79,205,201,2189367.34,2218460.1,156,170,13,144,0.2775,27,7,5,5,0.9739,1
ACC08077,123,231,26012.26,174,57,3991231.94,1374824.34,167,54,6,101,0.5866,20,8,3,3,0.8873,1
ACC08078,1473,71,2085.36,28,43,58937.82,108235.83,12,28,4,4,0.0369,1,0,1,0,0.1254,0
ACC08079,203,24,5619.32,13,11,87522.53,52347.16,2,3,1,0,0.0514,2,0,0,3,0.4127,0
ACC08080,397,69,988.06,43,26,32713.83,20177.96,22,15,0,1,0.1148,1,1,0,1,0.2595,0
ACC08081,1384,72,1763.57,26,46,34712.81,91942.31,5,26,3,2,0.0841,0,0,1,2,0.5061,0
ACC08082,600,60,3953.65,25,35,80332.04,124943.63,17,19,3,2,0.0547,1,1,2,0,0.2233,0
ACC08083,519,59,2442.13,31,28,100952.51,68153.97,8,14,3,1,0.0647,0,1,1,0,0.3105,0
ACC08084,616,43,1697.3,27,16,57804.29,21540.49,20,10,1,2,0.0187,2,1,1,1,0.2204,0
ACC08085,615,37,3614.91,18,19,75999.58,70287.94,4,11,0,0,0.0184,1,0,2,0,0.1237,0
ACC08086,861,38,5512.63,24,14,99618.91,61080.07,10,12,0,0,0.0921,0,0,1,2,0.1559,0
ACC08087,1990,34,2555.94,18,16,45949.54,30523.19,11,11,2,2,0.0367,2,0,4,1,0.3612,0
ACC08088,1180,65,2166.57,35,30,74628.7,45511.54,21,21,2,1,0.0126,2,1,0,2,0.2145,0
ACC08089,3043,27,2848.91,11,16,34717.52,34731.43,2,11,1,3,0.0404,0,1,1,0,0.585,0
ACC08090,3889,88,1035.4,43,45,35875.95,40589.38,19,18,1,0,0.0746,4,0,2,1,0.3221,0
ACC08091,634,61,2537.42,34,27,110566.01,71580.93,19,19,1,6,0.0276,0,1,1,1,0.1418,0
ACC08092,47,295,40270.67,170,125,6890354.03,6186575.12,136,118,9,96,0.2732,32,3,6,5,0.8708,1
ACC08093,762,48,1082.0,26,22,34965.05,18031.19,15,7,3,2,0.0638,2,1,1,0,0.1676,0
ACC08094,708,34,1453.81,19,15,32518.6,16522.99,6,9,3,3,0.1081,0,4,0,2,0.2026,0
ACC08095,160,280,19936.3,147,133,3530744.01,3101780.48,130,114,14,90,0.5424,29,17,5,4,0.9161,1
ACC08096,901,41,1127.62,20,21,20844.16,19478.95,10,12,2,3,0.0492,0,0,2,0,0.179,0
ACC08097,631,40,3687.21,23,17,64508.96,73859.91,20,17,3,1,0.0644,1,2,0,2,0.3099,0
ACC08098,1539,125,3356.8,72,53,275563.58,186042.24,31,27,2,1,0.1079,0,1,1,0,0.2755,0
ACC08099,950,30,2814.87,15,15,33408.07,53072.27,7,13,3,1,0.0317,4,1,2,1,0.4175,0
ACC08100,566,37,1258.11,13,24,19629.62,38561.29,2,15,2,1,0.0737,0,0,2,2,0.1077,0
ACC08101,667,37,4210.38,15,22,68590.3,87928.42,9,22,3,5,0.0234,0,1,1,1,0.1853,0
ACC08102,371,31,2104.49,16,15,39437.91,37204.34,2,2,1,1,0.0128,1,0,1,0,0.1378,0
ACC08103,1283,35,868.31,19,16,19240.29,13217.82,5,2,2,1,0.0265,0,1,0,0,0.1175,0
ACC08104,5000,65,764.17,28,37,20924.13,22203.17,13,34,2,1,0.1125,0,0,6,1,0.1067,0
ACC08105,531,79,2379.35,37,42,106668.89,78663.17,11,20,3,0,0.0163,1,1,3,0,0.3753,0
ACC08106,1091,53,4779.94,31,22,124471.3,136323.33,7,3,4,1,0.0847,2,1,1,2,0.2461,0
ACC08107,1113,55,11996.79,26,29,354612.85,351389.97,9,18,1,2,0.039,0,1,0,0,0.2581,0
ACC08108,1584,18,1338.05,8,10,13922.32,14518.21,3,10,3,4,0.0415,1,1,1,0,0.2776,0
ACC08109,1268,53,5784.15,34,19,236877.69,129820.22,9,4,3,3,0.0118,2,0,2,2,0.1442,0
ACC08110,1051,48,1440.34,22,26,31470.45,40568.84,6,8,2,3,0.0533,0,0,0,1,0.1465,0
ACC08111,1040,115,5399.24,51,64,231971.55,395354.87,16,40,4,1,0.024,1,1,1,2,0.3272,0
ACC08112,1543,28,1177.44,17,11,16903.39,14203.63,8,5,3,0,0.044,1,0,0,1,0.5037,0
ACC08113,578,46,1438.55,25,21,27923.52,27185.61,10,5,1,0,0.0796,0,0,0,1,0.263,0
ACC08114,1353,53,1134.53,25,28,26489.47,37598.9,15,8,7,2,0.0235,1,0,1,1,0.3303,0
ACC08115,1120,88,4331.98,43,45,184163.13,148593.17,19,25,1,1,0.0551,2,0,1,0,0.1716,0
ACC08116,62,147,52609.67,112,35,6063056.71,1701037.47,88,32,12,59,0.2126,28,5,6,5,0.81,1
ACC08117,343,22,3059.64,12,10,29422.27,35862.71,2,9,3,2,0.152,2,2,1,1,0.4124,0
ACC08118,84,393,7257.86,252,141,1682737.36,1247436.26,218,131,14,144,0.5498,26,5,4,4,0.9835,1
ACC08119,1702,48,3309.04,29,19,96124.75,63846.19,10,7,0,3,0.0191,1,0,0,1,0.609,0
ACC08120,480,25,1154.99,9,16,12981.24,14115.98,6,16,1,5,0.0533,0,0,1,0,0.0598,0
ACC08121,339,24,2078.46,9,15,25165.97,29368.92,3,2,2,0,0.0615,4,0,2,0,0.2127,0
ACC08122,419,130,965.33,63,67,46593.51,69915.44,31,42,1,0,0.0213,0,0,1,4,0.3822,0
ACC08123,362,140,4069.54,49,91,178211.78,397790.2,13,51,0,1,0.0529,1,0,2,0,0.078,0
ACC08124,1066,58,1955.12,37,21,88699.46,38749.85,19,10,4,5,0.0691,1,0,3,0,0.0537,0
ACC08125,67,183,6647.54,117,66,877977.95,476853.41,109,61,14,74,0.3653,22,7,5,5,0.8913,1
ACC08126,380,37,2581.35,16,21,31340.75,39422.83,14,15,5,2,0.0655,1,0,2,1,0.0836,0
ACC08127,201,190,17708.8,136,54,2200333.14,939368.32,125,27,19,70,0.4554,18,6,11,1,0.5131,1
ACC08128,322,131,4010.16,83,48,290665.76,169600.83,81,38,16,40,0.4155,27,6,3,2,0.5938,1
ACC08129,1335,46,2621.16,21,25,54548.4,61113.45,5,18,0,1,0.0921,1,0,0,0,0.358,0
ACC08130,311,338,5914.58,268,70,1674894.92,440213.85,224,62,13,137,0.2287,21,2,4,4,0.8082,1
ACC08131,548,81,1179.77,36,45,47969.43,47339.4,20,31,3,1,0.0303,0,0,0,1,0.443,0
ACC08132,41,55,27426.36,35,20,902901.51,663132.73,11,17,17,23,0.3419,25,11,2,5,0.9318,1
ACC08133,1788,34,2544.16,12,22,30203.56,46842.83,7,7,2,2,0.0288,2,0,0,0,0.5391,0
ACC08134,1019,44,1414.57,26,18,35942.97,28509.76,3,2,1,3,0.0476,1,1,0,2,0.2006,0
ACC08135,178,199,7003.33,132,67,836865.75,442934.95,93,61,15,70,0.5005,33,6,2,7,0.7655,1
ACC08136,1637,61,1384.41,22,39,33244.57,46374.15,17,22,3,1,0.0475,1,0,2,1,0.1764,0
ACC08137,1646,22,3044.27,11,11,40942.57,33698.85,2,3,2,1,0.095,1,0,1,0,0.1195,0
ACC08138,663,29,2118.82,18,11,47666.97,21877.69,2,11,2,1,0.1039,2,1,3,0,0.1357,0
ACC08139,400,19,3510.37,8,11,29278.03,28479.74,2,11,1,2,0.0518,0,0,4,0,0.3245,0
ACC08140,1622,64,5712.06,31,33,201321.93,183665.94,17,17,2,1,0.0522,1,0,1,0,0.3072,0
ACC08141,1829,37,1435.95,19,18,21450.33,18118.62,7,9,4,0,0.0568,2,0,1,1,0.4165,0
ACC08142,474,50,5261.54,24,26,156724.63,111916.05,4,18,3,1,0.0347,2,2,2,1,0.346,0
ACC08143,259,112,2129.3,50,62,84634.91,129117.45,19,39,0,4,0.0282,2,1,1,1,0.2571,0
ACC08144,434,68,5564.94,32,36,144080.24,142868.19,17,18,2,2,0.1052,0,0,0,1,0.2711,0
ACC08145,1516,38,802.66,20,18,20939.25,16815.05,5,12,0,0,0.0035,2,1,1,0,0.1114,0
ACC08146,1509,88,4328.13,57,31,278359.39,135013.99,22,13,1,4,0.0587,0,0,2,0,0.4164,0
ACC08147,871,37,5725.26,21,16,138235.4,118660.64,3,16,1,0,0.1041,0,0,1,0,0.3127,0
ACC08148,327,306,20103.39,194,112,4084293.85,2254920.42,171,86,9,136,0.5436,21,6,10,8,0.9564,1
ACC08149,619,37,1720.76,17,20,36126.39,27615.17,7,12,1,1,0.0148,0,2,1,0,0.2885,0
ACC08150,296,25,1266.86,10,15,14138.76,22751.79,7,15,0,0,0.094,3,1,2,0,0.0258,0
ACC08151,894,30,3883.36,16,14,62235.1,58054.45,2,9,3,1,0.0272,5,1,0,0,0.2955,0
ACC08152,27,104,20893.7,72,32,1641619.43,727400.14,72,30,15,51,0.3734,23,3,8,2,0.8407,1
ACC08153,55,252,14375.45,133,119,1652199.55,2074146.07,116,119,8,95,0.4937,21,10,11,6,0.9334,1
ACC08154,263,405,7053.61,312,93,2727535.22,592300.65,268,90,10,159,0.4328,24,4,4,4,0.9242,1
ACC08155,227,184,10845.54,146,38,1700086.55,514286.01,95,38,12,87,0.5554,37,5,4,4,0.8186,1
ACC08156,1067,27,1264.54,11,16,15185.56,22354.47,2,9,1,3,0.0258,3,0,0,0,0.1343,0
ACC08157,1574,68,972.59,25,43,21472.05,51050.2,18,33,3,3,0.049,0,0,0,1,0.3373,0
ACC08158,291,176,5234.31,67,109,335934.33,536215.5,25,61,1,1,0.0629,1,0,4,2,0.3226,0
ACC08159,1291,33,1918.61,17,16,36337.59,33944.22,2,7,0,1,0.1223,1,0,2,0,0.2403,0
ACC08160,1434,86,5807.73,55,31,369983.68,153201.88,21,12,1,0,0.0308,2,1,2,1,0.2697,0
ACC08161,114,80,17714.58,58,22,973894.15,364840.56,40,12,8,32,0.337,26,8,5,1,0.9389,1
ACC08162,830,60,2800.31,32,28,113707.41,89380.98,16,9,1,0,0.077,4,0,1,0,0.2421,0
ACC08163,2771,46,6879.15,19,27,148373.14,221177.6,4,18,5,5,0.067,1,0,0,0,0.2234,0
ACC08164,71,302,19711.44,212,90,4507261.5,1901428.99,168,90,19,111,0.5736,20,6,5,7,0.8413,1
ACC08165,27,695,9690.24,376,319,4252153.54,3234077.82,310,275,14,274,0.4149,22,5,4,4,0.912,1
ACC08166,812,18,3384.86,9,9,37109.14,21908.62,3,8,0,4,0.0673,4,0,1,0,0.2933,0
ACC08167,386,542,17715.38,372,170,6676169.72,3065545.36,340,146,13,215,0.415,17,5,5,6,0.884,1
ACC08168,374,65,2516.24,22,43,68414.33,76348.59,2,28,0,4,0.0155,1,0,1,3,0.2227,0
ACC08169,1013,19,3392.31,11,8,49641.95,21367.66,6,2,1,2,0.1072,3,0,0,1,0.1893,0
ACC08170,1936,36,2752.06,20,16,45278.51,54044.98,8,8,1,3,0.0098,0,0,0,0,0.2574,0
ACC08171,107,204,11765.46,138,66,1756822.11,821432.35,117,52,17,92,0.3625,20,6,7,7,0.8716,1
ACC08172,377,47,649.13,27,20,18234.22,14579.4,9,14,0,1,0.0391,3,1,0,2,0.1624,0
ACC08173,1217,175,3331.83,72,103,310109.82,436520.6,33,53,2,3,0.0607,1,0,0,0,0.1457,0
ACC08174,738,65,1327.62,32,33,37735.63,37220.68,20,18,2,1,0.1515,1,3,1,0,0.2713,0
ACC08175,924,64,3065.33,30,34,101017.37,83435.63,8,15,4,0,0.0291,2,1,2,0,0.2276,0
ACC08176,519,1066,9333.19,569,497,5190709.69,5460928.0,487,425,15,411,0.4155,19,3,5,5,0.7229,1
ACC08177,51,186,23573.29,143,43,4153946.75,951382.03,138,43,17,80,0.5779,21,8,3,2,0.8729,1
ACC08178,822,30,2720.35,18,12,39858.59,33077.38,2,9,1,1,0.0249,0,0,4,1,0.4104,0
ACC08179,177,230,19126.88,175,55,3268980.42,1243556.41,157,43,18,87,0.5509,19,3,6,2,0.8981,1
ACC08180,412,270,9624.57,187,83,1856991.22,741344.27,144,54,12,96,0.4706,23,9,4,2,0.9153,1
ACC08181,739,64,1033.13,34,30,37806.02,24520.92,10,23,2,3,0.0486,0,1,1,0,0.2127,0
ACC08182,117,56,42171.15,34,22,1791948.09,789450.44,34,11,13,22,0.5294,26,7,11,5,0.8716,1
ACC08183,1543,18,1087.56,11,7,15235.31,8184.86,11,7,3,3,0.0921,4,0,1,1,0.3442,0
ACC08184,1350,70,2211.46,25,45,66495.08,90290.01,23,22,2,4,0.0881,0,1,1,3,0.1739,0
ACC08185,340,67,800.3,41,26,35896.76,23925.59,10,19,2,3,0.0477,0,0,0,0,0.5669,0
ACC08186,138,406,11845.9,268,138,3388285.24,1983815.03,225,109,7,167,0.4961,28,5,6,10,0.8828,1
ACC08187,721,32,1828.73,14,18,27368.05,23388.87,7,10,3,0,0.1161,2,0,0,3,0.1299,0
ACC08188,2069,115,1125.53,47,68,49506.77,74183.8,17,46,3,2,0.0944,3,1,0,1,0.2221,0
ACC08189,734,36,1671.12,17,19,27955.53,30867.44,8,15,0,1,0.1037,3,0,2,0,0.1151,0
ACC08190,82,77,22665.68,43,34,852037.76,921954.62,37,34,14,26,0.6434,29,4,3,3,0.9588,1
ACC08191,1211,105,1357.39,57,48,70270.82,74367.48,19,30,2,0,0.0401,1,0,2,1,0.07,0
ACC08192,2264,115,1072.16,48,67,69099.43,85488.04,18,38,0,4,0.0825,0,0,2,0,0.24,0
ACC08193,461,39,9407.79,13,26,101200.52,222854.76,11,8,2,2,0.0782,2,1,0,0,0.2234,0
ACC08194,2229,39,2134.43,24,15,64177.45,30219.89,10,11,1,3,0.0753,1,0,0,1,0.3476,0
ACC08195,283,28,1337.6,13,15,14780.29,21695.58,2,13,2,2,0.0588,3,0,1,3,0.0964,0
ACC08196,59,187,23694.13,94,93,2605758.41,2062901.35,94,76,16,64,0.4467,27,8,6,4,0.9878,1
ACC08197,525,40,2477.38,25,15,61866.44,45890.99,18,8,1,1,0.0766,4,1,0,2,0.4639,0
ACC08198,721,43,2572.37,21,22,52236.27,72941.58,12,14,1,3,0.0869,0,0,3,0,0.2125,0
ACC08199,3018,81,4546.4,46,35,208500.71,151490.5,14,11,1,0,0.0768,0,1,3,2,0.3693,0
ACC08200,2207,37,2180.22,16,21,27808.07,37860.55,2,7,1,3,0.0814,2,0,1,0,0.4976,0
ACC08201,857,53,3098.27,24,29,91166.22,116062.93,18,12,2,2,0.0389,1,0,1,2,0.243,0
ACC08202,1337,37,5034.01,15,22,64199.7,95136.77,3,12,1,0,0.0377,1,0,2,0,0.2148,0
ACC08203,72,408,9669.04,271,137,2471614.15,1276931.19,245,131,14,162,0.4209,22,4,8,4,0.8278,1
ACC08204,843,18,1468.6,9,9,16431.56,12283.66,2,7,3,4,0.1066,1,1,2,0,0.2878,0
ACC08205,1785,47,8027.98,20,27,178343.14,279989.25,7,24,1,3,0.0783,2,1,1,0,0.2945,0
ACC08206,200,579,14804.48,376,203,5095533.98,2662446.71,328,169,17,238,0.4536,25,10,2,2,0.8941,1
ACC08207,2249,97,2279.19,47,50,108490.37,137103.81,23,36,1,1,0.0541,1,1,2,1,0.3471,0
ACC08208,320,42,13721.64,22,20,279537.17,280191.26,9,8,5,3,0.0704,1,1,2,2,0.3133,0
ACC08209,916,40,3796.66,14,26,68558.66,71966.64,2,12,3,4,0.1031,1,0,2,4,0.3066,0
ACC08210,1517,39,1600.16,16,23,23358.12,42489.24,5,6,5,3,0.0282,2,0,1,1,0.157,0
ACC08211,1597,27,1390.61,9,18,16381.1,17524.69,8,12,1,3,0.0196,1,0,0,1,0.1688,0
ACC08212,1226,25,3994.32,11,14,37481.63,61671.82,3,12,4,2,0.0452,4,1,4,2,0.1076,0
ACC08213,430,29,557.45,14,15,6988.03,9926.67,7,8,2,1,0.0921,0,0,0,0,0.1515,0
ACC08214,261,61,1198.86,38,23,40691.23,21067.02,17,12,4,3,0.0515,1,0,0,2,0.094,0
ACC08215,62,255,9853.82,165,90,1499627.34,866692.79,158,86,12,100,0.5437,27,4,1,4,0.8489,1
ACC08216,117,223,27038.95,125,98,4047622.51,3045544.78,93,93,15,84,0.4653,25,5,3,2,0.9286,1
ACC08217,84,137,9597.1,100,37,968202.86,334919.61,96,24,14,54,0.2794,27,7,9,3,0.8872,1
ACC08218,66,366,27230.04,246,120,7087923.14,3123948.66,186,100,15,152,0.3778,30,5,3,4,0.9276,1
ACC08219,111,174,15949.42,109,65,1710937.45,1282494.92,102,52,16,62,0.3754,29,6,8,4,0.8326,1
ACC08220,2575,100,2999.92,64,36,206167.53,112641.84,16,22,2,1,0.0642,0,0,2,0,0.3783,0
ACC08221,792,30,1356.27,18,12,26373.71,12410.39,6,2,3,1,0.0142,1,0,3,1,0.167,0
ACC08222,574,39,2378.91,24,15,50768.17,26138.96,10,15,1,1,0.0282,1,0,3,0,0.3135,0
ACC08223,542,17,2362.85,6,11,12507.76,28291.12,2,8,1,2,0.0294,3,1,1,1,0.3682,0
ACC08224,333,170,13018.98,104,66,1199636.58,807522.27,85,50,13,66,0.4772,22,6,8,5,0.5173,1
ACC08225,1267,20,2183.36,9,11,26462.47,16855.95,3,2,3,1,0.0817,2,0,1,0,0.211,0
ACC08226,48,318,11670.2,200,118,2892296.39,1405171.0,180,94,18,114,0.3237,13,7,10,3,0.7491,1
ACC08227,1521,36,1667.0,14,22,17668.48,33569.26,7,3,0,0,0.0301,1,0,2,0,0.4385,0
ACC08228,770,26,12378.5,10,16,162588.43,151072.74,3,16,1,2,0.0974,0,1,1,2,0.3659,0
ACC08229,287,501,8588.08,297,204,2750685.06,2175532.39,265,190,19,192,0.3063,32,8,4,3,0.8827,1
ACC08230,841,69,1926.34,30,39,68979.59,86405.81,13,21,4,6,0.0586,4,0,0,0,0.2194,0
ACC08231,312,49,4638.46,27,22,109112.54,76184.07,13,11,2,0,0.1147,2,0,2,1,0.1867,0
ACC08232,105,252,8814.09,183,69,1809771.78,533758.23,155,62,18,81,0.5853,23,5,8,2,0.7465,1
ACC08233,1122,73,9771.08,47,26,366829.45,261966.92,22,10,2,2,0.0828,0,0,0,0,0.4723,0
ACC08234,707,39,3828.47,18,21,77668.3,91842.01,10,14,0,1,0.0168,0,1,1,1,0.2889,0
ACC08235,136,182,9334.29,135,47,1071122.74,467914.03,110,43,17,62,0.5712,28,9,5,2,0.9585,1
ACC08236,289,62,3792.23,36,26,171057.8,86725.39,13,12,2,2,0.1431,0,1,4,1,0.0818,0
ACC08237,291,128,18362.85,71,57,1397078.03,1292870.75,45,36,14,43,0.6724,21,8,5,3,0.6348,1
ACC08238,47,393,6770.85,251,142,1637967.33,829796.62,189,127,13,149,0.4266,24,11,5,4,0.8381,1
ACC08239,1998,44,3027.67,24,20,89216.47,50106.44,5,15,4,2,0.0831,1,0,0,0,0.2846,0
ACC08240,314,154,12903.75,118,36,1653736.77,517205.24,112,36,12,57,0.4051,18,8,7,5,0.7933,1
ACC08241,3385,29,861.03,16,13,17085.14,8054.17,5,9,0,1,0.0614,1,0,1,1,0.1484,0
ACC08242,1200,14,2890.94,7,7,27002.86,19579.84,2,2,3,4,0.0563,1,0,2,1,0.3731,0
ACC08243,54,201,27673.56,141,60,4469637.75,1790039.92,103,50,17,89,0.3894,38,5,3,5,0.6212,1
ACC08244,461,11,2640.02,4,7,12731.06,13771.85,4,7,1,1,0.0785,1,0,0,1,0.0932,0
ACC08245,548,65,1588.8,32,33,53259.31,47427.33,10,19,3,0,0.0747,2,0,1,1,0.2209,0
ACC08246,661,31,2626.76,18,13,44642.23,26349.98,2,6,2,1,0.0426,0,0,1,4,0.5994,0
ACC08247,14,366,8499.52,228,138,2080198.49,1069753.88,192,138,5,136,0.1934,27,2,8,3,0.7054,1
ACC08248,496,104,1978.29,44,60,117311.18,101541.63,11,28,5,1,0.0837,0,0,1,1,0.3716,0
ACC08249,1618,16,4146.86,5,11,15651.88,33554.74,4,7,3,0,0.0221,1,0,0,0,0.3541,0
ACC08250,126,223,11141.89,124,99,1333633.19,1135617.35,93,87,16,78,0.3236,30,9,8,6,0.8359,1
ACC08251,842,25,1092.51,14,11,17142.2,11765.72,12,8,2,3,0.0412,0,0,0,1,0.2807,0
ACC08252,957,37,659.26,19,18,10514.16,14423.71,3,3,2,1,0.0127,1,2,1,3,0.4333,0
ACC08253,603,15,2317.49,5,10,8805.61,16317.76,3,10,0,1,0.0431,1,0,0,0,0.1059,0
ACC08254,493,44,841.14,26,18,20539.72,12256.79,14,18,2,3,0.0821,0,1,2,1,0.2269,0
ACC08255,649,31,8122.12,16,15,125013.06,98815.94,2,15,4,3,0.007,1,0,1,2,0.2592,0
ACC08256,1765,19,3079.51,6,13,18662.99,45353.59,2,7,0,1,0.0411,1,0,1,0,0.6096,0
ACC08257,599,14,4212.28,5,9,26519.99,44916.79,2,8,5,1,0.0846,2,0,1,1,0.1071,0
ACC08258,879,39,3839.31,23,16,73301.51,67446.14,9,3,1,2,0.0715,0,1,1,0,0.3947,0
ACC08259,3078,51,1423.39,26,25,45614.44,30785.35,13,11,3,2,0.0406,1,1,1,1,0.2127,0
ACC08260,709,68,6560.17,31,37,265502.61,213579.72,7,15,3,1,0.048,1,1,1,0,0.3651,0
ACC08261,969,50,3443.95,20,30,63940.14,109638.58,11,24,2,3,0.0133,1,0,2,0,0.2174,0
ACC08262,50,129,21172.29,66,63,1650693.65,1475019.26,57,63,15,41,0.2115,25,16,4,6,0.9618,1
ACC08263,185,223,17552.49,120,103,2016639.52,1717019.32,100,103,16,76,0.3504,24,11,3,5,0.5981,1
ACC08264,3384,16,1905.84,7,9,10733.26,18623.14,2,2,3,1,0.0365,3,0,0,4,0.31,0
ACC08265,970,85,1617.51,29,56,58162.08,84875.62,8,39,2,2,0.0596,0,3,0,0,0.3458,0
ACC08266,212,262,27642.19,186,76,5656995.16,2385328.13,158,59,19,90,0.4679,28,5,4,1,0.9792,1
ACC08267,919,44,2065.78,25,19,44958.78,30548.76,3,11,2,3,0.0197,2,1,1,2,0.3383,0
ACC08268,542,70,1828.92,40,30,78954.93,63051.11,18,17,5,4,0.0135,2,0,3,0,0.1687,0
ACC08269,2270,30,10481.07,10,20,109433.21,227676.75,2,15,5,2,0.072,1,0,1,1,0.2803,0
ACC08270,621,39,9226.39,16,23,172643.18,238698.53,15,12,1,4,0.0244,4,1,1,1,0.2034,0
ACC08271,962,63,3147.7,33,30,138536.9,84114.78,10,7,1,3,0.0389,3,2,1,0,0.3988,0
ACC08272,134,1200,9419.13,932,268,8131480.6,2841574.81,770,230,14,483,0.2796,26,7,2,4,0.7924,1
ACC08273,2529,24,538.26,9,15,4261.27,8145.46,2,5,1,3,0.0707,3,0,1,0,0.4008,0
ACC08274,2089,113,4493.16,71,42,289823.21,141645.6,34,29,0,3,0.0284,2,0,2,3,0.533,0
ACC08275,56,263,20502.38,168,95,3575462.16,1979505.46,134,87,11,105,0.5424,26,7,4,3,0.8646,1
ACC08276,223,74,3160.0,43,31,138582.36,111704.42,18,10,1,2,0.0319,3,0,1,0,0.2609,0
ACC08277,722,65,5072.35,23,42,100918.98,151239.59,11,25,3,3,0.066,1,1,1,2,0.195,0
ACC08278,1256,27,2694.77,16,11,51704.88,27632.06,2,10,3,1,0.0165,2,1,0,1,0.1736,0
ACC08279,1069,27,6570.2,9,18,50209.86,92739.36,3,18,3,1,0.065,1,2,2,0,0.2383,0
ACC08280,213,65,2161.0,24,41,54994.1,82047.89,8,22,2,1,0.0435,1,1,1,2,0.1553,0
ACC08281,1188,44,599.29,20,24,9585.81,15512.73,2,10,3,1,0.0703,1,1,1,3,0.3961,0
ACC08282,153,637,11840.26,346,291,4880672.82,3563562.18,292,262,10,237,0.371,23,5,3,2,0.7305,1
ACC08283,154,496,25379.84,317,179,9871436.14,5524223.37,298,135,4,202,0.0919,29,6,5,2,0.8325,1
ACC08284,968,30,2309.98,11,19,33396.55,47668.94,4,12,1,1,0.0559,1,0,3,1,0.4977,0
ACC08285,1513,36,3406.37,20,16,58124.33,59406.45,11,2,2,1,0.0241,1,0,5,1,0.3588,0
ACC08286,925,27,1902.36,12,15,27827.99,22735.02,8,9,1,1,0.0883,0,0,0,1,0.1966,0
ACC08287,145,32,1950.88,17,15,43891.84,23834.92,5,5,4,0,0.0638,2,0,1,1,0.2311,0
ACC08288,912,811,30925.72,537,274,14756372.28,8459077.51,452,253,15,328,0.4256,24,7,6,2,0.9657,1
ACC08289,3607,43,3698.73,27,16,129637.73,54000.81,18,10,0,1,0.0395,2,1,1,1,0.1868,0
ACC08290,49,204,8278.49,102,102,1012220.53,897358.27,96,86,19,75,0.3308,22,5,2,5,0.8007,1
ACC08291,113,110,9401.61,64,46,569848.03,377045.93,53,35,8,46,0.3114,25,7,3,4,0.6723,1
ACC08292,54,443,15394.94,321,122,4263399.89,1623623.65,280,93,19,167,0.1991,15,3,4,3,0.9427,1
ACC08293,2832,49,3325.3,18,31,51884.0,90119.7,13,15,5,0,0.0412,0,0,1,0,0.4235,0
ACC08294,1478,51,1173.78,32,19,45880.02,22732.14,16,7,3,1,0.0135,1,0,2,1,0.5688,0
ACC08295,372,50,555.35,30,20,13322.55,7855.42,15,15,4,1,0.0976,1,0,0,0,0.323,0
ACC08296,110,259,32446.42,185,74,5792594.84,2972539.41,134,74,20,95,0.3606,24,5,10,12,0.9619,1
ACC08297,779,18,3840.22,10,8,48804.95,30169.34,2,2,3,1,0.0378,0,1,0,1,0.2024,0
ACC08298,2224,35,908.73,20,15,24293.82,13774.91,8,15,0,4,0.0436,2,0,1,1,0.5598,0
ACC08299,1807,36,3121.44,23,13,87276.59,49563.68,17,4,0,2,0.1528,0,0,2,0,0.1075,0
ACC08300,737,37,1683.84,20,17,42066.86,24687.32,16,6,3,0,0.0833,1,1,0,0,0.4982,0
ACC08301,2564,65,2581.01,32,33,73692.8,87523.12,13,9,1,1,0.0499,0,1,0,2,0.191,0
ACC08302,1877,29,1658.99,11,18,23251.49,28407.49,2,8,1,3,0.0304,2,0,3,1,0.2284,0
ACC08303,1263,41,816.94,25,16,15395.51,14927.22,17,6,1,1,0.05,1,1,1,0,0.3552,0
ACC08304,1444,62,2132.11,27,35,49961.81,84016.44,3,22,1,5,0.0692,3,0,2,2,0.2187,0
ACC08305,951,47,8599.64,26,21,186674.35,189698.74,16,16,1,5,0.0359,2,0,0,0,0.3192,0
ACC08306,42,202,23735.06,106,96,2524673.9,2593340.84,93,83,14,67,0.304,33,2,2,5,0.7285,1
ACC08307,29,154,21069.59,96,58,2069265.16,1475570.73,81,57,11,48,0.3886,30,8,6,6,0.8445,1
ACC08308,1443,41,1102.59,16,25,13531.27,21829.52,6,17,3,0,0.0968,2,0,1,1,0.5751,0
ACC08309,843,29,4842.77,17,12,87673.55,49682.45,2,2,7,1,0.002,2,2,0,2,0.2836,0
ACC08310,151,269,15065.36,213,56,3050205.33,915489.37,183,40,13,109,0.3299,19,9,6,6,0.7172,1
ACC08311,2040,16,2218.68,8,8,16879.17,19108.53,5,3,1,3,0.07,3,2,2,0,0.3619,0
ACC08312,828,29,4780.46,15,14,93873.34,72483.46,7,4,1,2,0.0114,3,1,2,0,0.0489,0
ACC08313,635,39,9605.35,20,19,239503.68,178071.36,6,12,0,2,0.0189,3,1,1,0,0.3181,0
ACC08314,147,324,20330.86,185,139,4368126.55,3145656.35,149,107,10,135,0.2473,26,5,5,2,0.841,1
ACC08315,470,29,2039.2,12,17,28072.71,39833.4,12,14,3,1,0.0211,2,0,0,2,0.4161,0
ACC08316,5000,44,899.93,28,16,19957.26,17377.28,9,6,3,2,0.1686,1,1,0,0,0.3244,0
ACC08317,378,291,9978.74,211,80,2394473.75,979495.96,178,64,12,122,0.3503,24,7,6,6,0.9306,1
ACC08318,2287,91,1900.46,41,50,66410.79,99231.36,13,24,2,4,0.0268,1,0,0,0,0.1343,0
ACC08319,1125,149,2369.31,57,92,154050.43,215665.65,27,57,0,1,0.043,1,1,3,0,0.3954,0
ACC08320,132,430,15654.46,242,188,4470574.78,2976783.92,202,182,17,167,0.215,26,8,2,1,0.9764,1
ACC08321,861,8,1256.23,4,4,5248.23,6402.85,2,2,0,1,0.0313,0,0,3,1,0.1732,0
ACC08322,53,528,25204.3,297,231,9344460.41,5027664.73,261,219,11,202,0.2458,19,4,9,6,0.9038,1
ACC08323,325,181,14986.88,120,61,1850355.07,1122575.78,118,49,8,81,0.2016,21,11,4,7,0.9673,1
ACC08324,486,48,9760.56,27,21,310346.55,167193.72,13,13,1,2,0.03,2,3,0,2,0.3866,0
ACC08325,1150,104,1187.4,65,39,100589.02,34155.69,37,17,6,3,0.0703,1,1,0,0,0.4522,0
ACC08326,707,52,1999.44,27,25,69720.15,43411.84,10,5,1,1,0.0242,3,0,0,1,0.2618,0
ACC08327,179,234,23583.57,149,85,3067421.34,2400849.19,130,81,14,94,0.335,26,8,4,6,0.8155,1
ACC08328,595,94,3048.06,44,50,142540.2,141226.17,18,23,1,0,0.0545,1,0,1,3,0.3337,0
ACC08329,516,24,3361.79,11,13,37424.26,45529.17,2,6,1,3,0.0337,2,1,0,0,0.2468,0
ACC08330,968,26,1971.48,15,11,32448.31,25998.45,8,9,2,3,0.0399,2,0,3,0,0.1804,0
ACC08331,2129,22,2090.14,10,12,27830.19,32088.66,10,4,0,3,0.0545,0,0,2,0,0.1536,0
ACC08332,272,288,14559.34,165,123,2528222.88,1544855.44,152,123,11,101,0.517,30,5,5,4,0.8044,1
ACC08333,846,37,2693.39,16,21,46318.39,66356.81,4,3,1,1,0.0083,0,0,4,0,0.1103,0
ACC08334,847,72,5475.14,38,34,275552.68,145254.12,11,26,2,3,0.0257,1,0,1,0,0.3241,0
ACC08335,111,558,12162.83,394,164,5007988.04,2396607.91,312,145,19,206,0.4255,25,8,9,4,0.8603,1
ACC08336,757,50,2051.96,19,31,33789.4,58045.79,10,11,3,1,0.0552,1,0,2,3,0.3886,0
ACC08337,120,184,9222.06,118,66,931323.29,551321.29,106,48,16,66,0.2279,22,5,4,9,0.7646,1
ACC08338,534,266,6065.47,133,133,785726.31,993757.33,133,121,21,112,0.2347,23,4,2,2,0.5575,1
ACC08339,1881,15,1716.99,5,10,7552.8,17937.03,3,9,2,2,0.0229,0,0,1,0,0.4594,0
ACC08340,109,138,19501.24,102,36,1895060.02,677711.63,71,33,19,45,0.5304,27,9,3,5,0.9234,1
ACC08341,95,233,15710.75,128,105,2345811.96,1780205.04,109,80,13,102,0.3224,26,8,2,2,0.8157,1
ACC08342,1660,49,1393.56,26,23,40095.06,30639.05,19,6,0,2,0.098,1,1,1,0,0.2844,0
ACC08343,321,96,7144.86,35,61,239543.52,319170.68,23,32,3,2,0.002,2,2,1,1,0.4896,0
ACC08344,1298,30,1142.88,11,19,15749.53,22710.63,3,12,1,1,0.0749,1,1,0,0,0.267,0
ACC08345,1187,39,4519.07,20,19,91581.1,96561.12,8,4,2,2,0.0342,1,1,0,0,0.2977,0
ACC08346,230,542,10212.03,300,242,3688239.97,2657752.78,238,233,18,204,0.3597,31,10,4,7,0.9567,1
ACC08347,2388,58,800.43,22,36,21123.01,36360.26,4,6,1,1,0.1026,0,0,2,0,0.4618,0
ACC08348,121,141,3518.27,97,44,425600.88,152518.97,83,39,19,51,0.4051,21,1,7,7,0.6936,1
ACC08349,300,36,2625.88,22,14,57536.77,35817.77,5,3,1,6,0.139,0,1,0,1,0.2772,0
ACC08350,104,205,12421.23,141,64,1626984.02,755641.59,124,46,11,70,0.2599,26,6,2,4,0.6616,1
ACC08351,276,116,15719.93,62,54,829865.35,871872.83,33,52,18,46,0.5376,27,3,7,3,0.8548,1
ACC08352,215,236,8093.82,167,69,1190237.22,677818.19,148,66,13,91,0.2536,25,8,6,4,0.9115,1
ACC08353,582,13,3229.76,6,7,22500.44,18141.2,5,7,3,2,0.0064,1,0,0,0,0.2961,0
ACC08354,1707,48,3620.37,24,24,81178.09,86535.05,15,14,1,2,0.0184,3,0,1,0,0.4212,0
ACC08355,299,18,1205.92,10,8,16036.95,11720.29,4,8,5,5,0.031,3,0,1,1,0.1634,0
ACC08356,1119,34,1110.81,12,22,11383.9,31341.44,4,12,3,1,0.0295,3,0,0,1,0.3528,0
ACC08357,643,50,6679.4,23,27,187485.01,219259.33,11,18,4,1,0.028,1,1,2,2,0.2495,0
ACC08358,1278,52,5076.7,30,22,160632.99,84892.36,15,13,1,0,0.0683,0,1,2,0,0.0746,0
ACC08359,1164,36,5241.86,17,19,100293.01,73659.2,2,6,4,2,0.0306,0,0,1,0,0.4657,0
ACC08360,1409,15,1476.18,5,10,6709.5,18483.34,2,10,2,3,0.051,1,1,1,0,0.2441,0
ACC08361,505,36,4304.67,13,23,67162.87,98628.91,3,13,3,4,0.0087,1,1,2,0,0.2908,0
ACC08362,708,38,3568.82,19,19,52321.44,75287.92,2,9,0,1,0.0707,1,1,1,0,0.4152,0
ACC08363,295,23,2075.96,14,9,23647.79,13312.49,10,4,1,3,0.0593,2,0,1,0,0.454,0
ACC08364,1341,31,2009.95,19,12,44536.77,20652.05,3,11,4,0,0.0839,3,0,5,0,0.1385,0
ACC08365,99,150,15938.35,97,53,1863954.82,801924.38,85,49,13,64,0.465,22,4,5,6,0.7838,1
ACC08366,1394,41,2864.3,16,25,35797.95,89304.76,2,17,5,1,0.0607,0,2,1,1,0.1375,0
ACC08367,2109,44,2123.64,20,24,53008.1,63364.42,10,10,3,1,0.1423,1,0,1,1,0.0985,0
ACC08368,72,267,3623.5,160,107,607085.59,437082.45,140,107,18,124,0.3235,31,6,7,7,0.9332,1
ACC08369,221,162,5163.07,103,59,608536.79,319218.04,103,59,21,59,0.4618,30,7,8,7,0.8525,1
ACC08370,1125,23,3216.0,10,13,43277.64,31677.04,2,7,1,3,0.0328,2,0,2,2,0.1749,0
ACC08371,1041,30,2183.13,17,13,33550.15,35569.87,2,3,4,1,0.0233,1,0,3,1,0.251,0
ACC08372,93,307,15017.95,215,92,3984118.19,1275538.0,151,73,12,129,0.4781,28,5,8,3,0.9822,1
ACC08373,1688,59,1902.72,25,34,43936.54,74278.38,11,25,1,2,0.2422,1,1,5,1,0.4243,0
ACC08374,292,151,15828.49,120,31,1871175.31,532786.54,103,8,7,61,0.2605,22,8,8,5,0.8145,1
ACC08375,1063,89,1831.35,51,38,71075.02,82718.27,22,24,1,3,0.0329,2,0,0,1,0.4407,0
ACC08376,66,270,13264.63,186,84,2704493.9,1112660.96,180,72,16,107,0.5406,31,7,6,3,0.9553,1
ACC08377,580,127,1348.92,78,49,128767.01,51085.04,37,24,1,2,0.0778,1,1,2,1,0.5349,0
ACC08378,589,61,3793.79,21,40,60904.41,140018.21,12,26,1,2,0.0201,1,2,0,3,0.5107,0
ACC08379,1155,42,1113.6,22,20,29211.62,26731.34,4,16,0,2,0.0362,1,0,1,2,0.1702,0
ACC08380,783,44,4207.9,21,23,96399.41,122979.14,2,5,1,1,0.0167,1,0,1,2,0.2499,0
ACC08381,129,110,6563.76,85,25,525027.71,142775.48,73,24,14,45,0.507,28,7,4,4,0.9483,1
ACC08382,1453,102,1342.76,50,52,67136.12,73347.95,19,34,3,1,0.0688,2,0,1,0,0.1971,0
ACC08383,841,45,2449.35,17,28,34992.21,80818.27,7,5,1,1,0.0076,3,0,1,1,0.2418,0
ACC08384,818,31,3235.44,19,12,71387.25,49053.06,7,10,2,0,0.1085,3,0,0,0,0.189,0
ACC08385,242,305,15429.02,197,108,3551108.31,1582001.49,168,97,16,108,0.3183,29,5,5,5,0.589,1
ACC08386,1008,66,3209.64,30,36,81201.14,120163.37,2,14,3,0,0.0208,0,0,1,0,0.2575,0
ACC08387,1064,30,3342.06,12,18,31628.35,46487.9,11,10,0,0,0.0919,1,2,0,0,0.2092,0
ACC08388,1103,69,3800.05,31,38,111118.14,134934.77,16,35,2,2,0.0235,2,1,3,0,0.1603,0
ACC08389,34,410,26599.7,240,170,6611805.14,5501120.93,214,170,10,166,0.3225,29,12,5,8,0.8019,1
ACC08390,1174,40,1554.79,15,25,29967.07,49444.73,2,8,2,3,0.0768,0,1,1,1,0.0983,0
ACC08391,105,151,16670.59,85,66,1277137.21,1000986.23,72,66,19,70,0.2589,25,4,9,5,0.7432,1
ACC08392,118,185,6213.24,113,72,864927.12,520299.86,87,69,15,61,0.4295,26,4,7,7,0.8771,1
ACC08393,596,111,2153.16,56,55,105356.02,120981.48,23,37,1,1,0.0343,3,0,2,0,0.1397,0
ACC08394,646,17,2082.37,7,10,12981.23,15883.79,4,7,5,2,0.0631,2,0,1,0,0.2492,0
ACC08395,381,20,978.76,8,12,7398.42,12790.96,8,2,3,3,0.0706,2,0,2,0,0.3044,0
ACC08396,2116,47,3393.76,19,28,54415.53,95680.8,10,12,1,1,0.0682,2,1,1,0,0.1988,0
ACC08397,290,187,14747.52,147,40,2405061.86,535365.2,137,32,16,76,0.2957,23,2,5,3,0.5432,1
ACC08398,194,134,18882.47,87,47,1786312.95,992754.05,61,47,12,58,0.5871,22,5,6,7,0.9227,1
ACC08399,978,70,2235.83,30,40,75661.77,75524.61,18,24,1,1,0.0317,1,1,0,0,0.1237,0
ACC08400,1575,48,1233.29,20,28,32195.73,33119.35,11,16,3,1,0.0241,0,0,2,1,0.3217,0
ACC08401,420,106,3549.78,44,62,186170.2,210811.5,14,28,1,1,0.0428,0,0,0,1,0.2342,0
ACC08402,102,194,12828.03,143,51,2072277.18,736206.2,123,30,13,72,0.4567,27,9,4,3,0.764,1
ACC08403,46,246,37869.32,172,74,5881519.02,3171113.19,172,66,21,85,0.4183,30,5,9,2,0.9189,1
ACC08404,801,46,3112.84,27,19,67430.59,43420.62,19,14,1,2,0.0273,4,1,1,0,0.0422,0
ACC08405,335,29,1765.43,13,16,22928.33,25136.33,3,10,1,1,0.147,4,0,1,2,0.4479,0
ACC08406,691,70,1379.8,26,44,34715.37,61686.13,9,20,2,3,0.0965,1,0,0,1,0.4021,0
ACC08407,743,36,2680.91,13,23,46344.95,48339.02,5,12,2,1,0.1538,1,0,4,1,0.2918,0
ACC08408,1176,80,4151.74,34,46,118893.68,170442.09,13,14,5,4,0.0477,0,0,2,0,0.4164,0
ACC08409,259,45,2512.8,27,18,70236.16,47325.29,20,8,1,3,0.0484,1,0,0,0,0.3133,0
ACC08410,227,57,3464.43,29,28,122292.26,82887.47,17,20,2,0,0.0772,1,0,1,1,0.2201,0
ACC08411,608,62,3160.86,39,23,126142.01,67762.68,13,12,1,7,0.053,3,0,1,0,0.1277,0
ACC08412,578,76,3549.86,36,40,149364.37,178195.05,19,28,1,5,0.0061,2,0,0,0,0.3602,0
ACC08413,185,399,21313.29,254,145,6651454.21,3316049.48,231,143,12,153,0.2284,28,3,3,5,0.9042,1
ACC08414,794,64,1893.47,38,26,79983.76,58803.2,15,7,2,2,0.0902,3,2,2,0,0.1404,0
ACC08415,14,188,10096.29,131,57,1163523.23,683451.14,121,53,10,70,0.3396,24,8,3,4,0.8107,1
ACC08416,2143,44,1833.27,28,16,63125.07,24771.79,7,8,5,1,0.0756,2,2,1,2,0.2075,0
ACC08417,109,729,7438.62,477,252,3716162.91,2334937.48,419,227,15,284,0.2918,30,6,4,5,0.9068,1
ACC08418,763,40,3005.13,24,16,95691.94,59671.6,8,3,0,0,0.0364,1,0,1,0,0.2707,0
ACC08419,64,192,4219.45,125,67,592488.05,273040.37,102,67,18,82,0.2569,23,6,7,3,0.6792,1
ACC08420,2907,28,5900.33,16,12,92712.15,83448.32,7,2,3,2,0.0412,1,2,1,1,0.3477,0
ACC08421,1385,64,2293.67,23,41,64838.13,87561.79,2,13,1,1,0.0192,2,0,0,1,0.2432,0
ACC08422,838,22,2363.85,13,9,36716.51,25271.06,2,2,5,3,0.0858,2,2,1,2,0.4015,0
ACC08423,420,344,23612.63,254,90,5192730.63,2426821.22,214,66,14,130,0.1489,19,7,6,2,0.887,1
ACC08424,1564,53,4800.44,30,23,123700.86,125630.77,16,5,1,4,0.0757,1,0,1,2,0.3712,0
ACC08425,280,36,4457.63,15,21,75054.06,119553.85,15,5,2,2,0.0304,1,0,1,0,0.38,0
ACC08426,155,319,12510.54,252,67,2862372.28,798205.24,206,55,22,123,0.5017,29,5,6,7,0.6108,1
ACC08427,184,593,9800.01,453,140,4950607.75,1178291.77,365,132,17,208,0.3401,22,4,6,2,0.8391,1
ACC08428,162,290,8445.07,153,137,1107441.03,1271132.65,114,112,15,116,0.4258,30,6,3,9,0.5967,1
ACC08429,174,72,7877.69,38,34,272422.13,270287.83,38,27,15,26,0.2977,24,6,4,6,0.8682,1
ACC08430,1143,48,1564.07,28,20,57211.88,32760.26,8,8,2,2,0.1009,3,1,1,0,0.5123,0
ACC08431,538,21,4481.7,9,12,48938.48,54544.98,4,2,4,3,0.0521,0,0,1,0,0.2941,0
ACC08432,4793,25,9139.09,14,11,107921.21,95500.98,7,2,5,2,0.0684,0,0,2,1,0.3005,0
ACC08433,1184,60,3456.86,29,31,107463.4,126325.03,10,12,3,3,0.0135,3,0,1,1,0.2217,0
ACC08434,311,102,1326.55,51,51,61259.45,76242.78,29,16,2,1,0.0166,0,0,1,1,0.257,0
ACC08435,188,693,16686.25,412,281,8012583.46,5188190.78,353,269,17,252,0.5503,32,3,4,2,0.7664,1
ACC08436,1444,35,2163.75,15,20,29391.1,36362.83,4,15,1,1,0.0333,1,0,1,0,0.2329,0
ACC08437,1345,84,532.07,46,38,33018.14,15852.4,24,31,1,1,0.0347,1,2,1,0,0.2054,0
ACC08438,282,730,20336.81,541,189,11756510.09,4738356.62,460,166,18,285,0.2531,30,4,3,3,0.8068,1
ACC08439,537,145,918.59,88,57,105891.2,53327.95,44,27,1,3,0.0513,4,0,1,0,0.1843,0
ACC08440,1170,28,3883.01,10,18,36001.31,67908.04,3,12,3,4,0.0462,1,0,1,0,0.1612,0
ACC08441,1285,36,1645.65,13,23,16087.93,30137.14,8,8,2,4,0.0483,2,0,1,1,0.1651,0
ACC08442,219,90,15011.62,53,37,774656.28,591239.66,53,21,5,31,0.4043,20,7,6,4,0.7151,1
ACC08443,812,16,2459.75,8,8,20454.47,16376.53,2,7,0,2,0.0727,2,1,2,1,0.2404,0
ACC08444,111,351,18454.49,182,169,3066705.66,2877645.54,148,146,12,122,0.2204,22,5,6,1,0.9494,1
ACC08445,693,26,2016.2,16,10,40525.05,22311.67,7,5,0,2,0.0555,1,0,2,1,0.3143,0
ACC08446,3363,57,2737.38,21,36,70456.82,113960.65,15,19,0,2,0.055,2,0,0,1,0.0685,0
ACC08447,90,257,29960.55,149,108,4999289.33,3627562.28,126,87,15,93,0.285,26,13,3,9,0.9652,1
ACC08448,634,42,9919.1,26,16,276782.45,200980.28,9,10,3,3,0.0722,1,1,3,1,0.393,0
ACC08449,349,37,2956.74,13,24,43191.75,83897.44,5,15,1,1,0.0513,2,1,1,0,0.2388,0
ACC08450,930,104,6748.95,65,39,567723.14,208759.59,30,25,1,5,0.0539,1,0,0,1,0.4517,0
ACC08451,1255,79,1252.1,28,51,27822.2,53884.06,13,20,2,1,0.0749,1,2,2,1,0.2109,0
ACC08452,1693,85,4503.31,33,52,114497.41,251795.88,22,20,3,3,0.0971,2,1,0,0,0.2955,0
ACC08453,393,252,30909.99,188,64,5857067.71,1974865.41,156,49,14,93,0.6167,17,6,5,8,0.8677,1
ACC08454,245,250,2822.46,129,121,447830.78,301048.26,122,95,10,97,0.3745,35,5,3,4,0.9301,1
ACC08455,111,194,11625.3,112,82,1486782.75,905418.84,74,76,15,100,0.2251,27,8,2,4,0.6766,1
ACC08456,368,19,1658.64,8,11,17251.88,16370.37,6,2,1,3,0.03,1,0,0,2,0.2277,0
ACC08457,199,247,3421.28,165,82,619944.21,332330.19,158,81,17,117,0.2857,31,10,5,5,0.8437,1
ACC08458,1051,57,2815.25,28,29,105434.4,81402.8,6,15,4,5,0.0261,0,0,2,1,0.0959,0
ACC08459,675,58,884.95,37,21,33182.85,17988.32,18,3,8,2,0.0206,3,0,1,0,0.0234,0
ACC08460,561,14,3039.95,8,6,29006.18,19480.27,3,2,0,0,0.0232,6,0,1,0,0.2522,0
ACC08461,1780,29,4436.76,15,14,71590.23,66482.02,3,11,1,1,0.0582,1,1,3,2,0.4287,0
ACC08462,641,34,6626.35,21,13,136220.32,110960.32,6,12,2,4,0.049,0,0,0,1,0.3107,0
ACC08463,709,26,1844.88,9,17,20272.38,33240.41,2,17,3,5,0.0602,3,2,1,1,0.3406,0
ACC08464,137,306,11467.99,164,142,1823277.85,1609001.08,149,142,10,121,0.4039,25,9,2,5,0.8184,1
ACC08465,1731,41,2309.44,21,20,56864.33,45100.53,6,9,4,4,0.0683,0,1,0,0,0.2879,0
ACC08466,1095,178,7150.52,112,66,762583.63,409019.4,83,31,15,65,0.6095,35,4,4,5,0.9311,1
ACC08467,876,21,5815.94,9,12,65918.59,74439.37,2,5,0,1,0.0314,1,1,1,1,0.1932,0
ACC08468,808,118,1611.94,54,64,80599.15,84979.69,20,40,3,2,0.0314,0,1,1,0,0.3466,0
ACC08469,976,75,1369.22,30,45,47851.04,66864.76,14,31,2,2,0.0512,1,1,2,4,0.3074,0
ACC08470,1291,13,5719.9,5,8,31204.47,53670.17,2,8,3,4,0.0962,2,0,1,2,0.2163,0
ACC08471,148,104,13163.99,71,33,1023969.61,535822.15,55,33,16,50,0.4286,21,6,10,2,0.8713,1
ACC08472,80,709,10477.16,457,252,4306173.57,2588729.96,355,217,15,265,0.5853,19,3,6,4,0.765,1
ACC08473,492,51,720.62,26,25,23576.02,21700.0,11,16,3,3,0.0553,3,0,1,0,0.3153,0
ACC08474,28,176,11901.03,91,85,1205638.04,885991.15,91,60,15,69,0.2771,16,7,5,8,0.9274,1
ACC08475,561,91,1567.2,49,42,68762.95,50900.48,23,20,4,2,0.0508,2,0,1,1,0.3015,0
ACC08476,1841,51,4432.71,28,23,150195.09,85831.18,16,16,4,1,0.0132,0,1,2,1,0.0962,0
ACC08477,32,235,16937.33,132,103,2713509.25,2075945.51,96,90,24,99,0.521,23,8,6,1,0.8421,1
ACC08478,93,234,22520.26,176,58,4262077.38,1140029.35,176,45,11,103,0.4456,24,10,7,4,0.8181,1
ACC08479,756,125,1058.81,74,51,93291.71,58814.03,28,32,1,0,0.0837,1,1,2,3,0.1706,0
ACC08480,644,65,2710.78,24,41,72492.95,118755.51,13,22,2,2,0.0633,1,1,0,0,0.4872,0
ACC08481,343,47,2136.63,23,24,54802.27,64480.73,9,14,1,4,0.0664,2,2,2,0,0.2516,0
ACC08482,824,39,7453.4,24,15,155504.54,139866.26,12,4,4,2,0.0706,2,0,1,2,0.4142,0
ACC08483,688,67,1820.89,36,31,50390.36,66021.75,12,16,0,2,0.0145,0,0,3,0,0.1044,0
ACC08484,739,55,1286.46,28,27,33444.6,26061.68,12,19,2,1,0.0276,1,0,2,0,0.1363,0
ACC08485,359,33,2479.91,13,20,39712.92,57917.72,4,11,1,4,0.0208,0,1,1,0,0.3298,0
ACC08486,1757,42,1478.42,21,21,27700.07,22033.69,7,14,3,0,0.0623,1,0,1,2,0.2134,0
ACC08487,941,46,2492.63,29,17,95138.0,40034.33,16,6,1,2,0.0515,0,0,1,0,0.4301,0
ACC08488,572,28,4182.51,15,13,55469.04,65646.28,2,5,2,1,0.1634,1,0,1,1,0.3339,0
ACC08489,1598,64,5950.13,34,30,155273.51,224580.47,20,15,1,1,0.0074,2,0,1,2,0.1347,0
ACC08490,764,53,4964.71,30,23,175835.46,134677.74,12,11,1,4,0.0214,2,0,1,0,0.4005,0
ACC08491,590,39,3949.77,20,19,87349.05,95456.99,4,13,2,2,0.04,2,1,1,0,0.5432,0
ACC08492,617,33,1117.6,14,19,17787.09,23712.1,2,8,2,1,0.0135,2,0,0,0,0.1934,0
ACC08493,684,80,12360.31,48,32,611383.12,407887.1,25,25,17,27,0.3212,26,4,4,4,0.6812,1
ACC08494,547,58,2489.65,26,32,56922.36,63407.12,10,18,1,1,0.1202,2,0,1,0,0.4594,0
ACC08495,41,188,13445.34,128,60,2091299.03,991106.43,113,51,12,61,0.2608,25,3,3,4,0.7595,1
ACC08496,2751,38,1777.71,19,19,44271.38,33567.63,13,11,4,0,0.0212,1,1,0,0,0.1986,0
ACC08497,855,27,3749.08,11,16,51649.16,67067.83,7,16,0,2,0.0307,1,1,0,1,0.2276,0
ACC08498,538,40,1154.89,20,20,26373.92,20242.06,15,10,3,3,0.0412,2,0,3,2,0.4549,0
ACC08499,685,47,1497.79,24,23,34347.88,44122.79,19,14,2,2,0.0301,1,0,1,0,0.3452,0
ACC08500,44,133,9957.57,85,48,1008075.76,541616.64,85,44,16,60,0.7373,16,9,4,2,0.8874,1
ACC08501,400,48,2204.67,27,21,44921.02,55129.54,10,4,2,1,0.0822,3,1,2,2,0.1656,0
ACC08502,300,36,2525.91,17,19,33016.12,45915.58,11,19,2,3,0.0292,1,0,1,0,0.1103,0
ACC08503,770,34,4658.91,18,16,71330.31,76334.04,13,2,2,7,0.0621,1,1,1,1,0.3256,0
ACC08504,2453,30,813.76,15,15,15395.97,15706.19,2,4,3,5,0.0509,2,1,0,0,0.2854,0
ACC08505,29,242,20677.17,193,49,4192268.79,913548.13,145,48,14,81,0.2493,39,6,10,4,0.9378,1
ACC08506,1739,56,810.07,28,28,30554.4,26087.33,12,12,0,3,0.1355,2,0,0,1,0.6086,0
ACC08507,317,64,1522.6,37,27,65515.3,38386.01,13,17,3,4,0.126,2,0,0,0,0.4107,0
ACC08508,915,58,5806.28,31,27,222188.11,125341.16,11,20,1,2,0.0363,0,0,1,0,0.1106,0
ACC08509,155,538,19570.25,339,199,7249546.29,4706526.01,276,170,12,208,0.2965,18,7,5,1,0.6318,1
ACC08510,499,56,1730.56,34,22,65980.44,29405.99,17,14,2,2,0.0212,2,1,1,0,0.2758,0
ACC08511,1039,43,3633.49,27,16,114148.76,51486.77,15,10,2,3,0.0401,2,0,1,2,0.4582,0
ACC08512,828,61,3285.56,29,32,113555.08,118546.86,11,13,3,3,0.0801,1,0,0,2,0.2959,0
ACC08513,1031,34,2855.01,18,16,40683.43,54302.19,6,2,2,2,0.0973,3,0,1,0,0.1966,0
ACC08514,350,275,14417.0,197,78,2955968.45,1041521.59,194,57,19,110,0.25,28,7,4,11,0.8733,1
ACC08515,317,603,14770.16,377,226,6393503.13,3397760.67,291,205,17,226,0.4131,29,5,3,5,0.7222,1
ACC08516,166,154,9081.63,102,52,967390.61,442863.92,86,52,12,59,0.183,23,6,3,3,0.842,1
ACC08517,413,228,19353.53,135,93,2301378.26,2169423.11,90,81,12,85,0.244,34,6,12,1,0.8822,1
ACC08518,464,164,16124.07,105,59,1875012.98,1161467.11,78,59,17,66,0.3811,31,3,2,5,0.7116,1
ACC08519,1147,22,2781.58,8,14,28973.66,46741.62,3,14,1,2,0.0863,3,0,1,2,0.1677,0
ACC08520,593,47,9096.49,19,28,175820.03,315858.28,4,13,1,4,0.0127,1,1,0,0,0.4729,0
ACC08521,908,35,5316.03,17,18,75666.88,76097.58,13,7,1,1,0.0274,0,0,2,0,0.2081,0
ACC08522,2941,57,1134.84,29,28,43206.7,30026.61,12,11,3,4,0.0248,3,2,1,1,0.1054,0
ACC08523,220,159,14085.52,121,38,2027993.92,568184.98,108,26,18,51,0.4102,21,7,5,7,0.9666,1
ACC08524,138,392,8273.15,303,89,2504181.92,660893.61,273,89,13,149,0.5767,33,7,11,5,0.9451,1
ACC08525,560,14,3166.85,7,7,23215.86,27875.54,2,3,2,1,0.0112,1,0,1,0,0.2904,0
ACC08526,37,398,8773.95,277,121,2208085.47,1062784.89,254,95,14,174,0.4118,22,9,5,2,0.8173,1
ACC08527,81,417,10471.23,253,164,3124476.76,1934023.13,218,163,16,167,0.3548,23,11,3,2,0.8561,1
ACC08528,1909,56,1369.62,29,27,50025.84,26516.71,8,2,0,4,0.0793,0,0,0,0,0.2366,0
ACC08529,608,55,1492.69,29,26,46041.04,43234.09,17,15,3,1,0.0212,2,0,1,0,0.3147,0
ACC08530,79,347,16002.84,185,162,2877684.5,3005954.94,176,152,16,114,0.6842,23,4,6,3,0.8252,1
ACC08531,21,233,12033.66,162,71,2408447.4,816678.44,139,71,13,88,0.5134,24,5,5,3,0.9174,1
ACC08532,71,273,9654.41,150,123,1694341.82,1016413.23,112,103,8,110,0.1964,31,6,2,5,0.848,1
ACC08533,917,92,25492.85,48,44,1402871.74,1064647.17,47,23,17,35,0.2551,26,6,8,6,0.9409,1
ACC08534,1281,33,2144.88,18,15,34770.21,29598.88,6,13,2,1,0.0416,2,1,3,1,0.0755,0
ACC08535,1233,154,433.4,60,94,28516.2,33667.25,25,59,0,2,0.0128,2,1,4,0,0.3345,0
ACC08536,789,63,2337.31,33,30,99301.56,68072.71,13,11,2,1,0.0662,1,2,1,0,0.1551,0
ACC08537,535,32,1400.34,17,15,21588.43,16598.03,7,9,1,3,0.0289,2,1,2,1,0.1555,0
ACC08538,1872,34,3508.91,18,16,78836.91,46707.8,9,3,2,4,0.037,2,1,3,0,0.1288,0
ACC08539,974,26,2329.09,13,13,33813.48,27896.3,2,12,0,3,0.0223,4,0,2,0,0.2036,0
ACC08540,410,60,1614.7,36,24,74874.76,48829.32,10,20,2,4,0.0078,1,2,1,1,0.4634,0
ACC08541,1870,96,2879.87,34,62,124524.96,126448.38,13,21,2,3,0.0302,1,1,1,0,0.2085,0
ACC08542,1268,70,1505.65,30,40,38086.58,66808.52,9,26,2,4,0.1794,1,0,0,0,0.2901,0
ACC08543,957,13,3029.49,7,6,17276.6,20988.17,7,2,3,0,0.0405,2,0,3,1,0.0916,0
ACC08544,93,249,12251.67,182,67,2718711.25,938868.4,155,59,15,98,0.4661,17,4,5,1,0.7496,1
ACC08545,992,62,3629.0,29,33,111482.93,104676.42,9,14,2,3,0.1134,0,0,0,3,0.2431,0
ACC08546,125,152,14872.54,90,62,1173302.29,1118865.7,59,62,13,55,0.3625,21,5,6,7,0.7256,1
ACC08547,1603,64,3607.67,38,26,144821.9,76985.72,13,8,3,4,0.009,1,1,1,1,0.1527,0
ACC08548,48,395,5339.93,262,133,1566256.53,874451.23,241,115,15,154,0.3254,26,4,3,4,0.8623,1
ACC08549,2021,79,4319.78,34,45,172840.84,190701.55,16,26,1,5,0.1568,1,0,2,0,0.2998,0
ACC08550,299,309,16843.67,165,144,2688665.08,2174808.23,131,130,18,104,0.4071,20,7,4,2,0.8033,1
ACC08551,1582,91,1305.29,32,59,52231.61,55733.74,13,28,2,3,0.0214,4,0,0,0,0.2578,0
ACC08552,1832,41,2626.56,23,18,59310.88,34592.96,23,7,3,1,0.0384,1,1,0,0,0.1547,0
ACC08553,772,29,2294.05,15,14,31485.52,28370.16,9,14,2,4,0.0437,1,0,1,2,0.3228,0
ACC08554,981,53,1851.59,31,22,51637.7,49605.56,21,2,2,1,0.0114,1,1,0,1,0.3316,0
ACC08555,70,335,13716.11,192,143,2904875.1,1723693.9,137,112,13,126,0.2361,23,9,2,2,0.9425,1
ACC08556,453,27,2548.07,12,15,38077.04,33659.57,2,13,1,3,0.0821,1,1,0,2,0.1198,0
ACC08557,145,330,11710.58,259,71,3765511.84,870755.77,224,69,14,137,0.2947,26,6,8,2,0.8557,1
ACC08558,1202,26,4372.73,14,12,61811.06,38839.88,9,5,1,1,0.0749,2,0,1,0,0.2747,0
ACC08559,1758,28,7082.64,14,14,114782.03,88529.14,6,4,1,5,0.0677,2,2,2,1,0.2664,0
ACC08560,985,41,1984.05,23,18,36223.73,34115.97,10,14,2,4,0.0338,2,1,2,0,0.0945,0
ACC08561,102,129,21216.83,96,33,2175620.51,832842.0,65,33,15,40,0.4384,27,4,8,3,0.7131,1
ACC08562,69,182,23943.95,92,90,2353391.68,2069831.54,92,64,18,68,0.2627,29,8,3,4,0.9755,1
ACC08563,394,48,1501.5,28,20,51966.95,31632.17,6,8,1,2,0.0476,0,1,3,0,0.1928,0
ACC08564,1098,60,2936.69,28,32,78730.28,115672.33,6,15,0,2,0.0185,0,1,1,1,0.2194,0
ACC08565,483,31,2681.13,17,14,57570.61,34578.49,4,4,0,2,0.0579,5,2,0,0,0.2012,0
ACC08566,485,14,2089.67,7,7,13721.2,17996.12,7,2,3,2,0.0109,0,1,0,1,0.3258,0
ACC08567,1857,62,14091.94,24,38,308925.95,399517.01,6,25,1,1,0.0922,2,1,2,1,0.5378,0
ACC08568,520,27,1327.96,10,17,15103.49,16270.25,2,6,2,1,0.0409,2,0,0,1,0.2193,0
ACC08569,351,25,3513.7,14,11,43976.03,30418.66,7,2,4,1,0.0315,1,0,2,0,0.3134,0
ACC08570,1012,73,3417.67,42,31,127313.81,101343.11,14,16,0,2,0.0413,1,2,1,0,0.2279,0
ACC08571,2018,93,2389.02,50,43,117973.56,126894.01,24,23,4,1,0.0751,3,0,0,0,0.2114,0
ACC08572,737,61,5075.59,25,36,112435.4,215305.45,12,17,3,3,0.0353,1,0,1,1,0.3659,0
ACC08573,212,44,1246.67,15,29,18846.02,33272.76,8,8,1,1,0.0272,4,0,2,0,0.1942,0
ACC08574,94,444,16816.34,299,145,5320264.5,2461329.74,250,124,15,181,0.5743,30,8,5,2,0.8014,1
ACC08575,819,41,1850.53,25,16,50193.59,35750.9,11,5,1,2,0.0829,1,0,0,2,0.2448,0
ACC08576,1273,12,1888.96,6,6,14020.78,11919.32,6,2,0,0,0.0204,4,1,1,0,0.2851,0
ACC08577,45,199,11961.3,107,92,1535016.74,989522.71,88,89,13,80,0.3887,29,4,5,3,0.9747,1
ACC08578,590,96,4051.74,46,50,157197.66,206647.13,28,22,0,1,0.0657,2,0,1,1,0.2592,0
ACC08579,926,71,1210.1,32,39,49657.45,52181.56,8,15,2,5,0.0851,1,0,0,0,0.4826,0
ACC08580,1118,64,2824.33,36,28,105435.54,77915.97,15,13,1,6,0.0626,4,0,2,0,0.301,0
ACC08581,1272,24,2090.78,12,12,21132.01,25616.19,2,11,1,0,0.0565,1,1,2,2,0.183,0
ACC08582,355,210,8184.26,126,84,1033772.77,587591.1,84,84,18,85,0.3359,13,6,8,2,0.8495,1
ACC08583,735,63,1065.43,35,28,46608.3,38426.6,12,15,4,1,0.1288,1,0,0,0,0.402,0
ACC08584,1516,45,5127.57,18,27,107080.08,127434.03,12,13,2,3,0.0527,1,0,1,0,0.1473,0
ACC08585,128,52,21590.78,29,23,567793.46,563453.67,19,10,12,23,0.3211,30,6,5,1,0.9521,1
ACC08586,1440,39,2622.5,20,19,68883.14,45743.35,8,5,1,1,0.0381,5,0,2,0,0.394,0
ACC08587,2657,18,759.21,10,8,6678.3,5111.91,2,7,3,1,0.0319,0,1,3,1,0.068,0
ACC08588,668,45,2858.86,23,22,88573.34,55760.53,12,8,4,1,0.0663,3,1,1,0,0.3185,0
ACC08589,220,190,12072.99,119,71,1564078.93,742481.06,103,71,5,88,0.3745,25,6,9,4,0.8642,1
ACC08590,1147,72,967.6,27,45,28717.27,41129.1,14,26,2,3,0.0221,3,0,2,1,0.2669,0
ACC08591,856,19,1975.85,7,12,14036.4,24316.59,7,2,4,1,0.0626,2,4,0,0,0.0872,0
ACC08592,378,77,6216.75,31,46,240083.33,353015.03,8,29,1,4,0.0228,1,0,3,0,0.4091,0
ACC08593,206,320,12588.83,200,120,2422904.01,1389145.41,170,102,11,128,0.3818,27,5,2,7,0.4987,1
ACC08594,1158,41,6813.15,16,25,123787.27,159946.53,2,7,2,3,0.0813,3,1,0,0,0.2315,0
ACC08595,354,171,17519.29,88,83,1878334.5,1241927.89,85,83,18,62,0.2614,25,5,7,6,0.8982,1
ACC08596,672,31,8367.54,16,15,167815.88,111253.58,6,14,1,2,0.0317,3,0,1,0,0.4535,0
ACC08597,335,47,4899.55,18,29,81557.61,139324.14,4,20,0,1,0.0748,1,1,3,1,0.1499,0
ACC08598,1271,81,2634.27,37,44,111794.4,127547.0,5,14,2,2,0.1322,0,2,0,1,0.2269,0
ACC08599,1442,22,10527.02,8,14,91679.97,154716.57,2,2,3,2,0.0919,2,0,0,0,0.2177,0
ACC08600,759,40,845.2,15,25,16809.62,24923.68,4,18,3,2,0.0592,3,0,1,1,0.264,0
ACC08601,662,12,1880.64,5,7,8413.08,12488.41,4,3,2,1,0.0836,4,0,0,0,0.5655,0
ACC08602,580,23,4744.36,8,15,35801.42,71863.33,2,12,1,1,0.0104,3,2,1,2,0.1472,0
ACC08603,1003,49,2667.47,22,27,76719.57,52664.55,6,9,4,2,0.0185,1,0,1,2,0.0956,0
ACC08604,568,53,8498.67,25,28,165010.22,303000.34,11,16,3,2,0.0222,0,1,5,1,0.5672,0
ACC08605,615,250,27001.54,183,67,5326430.94,1736869.99,158,45,16,112,0.1242,23,7,9,1,0.5882,1
ACC08606,1889,46,3044.48,19,27,55503.5,70481.99,2,4,1,3,0.0517,0,0,2,0,0.1918,0
ACC08607,689,37,797.71,17,20,17767.1,16542.33,3,16,2,2,0.0134,0,0,1,1,0.2119,0
ACC08608,51,130,30270.05,70,60,2465984.41,1668205.22,49,60,16,55,0.3821,26,3,5,4,0.7376,1
ACC08609,110,304,9937.34,170,134,1499778.67,1160715.89,113,123,23,126,0.3133,24,8,3,2,0.9264,1
ACC08610,1184,129,7299.26,58,71,545401.3,583009.18,34,50,1,4,0.0503,2,1,2,0,0.5744,0
ACC08611,127,164,7610.52,98,66,821120.57,598068.4,94,52,14,71,0.3906,21,6,4,2,0.9192,1
ACC08612,857,90,1634.75,54,36,110286.12,64783.44,19,16,1,2,0.0312,0,1,1,0,0.1049,0
ACC08613,975,10,3851.33,4,6,15782.14,17548.45,3,4,2,4,0.0527,0,1,3,2,0.6683,0
ACC08614,216,359,20005.99,281,78,5477298.95,1836975.5,217,78,17,122,0.4492,22,3,6,5,0.9553,1
ACC08615,1588,30,4571.01,12,18,50781.64,104603.75,2,15,0,2,0.0204,2,0,0,0,0.2998,0
ACC08616,603,22,6751.75,9,13,67566.29,81487.12,3,12,1,3,0.037,0,1,1,0,0.2457,0
ACC08617,1002,56,3447.43,26,30,105382.21,121414.47,17,24,2,3,0.0255,3,0,2,1,0.3648,0
ACC08618,883,36,5182.84,19,17,115740.44,63396.79,16,10,0,0,0.074,0,0,1,2,0.2889,0
ACC08619,755,55,3491.36,29,26,112799.04,66980.03,18,22,2,1,0.0122,1,0,1,0,0.2986,0
ACC08620,884,61,2517.22,36,25,93747.01,76587.63,8,14,3,4,0.0448,3,0,1,0,0.1291,0
ACC08621,1382,61,2460.85,30,31,83251.95,56550.04,18,11,1,1,0.0095,1,1,0,0,0.478,0
ACC08622,816,74,2605.25,47,27,103961.73,80314.55,13,12,1,2,0.0049,1,0,0,1,0.5326,0
ACC08623,456,26,941.6,14,12,17563.52,12531.42,5,6,1,1,0.0884,0,0,3,0,0.2131,0
ACC08624,95,106,28317.65,79,27,2014215.44,773672.15,53,27,16,34,0.4473,24,10,2,6,0.8502,1
ACC08625,848,29,956.13,12,17,8848.46,17840.33,2,7,2,3,0.0479,2,0,0,0,0.0736,0
ACC08626,581,22,2886.42,12,10,43290.48,31394.1,2,6,2,1,0.019,0,1,5,2,0.3415,0
ACC08627,1167,81,1561.39,38,43,73830.41,62600.93,20,16,2,2,0.0415,0,0,1,1,0.3655,0
ACC08628,1490,58,2269.82,34,24,93068.38,41178.65,13,13,3,2,0.0058,5,2,3,0,0.1447,0
ACC08629,1624,31,3174.33,16,15,39059.78,36088.19,5,8,3,0,0.0095,0,0,5,1,0.2618,0
ACC08630,448,57,814.29,30,27,24774.51,24542.66,12,10,2,2,0.139,3,2,0,0,0.2808,0
ACC08631,3091,79,2140.8,41,38,107672.52,72822.97,8,24,1,2,0.0453,2,1,0,0,0.0558,0
ACC08632,169,242,15564.65,170,72,3284401.0,1227155.04,166,71,13,102,0.1804,22,4,5,3,0.9481,1
ACC08633,2357,72,3264.21,45,27,162291.43,66583.97,11,12,3,4,0.0415,2,1,1,1,0.1695,0
ACC08634,649,39,11584.38,19,20,208777.37,221526.06,2,7,1,0,0.1003,2,0,2,2,0.1797,0
ACC08635,118,174,28504.81,97,77,3167274.3,1934502.32,83,77,8,75,0.3595,19,4,7,3,0.9004,1
ACC08636,489,23,1605.76,10,13,18781.44,23633.57,10,7,2,1,0.0901,0,0,0,1,0.2692,0
ACC08637,331,59,1142.08,27,32,33305.7,42154.58,14,16,3,3,0.111,1,0,0,0,0.0449,0
ACC08638,2725,57,1152.33,23,34,28254.2,37933.55,4,16,3,3,0.1849,3,0,6,0,0.0315,0
ACC08639,282,51,15432.92,27,24,416055.46,350922.63,19,15,2,1,0.0093,0,0,3,0,0.298,0
ACC08640,419,50,5495.5,29,21,197056.94,138037.91,20,15,4,2,0.0174,3,1,3,0,0.1484,0
ACC08641,112,330,17898.63,221,109,3461592.38,2186241.07,183,104,11,127,0.1849,26,7,7,2,0.8027,1
ACC08642,44,334,17452.95,229,105,4485215.24,2170141.69,193,105,16,132,0.3573,21,8,4,2,0.8117,1
ACC08643,223,529,5501.66,320,209,1752864.77,1024817.04,263,172,14,220,0.5633,16,7,6,2,0.9282,1
ACC08644,75,120,10201.12,80,40,1017132.36,417715.08,64,40,16,48,0.2958,29,7,3,4,0.8632,1
ACC08645,169,760,10259.16,541,219,5419270.76,2769544.22,459,196,19,297,0.2693,24,1,3,5,0.9299,1
ACC08646,350,288,13629.92,198,90,2930304.63,1359059.92,155,87,13,110,0.5268,26,2,5,1,0.823,1
ACC08647,645,51,2172.42,26,25,71974.92,59632.45,16,14,0,3,0.0182,2,1,2,0,0.5572,0
ACC08648,64,160,22398.99,115,45,2248794.63,1165419.96,115,34,16,57,0.2232,27,4,4,3,0.8327,1
ACC08649,1073,13,3908.12,8,5,26492.16,18815.86,2,2,2,2,0.0075,1,1,1,0,0.0582,0
ACC08650,1343,12,1424.35,5,7,7691.87,10477.43,3,7,3,1,0.0533,1,3,4,1,0.5581,0
ACC08651,28,511,17214.46,364,147,6264521.63,2771435.94,310,124,10,201,0.3661,16,6,10,4,0.9151,1
ACC08652,464,39,3681.79,22,17,75509.62,70281.91,5,9,1,3,0.0164,2,0,2,2,0.0714,0
ACC08653,1164,81,4515.47,39,42,220597.35,220163.3,15,27,2,3,0.0156,1,0,0,1,0.2229,0
ACC08654,835,77,1413.39,33,44,38519.86,48787.05,8,28,2,0,0.0656,2,0,1,0,0.0713,0
ACC08655,351,282,15415.34,169,113,3248350.26,1642410.21,153,81,8,91,0.2958,32,10,9,4,0.889,1
ACC08656,49,240,13448.68,174,66,2882717.61,995379.33,140,56,11,103,0.3443,19,3,1,4,0.95,1
ACC08657,482,35,2552.66,16,19,41483.26,44950.38,2,15,0,0,0.0275,2,0,1,2,0.0456,0
ACC08658,909,30,3167.16,12,18,46483.8,61989.69,2,8,3,3,0.0193,0,0,0,1,0.3001,0
ACC08659,456,74,2532.01,44,30,84346.48,93694.33,17,19,0,2,0.0624,4,0,0,1,0.2578,0
ACC08660,947,73,2121.48,29,44,77670.95,104514.53,29,28,1,5,0.0136,2,0,4,1,0.4851,0
ACC08661,787,40,2306.7,16,24,32422.34,69253.07,2,2,1,0,0.0236,0,0,1,1,0.3517,0
ACC08662,3099,42,2883.55,22,20,74441.2,50394.77,8,8,1,2,0.0496,3,1,0,0,0.3088,0
ACC08663,375,305,12220.84,182,123,1973375.87,1469431.11,131,123,10,117,0.3427,23,7,4,5,0.8524,1
ACC08664,1861,67,2532.49,39,28,93428.44,60795.46,20,18,2,0,0.1058,0,2,1,1,0.1931,0
ACC08665,58,500,13461.28,364,136,4476181.93,1591156.17,306,122,10,202,0.4037,19,5,2,6,0.6883,1
ACC08666,161,235,9143.08,137,98,1272909.14,855747.82,80,86,10,96,0.1927,20,7,2,4,0.897,1
ACC08667,72,131,4861.94,80,51,452857.66,264368.59,80,40,19,38,0.5493,21,9,7,1,0.9237,1
ACC08668,409,215,17580.35,151,64,2436246.11,1001689.88,134,51,10,74,0.6163,23,4,8,8,0.8145,1
ACC08669,638,53,10074.09,25,28,225706.37,284609.93,11,15,7,0,0.01,1,0,2,0,0.2139,0
ACC08670,259,390,8894.25,243,147,2001663.69,1616289.43,217,147,9,142,0.247,27,9,4,4,0.7779,1
ACC08671,784,49,3903.87,26,23,120529.85,102962.08,12,5,3,3,0.0265,1,0,2,1,0.2291,0
ACC08672,2121,37,6057.66,14,23,82876.14,101698.94,2,16,1,4,0.058,2,0,2,0,0.041,0
ACC08673,139,106,25264.29,83,23,2458636.0,509296.77,66,12,9,41,0.378,26,6,6,5,0.8016,1
ACC08674,749,62,4495.84,30,32,117169.38,177051.35,16,22,2,3,0.0461,1,0,1,0,0.122,0
ACC08675,760,21,609.83,8,13,5699.36,6464.8,8,10,1,2,0.0138,2,0,2,1,0.1952,0
ACC08676,88,238,4546.74,139,99,680370.07,511117.61,114,84,10,80,0.5962,26,6,2,6,0.9628,1
ACC08677,376,47,3677.46,21,26,89063.52,84229.4,21,15,3,3,0.0565,1,0,1,0,0.7686,0
ACC08678,18,147,35244.68,105,42,3480794.99,1401446.29,73,31,22,59,0.1906,24,6,2,4,0.8591,1
ACC08679,1539,61,2026.9,36,25,89922.27,37449.2,9,15,2,3,0.0453,2,0,1,0,0.1153,0
ACC08680,1386,20,5526.41,11,9,66568.89,52406.08,9,2,3,2,0.0378,2,3,1,0,0.1438,0
ACC08681,66,270,14201.07,143,127,2006024.51,1773132.22,143,127,17,109,0.4272,26,6,4,5,0.8431,1
ACC08682,706,44,8625.93,23,21,199298.54,188138.08,9,2,2,5,0.0239,1,0,1,0,0.3072,0
ACC08683,3778,78,1224.63,30,48,31021.75,65264.85,12,25,4,5,0.0625,0,1,0,3,0.1906,0
ACC08684,1597,21,2145.26,12,9,28688.77,16665.11,3,2,0,3,0.108,1,1,0,1,0.2025,0
ACC08685,1210,53,5296.46,33,20,202888.54,113218.29,12,2,4,1,0.0915,0,0,2,0,0.2912,0
ACC08686,2323,42,1698.13,20,22,30564.04,45641.18,2,11,2,3,0.0217,5,0,3,0,0.2795,0
ACC08687,868,16,2324.48,6,10,10956.08,16584.65,2,10,2,1,0.1002,0,0,1,0,0.2097,0
ACC08688,323,43,1161.42,18,25,17119.46,22193.8,2,9,1,0,0.0171,2,0,1,0,0.4208,0
ACC08689,108,170,24699.94,122,48,2952028.91,1384881.04,97,48,14,61,0.5305,23,11,2,3,0.8914,1
ACC08690,87,675,20389.33,499,176,10352349.68,3661193.93,413,161,13,266,0.4254,28,3,4,5,0.7601,1
ACC08691,134,447,6884.9,281,166,2125320.4,1073924.4,245,142,18,188,0.2761,22,8,3,4,0.8975,1
ACC08692,280,24,1400.76,10,14,12911.18,16946.46,6,12,2,2,0.027,1,1,1,2,0.3424,0
ACC08693,72,141,29467.55,77,64,2053425.91,2276479.92,67,54,13,55,0.3154,22,4,6,4,0.8746,1
ACC08694,119,302,8133.27,194,108,1533602.16,967741.88,176,89,8,121,0.2824,28,5,3,2,0.5431,1
ACC08695,89,529,18658.7,309,220,7133468.3,4991259.98,259,201,11,199,0.2901,30,4,7,5,0.8652,1
ACC08696,660,60,3148.31,27,33,99216.94,125290.49,6,20,2,1,0.0216,5,2,1,1,0.3761,0
ACC08697,703,54,2041.56,29,25,66253.25,58420.24,13,12,3,1,0.0775,1,0,2,0,0.2873,0
ACC08698,79,398,17206.15,301,97,6259226.04,1534270.08,242,75,8,150,0.4512,23,5,10,3,0.9165,1
ACC08699,1428,80,745.27,33,47,29980.97,42628.07,22,26,2,3,0.0198,1,0,1,0,0.2287,0
ACC08700,1476,61,940.03,39,22,29499.54,24460.18,9,17,4,0,0.1113,1,0,1,0,0.31,0
ACC08701,62,252,13347.57,176,76,2497014.89,1184350.76,164,76,13,89,0.5056,30,8,7,3,0.7885,1
ACC08702,113,189,20228.07,119,70,2417834.12,1766660.59,102,70,17,84,0.2416,28,3,7,3,0.9035,1
ACC08703,409,34,2126.27,14,20,35657.4,40551.03,2,11,2,0,0.0259,1,0,1,1,0.4845,0
ACC08704,970,43,5119.66,27,16,145531.38,71850.75,14,13,3,1,0.014,3,0,1,0,0.2835,0
ACC08705,93,98,10033.7,51,47,600203.79,422006.38,51,35,9,27,0.168,24,6,0,2,0.7807,1
ACC08706,763,42,2305.6,17,25,38729.11,69107.45,11,9,1,4,0.0158,2,1,3,1,0.5438,0
ACC08707,1347,13,1934.27,6,7,11705.09,15391.8,2,2,2,2,0.0376,2,0,2,1,0.4097,0
ACC08708,1115,31,2755.48,17,14,62114.08,47886.76,2,14,3,2,0.0483,0,1,1,0,0.3553,0
ACC08709,902,54,1131.93,30,24,31586.07,33830.17,14,15,2,4,0.0855,3,0,2,0,0.2559,0
ACC08710,352,40,1006.53,18,22,21015.79,24148.46,6,10,7,3,0.0477,2,0,2,0,0.1435,0
ACC08711,208,529,9852.99,377,152,3949213.37,1308262.73,329,115,16,221,0.2942,29,8,4,9,0.7605,1
ACC08712,760,53,1169.09,20,33,25408.37,44820.51,7,15,3,1,0.0712,0,0,2,1,0.3718,0
ACC08713,413,31,4923.37,10,21,42893.26,131450.22,2,10,0,2,0.1231,2,0,2,1,0.2181,0
ACC08714,418,42,2614.15,16,26,51750.47,55656.18,2,14,4,1,0.1044,2,1,0,0,0.3821,0
ACC08715,431,47,864.32,28,19,31971.99,14882.19,2,12,0,2,0.0864,2,1,1,1,0.2458,0
ACC08716,281,241,17422.2,134,107,2559971.84,1992742.22,129,100,20,70,0.3128,24,6,3,2,0.7825,1
ACC08717,136,278,18229.93,165,113,3714458.67,2441363.51,131,107,12,98,0.2416,17,7,5,4,0.9003,1
ACC08718,241,204,6709.68,123,81,986739.85,472137.06,78,75,13,74,0.403,37,1,3,3,0.5819,1
ACC08719,1170,16,1521.21,9,7,15356.83,9171.42,2,4,1,1,0.0044,1,0,1,0,0.4444,0
ACC08720,801,58,1483.35,28,30,49045.83,42146.71,12,19,1,1,0.0708,1,0,2,0,0.0814,0
ACC08721,792,76,803.26,45,31,37383.46,28127.14,14,16,3,2,0.0527,2,0,0,0,0.2221,0
ACC08722,226,217,17440.13,114,103,1997146.34,1597047.8,102,102,16,83,0.2512,22,3,4,6,0.8262,1
ACC08723,1092,57,2051.67,23,34,55607.81,88493.3,14,22,2,1,0.0422,3,3,0,0,0.0896,0
ACC08724,757,147,1323.86,86,61,110640.53,56885.1,45,39,1,4,0.0684,0,0,0,1,0.1209,0
ACC08725,1258,161,5929.14,88,73,458313.03,517299.3,41,39,1,3,0.0938,1,0,1,2,0.119,0
ACC08726,1062,19,1336.67,9,10,10608.8,16550.57,2,7,3,4,0.0306,1,1,2,0,0.2159,0
ACC08727,1484,35,2976.12,17,18,42743.38,52563.3,7,18,4,4,0.1232,4,0,2,0,0.1349,0
ACC08728,1339,22,3175.28,7,15,24318.16,48277.35,5,11,4,0,0.0557,2,0,0,0,0.3957,0
ACC08729,631,48,1179.03,21,27,24537.26,37651.68,5,21,0,2,0.0097,2,1,2,0,0.2174,0
ACC08730,1110,13,1462.01,6,7,7341.44,7831.76,5,2,1,0,0.014,0,0,1,1,0.4157,0
ACC08731,1788,67,1181.34,30,37,41116.01,31046.91,15,20,3,5,0.0205,3,0,3,0,0.1779,0
ACC08732,1797,34,2284.61,21,13,41082.97,32166.49,2,7,3,2,0.0594,0,0,1,1,0.2449,0
ACC08733,391,69,1745.15,40,29,69214.96,56464.84,14,18,0,1,0.1065,2,1,1,0,0.3535,0
ACC08734,1022,101,2582.29,59,42,156628.39,135746.23,26,18,2,2,0.0642,3,1,1,1,0.2409,0
ACC08735,882,24,1960.05,12,12,30020.13,30392.75,10,11,2,1,0.01,2,0,1,2,0.2683,0
ACC08736,505,30,14178.88,11,19,181145.16,327709.73,2,3,0,3,0.064,1,0,0,0,0.3157,0
ACC08737,276,292,35431.39,157,135,4910275.57,5650304.18,141,112,9,109,0.4136,17,2,3,6,0.8187,1
ACC08738,47,107,7811.73,83,24,710511.28,164794.79,63,24,12,40,0.2456,20,4,4,1,0.9904,1
ACC08739,1471,119,6197.39,59,60,275201.37,344534.01,38,35,4,3,0.0907,1,2,0,0,0.1539,0
ACC08740,703,41,1705.52,25,16,33819.02,26732.8,13,15,2,1,0.0163,1,0,0,2,0.4168,0
ACC08741,290,24,7093.91,13,11,83232.26,82569.27,5,4,1,3,0.0283,2,0,3,0,0.2643,0
ACC08742,237,799,9672.46,485,314,4699774.77,2590310.82,399,277,17,280,0.2,28,2,2,4,0.7314,1
ACC08743,2166,60,3064.71,29,31,78197.55,119229.47,17,17,3,2,0.0341,1,0,3,0,0.3093,0
ACC08744,677,115,1584.69,57,58,84839.63,118633.7,21,27,4,4,0.0602,1,0,3,0,0.2459,0
ACC08745,92,191,7198.45,111,80,724073.59,676754.41,89,80,15,70,0.6329,22,4,7,3,0.8861,1
ACC08746,460,55,1393.55,34,21,62866.94,30650.77,17,16,1,4,0.0293,0,0,0,0,0.1383,0
ACC08747,34,62,13408.03,33,29,467577.01,482624.58,30,17,18,25,0.3055,25,6,5,4,0.912,1
ACC08748,593,16,1575.14,6,10,7777.05,15872.96,4,4,2,2,0.0324,4,2,2,3,0.366,0
ACC08749,13,203,20119.86,111,92,2772468.81,1621703.07,101,92,12,77,0.3114,31,4,4,4,0.6663,1
ACC08750,1840,122,1678.37,56,66,78579.14,106301.36,29,28,0,1,0.1156,3,1,0,0,0.2387,0
ACC08751,454,29,3466.15,14,15,37682.82,66062.07,14,10,1,2,0.0362,1,0,3,0,0.2697,0
ACC08752,332,194,5368.01,113,81,605253.38,539802.44,98,68,16,64,0.3185,22,5,4,6,0.9648,1
ACC08753,78,275,20170.94,145,130,2900306.61,2811132.35,129,123,13,96,0.2117,27,5,7,3,0.8568,1
ACC08754,850,10,613.67,3,7,2177.91,3776.53,2,7,0,3,0.0531,2,1,2,2,0.2533,0
ACC08755,1949,27,1102.69,12,15,16296.32,12774.14,4,15,1,2,0.0369,0,2,0,1,0.0759,0
ACC08756,701,41,764.33,21,20,19888.88,19688.81,12,9,0,3,0.078,1,2,0,0,0.0855,0
ACC08757,1461,79,1838.24,38,41,64513.01,86974.07,24,11,1,2,0.0312,1,1,1,0,0.311,0
ACC08758,148,512,19807.76,333,179,7588650.34,3250269.15,288,157,16,193,0.4878,24,3,6,5,0.906,1
ACC08759,2506,30,954.81,15,15,13708.38,12821.54,8,12,6,2,0.1066,0,0,1,1,0.5924,0
ACC08760,54,329,31948.47,188,141,7110951.64,3857096.43,173,135,16,121,0.2309,20,5,8,4,0.9321,1
ACC08761,1103,22,610.74,13,9,9605.56,7132.31,9,5,0,0,0.0617,0,1,2,0,0.3802,0
ACC08762,77,150,35001.21,118,32,4589132.34,1133837.8,116,32,15,53,0.4539,23,4,5,1,0.7907,1
ACC08763,652,63,1401.86,33,30,43002.23,37709.41,23,20,5,3,0.0086,1,0,1,0,0.3452,0
ACC08764,217,56,5058.38,30,26,123178.29,125805.95,6,17,1,0,0.0521,3,1,1,0,0.3548,0
ACC08765,1375,67,1711.93,38,29,83294.27,41898.55,14,15,1,1,0.0457,3,1,2,0,0.3386,0
ACC08766,129,411,6633.15,328,83,1907319.99,524976.37,278,77,18,154,0.5481,33,9,5,4,0.9823,1
ACC08767,44,158,5183.98,125,33,807307.6,147894.77,87,30,10,70,0.2319,26,8,5,1,0.6972,1
ACC08768,1908,220,1105.33,118,102,106087.62,144211.2,41,49,2,2,0.0423,2,1,1,0,0.3438,0
ACC08769,1321,57,7660.04,20,37,138911.31,361113.19,6,23,2,1,0.0676,3,3,1,1,0.3857,0
ACC08770,275,24,2327.42,11,13,29292.46,31233.37,8,13,1,4,0.0928,2,0,2,0,0.1745,0
ACC08771,1516,108,3758.02,47,61,160815.12,250833.59,12,21,3,1,0.1121,0,1,4,1,0.0753,0
ACC08772,186,237,6564.16,168,69,1069722.9,549288.73,142,69,17,98,0.2779,28,7,7,1,0.8658,1
ACC08773,1240,72,4836.19,37,35,226899.41,208471.81,26,19,3,1,0.0371,3,1,3,0,0.4107,0
ACC08774,2258,62,4842.5,23,39,105055.69,167905.73,14,19,2,2,0.0622,3,1,0,0,0.3724,0
ACC08775,1773,24,1486.25,14,10,24565.45,12884.07,2,10,5,1,0.0293,0,0,1,0,0.3346,0
ACC08776,133,131,10101.13,86,45,747918.3,396489.09,62,45,18,42,0.5545,19,5,2,7,0.7101,1
ACC08777,373,46,1892.19,28,18,55520.69,35022.79,20,4,4,3,0.1347,1,1,1,1,0.496,0
ACC08778,1456,50,1598.78,30,20,45923.7,22913.09,15,13,3,2,0.0609,1,0,1,0,0.5271,0
ACC08779,299,38,3331.27,18,20,67513.46,70923.83,4,14,3,1,0.0534,1,0,1,1,0.3165,0
ACC08780,58,468,18322.52,262,206,5021642.46,4576748.12,229,173,11,180,0.2362,26,6,4,4,0.7503,1
ACC08781,3896,50,3466.75,19,31,73095.16,89495.24,6,22,3,0,0.0767,1,0,1,0,0.3596,0
ACC08782,84,250,18078.95,158,92,3458219.27,1574640.93,158,72,10,91,0.3772,19,10,4,3,0.9943,1
ACC08783,162,450,8863.15,277,173,3045373.95,1792694.51,223,173,17,179,0.362,28,3,3,6,0.7974,1
ACC08784,649,40,2353.98,21,19,46795.27,52068.05,12,12,1,0,0.1434,2,3,0,0,0.4258,0
ACC08785,1078,98,8688.96,41,57,477313.71,574702.49,16,28,2,2,0.189,1,2,1,0,0.234,0
ACC08786,210,61,14905.83,37,24,671899.01,436780.52,35,16,11,29,0.3193,28,5,7,4,0.9221,1
ACC08787,2579,24,2165.72,9,15,14888.6,25950.2,2,10,2,4,0.0682,5,0,2,1,0.28,0
ACC08788,1802,34,2600.72,13,21,27272.45,45629.31,3,15,3,1,0.0293,0,0,1,0,0.2355,0
ACC08789,691,23,1281.25,10,13,16300.07,18190.81,6,13,1,1,0.0435,3,0,1,1,0.2678,0
ACC08790,73,233,19281.31,160,73,2689826.91,1404221.77,128,60,17,86,0.2866,34,7,2,3,0.8388,1
ACC08791,397,45,4591.06,26,19,153592.46,78388.69,6,8,0,3,0.0195,0,3,2,1,0.1531,0
ACC08792,1577,21,3807.82,7,14,31316.56,41748.97,7,7,4,1,0.0222,2,1,0,0,0.2029,0
ACC08793,39,314,11871.44,219,95,3182517.99,1036544.85,188,90,17,123,0.2802,22,6,2,4,0.5727,1
ACC08794,420,30,2548.95,16,14,49245.21,36017.44,4,13,1,1,0.0778,1,1,2,1,0.3752,0
ACC08795,58,218,22473.07,162,56,4497368.15,1436780.61,137,40,12,80,0.2217,17,7,3,6,0.9351,1
ACC08796,860,88,805.34,55,33,55803.17,31805.96,25,16,2,1,0.1115,1,1,2,1,0.3535,0
ACC08797,1077,71,3958.21,29,42,134616.84,143037.84,18,14,2,1,0.0364,0,0,0,0,0.1733,0
ACC08798,103,256,11053.59,155,101,1757325.42,1265880.2,155,82,13,105,0.3469,17,5,5,1,0.954,1
ACC08799,584,41,1072.57,18,23,24505.27,20535.64,18,14,2,1,0.0443,2,1,3,0,0.2943,0
ACC08800,842,53,3254.35,19,34,50764.37,81197.84,10,12,5,2,0.0173,2,2,2,1,0.1501,0
ACC08801,923,54,7006.07,23,31,152199.61,155094.94,15,18,0,1,0.0608,0,1,1,0,0.0367,0
ACC08802,778,37,3324.93,16,21,61383.52,64185.92,7,12,2,3,0.0664,3,0,1,0,0.3468,0
ACC08803,681,36,1443.29,23,13,35946.1,16147.75,12,6,1,3,0.1177,0,0,0,0,0.0618,0
ACC08804,247,223,16047.02,125,98,1866788.83,1897486.88,94,87,11,90,0.4469,33,8,6,10,0.9085,1
ACC08805,1811,58,937.63,35,23,26785.73,20818.97,26,20,1,1,0.0249,2,0,2,1,0.1264,0
ACC08806,1893,22,2989.79,8,14,27638.07,35873.41,5,5,2,5,0.0263,2,0,2,0,0.4252,0
ACC08807,101,156,23344.83,120,36,3216694.09,888984.71,117,36,12,52,0.4684,27,6,8,3,0.751,1
ACC08808,1684,68,3369.45,30,38,117515.44,111943.74,8,19,0,1,0.1181,1,2,3,0,0.1608,0
ACC08809,1695,89,4801.47,37,52,172486.51,236768.25,16,35,1,2,0.0751,3,1,0,0,0.1484,0
ACC08810,1005,27,3484.64,15,12,48106.07,42781.79,7,2,0,2,0.0353,2,0,4,1,0.2712,0
ACC08811,35,112,20861.59,61,51,1373605.93,1133458.26,30,46,10,38,0.4575,24,4,6,1,0.8723,1
ACC08812,5000,28,2733.31,10,18,27721.22,45103.58,2,4,0,5,0.0625,3,0,1,0,0.1943,0
ACC08813,799,37,2949.8,18,19,49968.7,57762.15,4,15,1,1,0.1204,2,0,1,0,0.2363,0
ACC08814,2013,109,3770.42,42,67,195908.0,314341.85,15,41,3,0,0.0195,1,0,0,2,0.193,0
ACC08815,423,44,2049.48,20,24,49026.7,60332.71,8,8,2,1,0.0419,0,0,1,0,0.0317,0
ACC08816,1325,24,2386.52,13,11,28795.45,21294.83,7,2,1,2,0.0323,1,1,2,1,0.3891,0
ACC08817,779,42,1863.19,19,23,33151.98,38369.41,13,16,2,4,0.0263,0,0,1,1,0.3334,0
ACC08818,1644,73,6017.6,42,31,255816.55,176828.85,11,11,0,2,0.0313,0,0,3,2,0.5346,0
ACC08819,3728,46,2535.67,16,30,45025.66,54389.45,3,23,1,1,0.1148,0,1,0,0,0.6335,0
ACC08820,161,192,8447.85,139,53,1445404.2,476744.04,124,29,21,72,0.3851,22,6,10,5,0.7588,1
ACC08821,494,93,1973.09,48,45,124113.82,78715.83,16,26,2,1,0.1141,1,1,1,0,0.2599,0
ACC08822,1823,20,1042.77,11,9,15301.2,9280.84,11,2,1,0,0.154,2,0,2,1,0.2456,0
ACC08823,78,158,15383.75,81,77,1319317.14,1023936.43,72,72,13,64,0.5142,19,6,4,9,0.9452,1
ACC08824,1211,75,1849.04,45,30,94728.43,69864.51,22,16,2,3,0.0498,1,0,0,1,0.3289,0
ACC08825,457,37,3093.25,21,16,85671.95,42875.02,13,3,2,4,0.1199,0,0,1,0,0.2068,0
ACC08826,188,362,18879.72,222,140,4267930.32,2441758.93,187,95,13,143,0.4901,20,2,5,3,0.693,1
ACC08827,501,565,11368.13,375,190,3732476.69,2111959.93,332,165,16,225,0.3695,27,7,6,2,0.8193,1
ACC08828,344,229,12206.68,157,72,2290295.34,1006501.75,131,64,16,83,0.3268,21,6,6,6,0.9405,1
ACC08829,648,48,2925.12,23,25,77428.59,90886.96,6,8,1,2,0.0285,1,0,0,0,0.1998,0
ACC08830,267,85,1926.1,54,31,90508.7,58098.08,21,9,4,2,0.0961,3,0,2,0,0.2494,0
ACC08831,510,26,4655.14,11,15,51602.68,87083.12,6,15,1,1,0.0413,1,0,2,0,0.2309,0
ACC08832,79,132,8251.62,89,43,865798.93,302368.04,88,43,20,51,0.334,25,4,4,3,0.9373,1
ACC08833,43,373,10037.26,230,143,2139616.3,1235774.68,181,113,11,155,0.4196,24,6,3,4,0.6556,1
ACC08834,2203,32,2001.3,20,12,30419.54,18265.97,2,11,2,0,0.0321,3,0,2,2,0.1388,0
ACC08835,278,395,9353.47,264,131,2524386.08,1397483.67,237,117,14,134,0.3654,29,6,3,10,0.8392,1
ACC08836,1686,66,3192.18,35,31,84452.97,125674.84,10,23,0,1,0.0847,0,0,1,0,0.1936,0
ACC08837,1468,33,3285.91,12,21,46952.54,76840.4,5,9,3,2,0.0274,3,0,1,2,0.2572,0
ACC08838,1103,98,596.03,57,41,40566.62,28928.21,23,20,3,1,0.0431,3,1,2,1,0.3134,0
ACC08839,637,69,2330.85,33,36,76496.71,64020.97,15,16,1,2,0.0097,0,1,0,0,0.0949,0
ACC08840,1313,64,4593.97,33,31,193074.43,132213.04,15,13,3,1,0.076,0,1,1,2,0.2612,0
ACC08841,849,47,2900.12,17,30,58549.93,88602.68,12,18,2,1,0.0132,2,0,2,1,0.2611,0
ACC08842,1179,47,1650.55,25,22,50905.33,33572.99,18,15,1,2,0.0254,0,0,1,0,0.4383,0
ACC08843,174,417,8318.27,293,124,2764046.88,983868.32,255,104,15,162,0.4168,26,5,5,2,0.6918,1
ACC08844,616,63,16392.3,44,19,771850.96,272886.74,44,19,11,23,0.5448,27,2,5,5,0.9245,1
ACC08845,71,390,13238.06,297,93,4853126.23,1437087.74,274,80,13,162,0.5045,26,4,3,6,0.8421,1
ACC08846,396,494,21913.75,366,128,8506134.3,2757773.1,313,128,14,180,0.2646,20,6,5,6,0.7673,1
ACC08847,160,153,6644.1,79,74,591724.39,528602.63,79,67,13,60,0.4366,25,6,3,8,0.7612,1
ACC08848,1009,123,1883.84,78,45,196096.51,103795.34,36,23,2,3,0.0461,0,0,3,1,0.314,0
ACC08849,2169,41,1565.67,17,24,32188.8,29273.48,9,5,6,2,0.0402,1,0,0,2,0.1752,0
ACC08850,632,21,973.01,8,13,6123.35,11379.16,5,8,3,2,0.1152,3,1,3,1,0.2483,0
ACC08851,123,150,12519.01,101,49,1449548.99,668791.11,49,38,17,66,0.294,25,6,7,3,0.8878,1
ACC08852,89,1172,10065.52,730,442,6742365.53,4184651.87,605,400,10,463,0.2418,20,5,1,2,0.8287,1
ACC08853,450,50,1175.28,24,26,31051.56,30936.87,14,15,1,1,0.0396,3,0,1,0,0.3027,0
ACC08854,45,319,13216.05,242,77,2838397.43,1135509.84,198,68,14,117,0.3999,23,7,4,5,0.8455,1
ACC08855,1829,30,1474.93,12,18,18830.05,32721.8,9,10,3,1,0.0633,0,1,2,1,0.278,0
ACC08856,568,51,868.95,21,30,19021.0,21968.07,4,10,3,0,0.0586,2,1,1,1,0.0598,0
ACC08857,831,21,1609.7,8,13,11773.49,17372.33,8,7,2,5,0.0926,2,0,1,0,0.4245,0
ACC08858,1470,20,1557.56,9,11,18656.15,17639.63,2,11,0,0,0.0308,1,1,2,0,0.3717,0
ACC08859,469,35,1870.82,12,23,30295.58,53911.38,3,11,1,4,0.0331,2,0,2,0,0.1828,0
ACC08860,118,153,9733.73,80,73,865553.68,695928.84,67,55,11,50,0.223,29,4,6,1,0.9542,1
ACC08861,1827,32,1558.68,11,21,21481.63,29135.95,11,13,2,2,0.0147,4,2,4,0,0.1241,0
ACC08862,350,14,2462.83,5,9,16375.21,19951.59,2,2,4,3,0.0206,2,0,2,0,0.2498,0
ACC08863,1601,65,1341.54,28,37,47069.77,43141.74,11,23,4,3,0.0511,1,1,1,0,0.5156,0
ACC08864,139,343,10108.05,199,144,2169295.68,1735265.67,168,122,10,114,0.3562,22,5,3,4,0.6164,1
ACC08865,383,132,8646.75,80,52,614666.52,540936.52,52,27,16,51,0.5226,31,6,6,5,0.9263,1
ACC08866,208,74,2828.07,34,40,90983.91,86134.33,14,17,1,2,0.0177,1,0,1,1,0.1792,0
ACC08867,262,37,1473.76,14,23,18832.15,40038.92,2,12,3,1,0.0289,1,1,1,0,0.2847,0
ACC08868,297,204,6869.18,149,55,885314.63,396072.62,120,35,11,92,0.3044,12,5,5,5,0.7938,1
ACC08869,46,176,19033.35,113,63,2277322.78,1387821.24,86,44,10,73,0.2786,38,7,5,4,0.9172,1
ACC08870,1394,55,1046.78,20,35,17988.51,43091.15,6,21,2,0,0.0655,2,1,0,0,0.0649,0
ACC08871,284,844,13104.39,578,266,8650860.1,3813574.7,486,254,11,306,0.3983,29,4,6,4,0.9961,1
ACC08872,380,32,2441.6,12,20,36147.37,60316.58,12,19,3,1,0.0656,2,0,0,0,0.3006,0
ACC08873,94,153,31179.13,83,70,2562636.05,2514462.73,74,36,15,53,0.468,18,8,5,2,0.902,1
ACC08874,157,521,14075.46,271,250,4454554.46,3844162.25,248,212,16,179,0.509,24,9,7,3,0.6656,1
ACC08875,1052,48,4742.58,30,18,189922.76,79712.37,2,4,1,2,0.0476,2,1,1,0,0.1644,0
ACC08876,1109,24,1462.39,13,11,25253.55,18736.0,6,2,1,1,0.1037,1,0,2,2,0.0903,0
ACC08877,290,209,8444.97,157,52,1540886.59,462163.74,135,42,11,72,0.406,20,4,4,5,0.7633,1
ACC08878,348,223,5644.89,166,57,815413.84,291503.27,128,57,14,92,0.4466,19,8,1,2,0.6306,1
ACC08879,235,34,4863.28,14,20,63308.21,124602.0,9,3,3,3,0.0055,2,0,2,1,0.3923,0
ACC08880,581,39,2490.45,24,15,49609.37,33697.61,7,11,3,1,0.0705,0,0,0,1,0.2597,0
ACC08881,616,94,4699.0,45,49,176192.56,259924.55,23,25,2,3,0.029,2,0,0,2,0.4466,0
ACC08882,833,31,3017.39,15,16,43446.16,54267.5,6,15,1,3,0.0984,0,0,2,0,0.3842,0
ACC08883,500,59,1015.26,33,26,44553.06,30242.71,17,16,3,1,0.011,0,1,1,0,0.4147,0
ACC08884,636,76,1521.16,30,46,53488.08,70274.64,22,21,3,2,0.0526,0,1,2,1,0.3452,0
ACC08885,3063,39,5664.87,20,19,152497.62,135149.62,2,8,0,3,0.051,4,0,0,3,0.5656,0
ACC08886,62,351,19453.63,259,92,4330203.72,1724108.05,214,92,15,134,0.2566,26,8,8,3,0.45,1
ACC08887,243,113,23167.93,72,41,1478812.73,968285.24,60,37,16,38,0.3746,22,5,5,5,0.7182,1
ACC08888,505,23,4005.57,13,10,67858.55,36483.09,2,2,3,2,0.0873,1,0,0,1,0.3342,0
ACC08889,1436,89,1809.39,34,55,81452.34,77913.41,16,25,1,0,0.0341,3,0,1,1,0.3498,0
ACC08890,973,39,7023.8,16,23,107675.9,132618.59,5,17,3,3,0.0462,3,1,1,1,0.1928,0
ACC08891,290,32,833.79,18,14,12390.73,8852.61,2,3,2,0,0.0214,0,0,1,1,0.2106,0
ACC08892,895,80,1879.01,33,47,73277.89,72322.41,8,32,0,3,0.037,2,0,0,1,0.4399,0
ACC08893,685,49,3076.82,20,29,63718.47,93234.49,11,13,3,4,0.0215,2,0,1,0,0.5953,0
ACC08894,149,361,13180.94,210,151,3179892.32,1841741.31,187,150,15,139,0.5534,24,7,4,6,0.8978,1
ACC08895,1331,40,3520.9,21,19,57041.76,60879.85,2,14,1,2,0.0263,3,0,1,0,0.1461,0
ACC08896,944,40,1397.66,14,26,17594.42,26182.6,7,3,0,1,0.0956,1,0,0,0,0.217,0
ACC08897,1259,57,2580.01,21,36,42693.22,102618.7,2,18,4,4,0.0359,1,2,2,2,0.0518,0
ACC08898,89,232,43200.44,183,49,8404851.95,2561256.4,161,49,13,103,0.2949,26,7,5,3,0.8973,1
ACC08899,627,16,2133.51,8,8,15469.11,15351.5,2,5,4,2,0.0436,0,1,0,1,0.1109,0
ACC08900,1799,128,2433.48,61,67,178842.76,162222.46,27,33,0,2,0.0349,4,0,0,0,0.3978,0
ACC08901,1177,9,1774.92,5,4,6873.55,8665.99,5,4,5,1,0.0272,1,0,2,0,0.2269,0
ACC08902,435,1055,3879.8,672,383,3162503.41,1720537.52,542,366,18,408,0.3687,15,9,3,2,0.7918,1
ACC08903,666,201,18930.86,134,67,2417636.91,1316574.48,88,59,12,81,0.3586,27,2,8,4,0.9048,1
ACC08904,1228,37,10560.7,15,22,204955.32,187607.44,2,10,1,3,0.0434,2,0,3,1,0.0842,0
ACC08905,1220,53,2944.63,31,22,81258.75,58531.64,15,9,1,1,0.0367,1,0,1,1,0.345,0
ACC08906,305,64,808.12,23,41,17449.48,23424.77,6,19,2,2,0.0565,2,0,0,2,0.3249,0
ACC08907,1691,94,11300.54,34,60,509584.2,807482.19,11,37,0,2,0.0217,2,0,0,1,0.1311,0
ACC08908,219,58,1249.3,22,36,36190.38,56816.78,9,16,0,2,0.0573,1,0,0,0,0.5244,0
ACC08909,84,236,8606.15,158,78,1201351.24,694847.25,136,58,22,96,0.404,23,5,7,7,0.9176,1
ACC08910,894,54,2420.71,20,34,54832.18,102464.03,7,16,3,5,0.0267,1,1,1,2,0.3034,0
ACC08911,857,51,3811.27,31,20,112943.48,70890.99,17,18,1,1,0.0495,0,1,0,1,0.4582,0
ACC08912,1312,56,2560.49,27,29,83961.83,70299.86,2,16,1,0,0.0931,3,1,1,0,0.4939,0
ACC08913,1199,26,5682.14,16,10,108923.34,64411.43,16,3,1,0,0.0516,0,1,0,2,0.3037,0
ACC08914,1685,28,2289.79,13,15,31226.5,28437.39,9,2,4,1,0.023,2,1,1,0,0.2727,0
ACC08915,251,30,2402.39,18,12,56833.63,29989.82,6,2,2,4,0.0136,2,1,1,0,0.1654,0
ACC08916,257,125,20653.29,64,61,1526225.23,1390540.06,50,53,10,56,0.4365,30,9,2,4,0.8731,1
ACC08917,26,106,19539.89,82,24,1559050.88,507044.86,63,7,16,33,0.5148,25,7,8,3,0.9328,1
ACC08918,77,203,15875.2,148,55,2097506.59,861710.98,129,55,16,78,0.4833,26,7,11,7,0.9851,1
ACC08919,55,274,8570.31,197,77,2081867.61,601757.77,193,73,19,95,0.3863,26,8,5,2,0.7119,1
ACC08920,300,40,2800.1,14,26,48241.12,53086.49,2,17,4,1,0.0964,1,0,1,0,0.048,0
ACC08921,844,53,2724.77,26,27,62962.64,91696.93,7,7,1,2,0.0071,5,0,1,0,0.2945,0
ACC08922,166,51,2614.52,29,22,57241.58,69811.86,14,9,3,1,0.1041,0,1,1,1,0.2516,0
ACC08923,696,85,2468.39,33,52,95306.2,160581.05,13,28,1,1,0.0326,0,0,2,1,0.2768,0
ACC08924,109,235,13936.06,134,101,2243569.66,1324791.83,118,77,16,83,0.3247,20,8,4,6,0.6574,1
ACC08925,364,155,837.15,75,80,75035.57,58957.05,36,44,3,1,0.1014,1,0,2,2,0.2849,0
ACC08926,2542,7,1567.62,3,4,3848.8,6345.09,2,2,3,1,0.0433,2,1,0,0,0.3632,0
ACC08927,627,26,2547.62,13,13,42840.02,35232.51,2,10,2,4,0.0288,1,2,1,1,0.1003,0
ACC08928,242,118,2694.47,68,50,219378.52,164000.88,34,29,5,1,0.0911,3,0,0,0,0.2644,0
ACC08929,345,34,2056.34,18,16,38241.14,37378.63,7,6,2,3,0.116,0,1,1,2,0.2582,0
ACC08930,133,167,14697.49,127,40,2027769.43,506618.98,111,13,19,60,0.6857,24,7,10,8,0.9092,1
ACC08931,366,44,4149.52,24,20,106810.53,91078.7,15,11,2,2,0.0233,2,0,3,0,0.1004,0
ACC08932,2450,25,489.82,9,16,5706.6,9291.05,5,11,4,0,0.1288,0,0,0,1,0.0828,0
ACC08933,1741,47,2002.37,22,25,35459.91,36296.52,21,3,1,2,0.0814,1,2,0,0,0.2304,0
ACC08934,1371,17,512.67,6,11,2642.24,6928.38,4,2,3,1,0.0648,1,0,0,0,0.4393,0
ACC08935,636,26,1464.77,14,12,25927.59,19293.92,8,11,0,3,0.0554,0,1,1,3,0.2272,0
ACC08936,325,54,5439.85,22,32,152558.87,139475.06,5,5,2,3,0.0144,1,0,2,2,0.2487,0
ACC08937,1120,112,5154.82,46,66,184561.95,320143.73,14,29,2,5,0.0676,0,1,2,1,0.5993,0
ACC08938,1137,28,4999.31,11,17,43195.64,110195.47,2,14,2,3,0.0831,1,0,2,0,0.4424,0
ACC08939,397,271,10789.46,149,122,1371271.38,1191191.71,108,120,12,121,0.1968,24,9,8,5,0.8338,1
ACC08940,480,44,4997.6,25,19,154446.22,77625.53,10,16,2,3,0.0509,1,1,1,1,0.2868,0
ACC08941,115,162,19541.66,114,48,1997921.68,836005.39,97,48,19,59,0.5441,19,2,4,5,0.919,1
ACC08942,527,73,1640.88,37,36,64867.33,53589.53,14,8,0,2,0.1429,5,0,2,3,0.4325,0
ACC08943,152,394,27006.22,218,176,5403783.71,5423225.35,186,158,13,155,0.4959,25,6,5,4,0.9448,1
ACC08944,1178,65,1950.03,29,36,70505.3,79450.89,5,14,2,5,0.0646,2,1,3,1,0.2076,0
ACC08945,487,72,3665.17,29,43,138811.53,173138.29,14,20,3,2,0.0542,1,0,3,2,0.2027,0
ACC08946,45,339,13092.03,180,159,2404115.12,2181553.37,153,130,10,140,0.287,18,3,6,3,0.7351,1
ACC08947,293,19,3891.23,11,8,49170.85,24644.1,11,6,3,3,0.0163,1,1,1,0,0.0288,0
ACC08948,733,113,1631.65,62,51,130749.68,99247.57,31,35,0,2,0.05,1,1,2,3,0.1392,0
ACC08949,1221,40,2140.94,17,23,45054.09,34908.88,2,22,8,5,0.0424,0,1,1,0,0.357,0
ACC08950,637,62,2976.13,35,27,81724.14,61080.4,21,13,3,2,0.0565,0,2,0,1,0.3971,0
ACC08951,1355,91,1687.98,57,34,95234.12,44311.44,27,18,1,1,0.0921,1,1,3,1,0.2372,0
ACC08952,2017,34,2013.6,20,14,48947.18,21968.7,7,14,3,1,0.0239,3,0,2,3,0.3786,0
ACC08953,942,103,2207.17,41,62,77436.5,118633.96,12,28,1,1,0.1251,2,0,0,0,0.3662,0
ACC08954,1802,63,5078.59,27,36,176769.67,131355.39,16,22,4,1,0.0144,2,0,0,2,0.0868,0
ACC08955,1976,93,5704.58,40,53,300148.42,372468.09,16,33,3,2,0.0724,0,0,0,2,0.3103,0
ACC08956,579,78,5924.45,33,45,258319.44,242639.4,10,17,1,4,0.0089,1,0,0,1,0.3586,0
ACC08957,127,187,15976.75,128,59,2100383.51,842784.63,128,58,13,68,0.4249,25,7,4,2,0.8655,1
ACC08958,2672,55,2542.14,35,20,87721.6,49348.1,9,9,1,1,0.0592,3,0,0,0,0.5248,0
ACC08959,1387,31,3483.23,11,20,49213.58,64775.94,8,9,1,0,0.0704,1,2,1,0,0.1852,0
ACC08960,2250,52,3330.2,24,28,99588.97,67841.05,12,18,1,0,0.0163,1,1,3,2,0.4047,0
ACC08961,118,466,18885.45,346,120,7902806.71,2221480.11,313,91,9,181,0.3487,19,4,8,7,0.9445,1
ACC08962,31,40,10797.85,23,17,290199.8,185290.65,18,5,17,16,0.7635,23,8,4,5,0.9016,1
ACC08963,76,178,5189.44,127,51,773043.08,256763.29,87,51,17,78,0.2211,26,9,5,4,0.8501,1
ACC08964,786,68,4293.88,30,38,145013.5,126377.07,13,24,1,2,0.0278,0,0,0,2,0.2898,0
ACC08965,619,47,24236.89,24,23,500227.77,682326.82,8,8,1,2,0.1377,1,1,3,0,0.1762,0
ACC08966,1777,44,2182.91,20,24,54521.42,58439.65,7,8,2,3,0.0219,0,0,0,0,0.1664,0
ACC08967,19,79,11804.91,63,16,730913.36,188988.78,48,5,19,37,0.4527,25,5,5,8,0.7911,1
ACC08968,185,625,5574.88,322,303,1606438.87,1723578.05,283,254,18,196,0.3001,28,5,7,5,0.8763,1
ACC08969,2111,28,1848.12,11,17,17088.88,38040.15,9,11,4,2,0.0608,0,0,0,0,0.2475,0
ACC08970,1003,10,1842.62,4,6,7179.11,11024.66,2,4,5,3,0.0517,2,0,2,1,0.2815,0
ACC08971,908,12,3688.99,5,7,16163.2,23073.55,3,2,2,1,0.0796,2,0,1,1,0.2314,0
ACC08972,1079,77,2356.06,33,44,65593.33,124791.24,6,21,0,3,0.0688,3,0,0,0,0.1656,0
ACC08973,1782,48,2010.81,26,22,41471.61,32048.73,21,12,1,0,0.0773,1,0,1,2,0.2994,0
ACC08974,655,43,2653.06,24,19,75481.61,62727.7,2,8,0,0,0.0167,3,0,1,1,0.383,0
ACC08975,271,278,16410.32,187,91,3666859.41,1746553.96,154,66,15,117,0.453,21,7,6,1,0.5165,1
ACC08976,238,289,20310.65,164,125,3737825.88,2698663.16,151,105,13,102,0.2957,24,8,5,3,0.9457,1
ACC08977,1870,74,2072.77,38,36,89415.09,77434.68,25,15,2,1,0.0282,3,0,2,1,0.1563,0
ACC08978,78,360,29169.8,269,91,9207959.42,2300002.61,227,70,21,142,0.3707,35,7,5,5,0.965,1
ACC08979,118,118,6692.86,65,53,412272.84,388593.09,42,53,14,42,0.3417,25,7,6,2,0.9371,1
ACC08980,67,183,14785.36,125,58,2106271.32,875896.54,117,58,13,72,0.4853,26,8,5,2,0.6909,1
ACC08981,68,304,20112.54,179,125,3700697.85,2314770.14,142,108,16,115,0.3082,36,8,6,3,0.8083,1
ACC08982,734,85,4901.48,53,32,220974.03,186200.9,27,29,5,0,0.0279,2,0,3,0,0.0952,0
ACC08983,517,32,4448.67,11,21,62470.96,79302.33,5,19,3,1,0.0752,3,0,1,1,0.0978,0
ACC08984,212,23,3747.72,13,10,50775.88,39923.5,9,2,2,3,0.0337,0,0,2,0,0.0702,0
ACC08985,730,41,1872.63,24,17,43002.34,36136.2,5,12,2,2,0.0715,3,1,1,0,0.2848,0
ACC08986,66,309,9835.1,175,134,1670452.98,1195704.88,136,102,11,113,0.4724,27,3,7,4,0.7059,1
ACC08987,648,23,1602.49,9,14,18010.98,22439.54,3,14,4,12,0.0272,1,0,2,0,0.1306,0
ACC08988,157,442,15894.97,351,91,6445655.01,1755608.06,305,82,12,182,0.3179,32,6,8,3,0.9161,1
ACC08989,119,187,17538.14,119,68,2028165.33,1244667.02,95,57,14,78,0.3293,25,7,11,4,0.8489,1
ACC08990,823,53,6286.47,32,21,164395.63,99201.97,13,11,2,1,0.0677,2,0,3,2,0.175,0
ACC08991,886,31,4011.26,13,18,50624.04,56254.04,11,2,4,0,0.0212,0,0,0,0,0.1557,0
ACC08992,197,379,10466.42,268,111,2711226.67,1252581.79,217,96,7,137,0.2966,27,8,4,4,0.8957,1
ACC08993,2053,83,1184.53,29,54,33995.68,72501.61,16,28,2,1,0.0815,3,0,1,2,0.2596,0
ACC08994,402,89,1435.65,37,52,48312.8,56526.2,22,22,1,0,0.0512,2,0,3,0,0.3339,0
ACC08995,1581,18,4831.01,10,8,60759.66,39319.53,2,8,2,0,0.0187,1,1,0,1,0.279,0
ACC08996,475,37,1405.52,23,14,25798.05,22948.23,15,10,1,2,0.004,0,2,1,2,0.1625,0
ACC08997,61,642,31822.88,379,263,11084646.73,8964612.29,316,224,11,260,0.2578,36,9,6,1,0.7353,1
ACC08998,2320,46,3949.23,24,22,85896.05,78494.98,19,15,3,1,0.0416,1,0,5,2,0.1511,0
ACC08999,488,28,2542.4,12,16,26233.37,30619.72,10,2,0,2,0.1736,0,1,2,0,0.1695,0
ACC09000,426,241,23973.29,160,81,3785884.08,2043952.2,142,81,13,97,0.2209,22,8,7,2,0.5821,1
ACC09001,1224,39,1958.59,20,19,49611.27,32703.25,4,10,1,3,0.0495,1,2,0,1,0.1203,0
ACC09002,1029,33,895.33,14,19,11907.94,21042.91,5,8,4,7,0.0359,0,0,3,2,0.1656,0
ACC09003,165,178,19850.24,133,45,3006225.13,831720.81,121,32,17,81,0.4108,26,3,1,2,0.9837,1
ACC09004,763,79,1752.7,38,41,60860.75,51945.73,21,23,3,1,0.0327,1,1,1,0,0.1188,0
ACC09005,1024,27,2761.62,9,18,30379.19,59614.54,2,16,3,2,0.1201,1,0,0,1,0.1176,0
ACC09006,113,209,8009.28,123,86,1153864.61,654684.77,96,75,19,76,0.2595,20,3,8,3,0.6701,1
ACC09007,1894,28,2361.11,10,18,29763.43,46841.5,5,18,2,2,0.0122,3,0,2,1,0.3994,0
ACC09008,1193,33,1852.1,20,13,40378.09,30748.77,16,2,3,3,0.0662,5,0,0,0,0.2046,0
ACC09009,1207,15,3623.87,6,9,27130.68,28256.67,5,2,2,3,0.0258,1,2,0,0,0.3715,0
ACC09010,289,258,12270.53,168,90,2319913.85,1351276.06,113,78,11,84,0.3148,21,4,4,2,0.8501,1
ACC09011,119,35,2166.28,16,19,45568.94,31125.87,7,10,2,1,0.0006,1,1,3,1,0.1157,0
ACC09012,69,230,13724.54,168,62,2333265.92,901960.06,162,41,10,82,0.3606,22,10,6,7,0.8066,1
ACC09013,1045,64,1890.08,28,36,68231.11,62194.48,8,24,1,4,0.0964,6,2,2,0,0.1904,0
ACC09014,151,246,10830.86,159,87,1836335.23,967860.18,154,67,11,87,0.4524,16,3,5,2,0.9323,1
ACC09015,609,66,2366.18,36,30,87693.79,59094.71,12,20,2,1,0.0186,1,0,3,2,0.5801,0
ACC09016,147,170,35349.79,133,37,5528218.75,1511664.32,124,25,17,58,0.3932,17,6,4,3,0.8643,1
ACC09017,68,186,5780.26,102,84,513539.67,481805.85,73,82,9,54,0.3671,18,4,6,3,0.814,1
ACC09018,2222,39,4033.47,19,20,59200.03,82029.95,12,7,4,1,0.0698,0,0,1,0,0.2041,0
ACC09019,1208,91,5696.17,53,38,279644.93,277993.13,23,29,2,2,0.0854,3,0,0,2,0.1968,0
ACC09020,936,24,3527.72,13,11,45877.51,38066.01,5,8,1,2,0.0646,1,0,2,0,0.3182,0
ACC09021,114,287,18613.89,195,92,3774969.51,1988790.47,172,92,16,100,0.2846,24,7,5,3,0.8223,1
ACC09022,2321,163,2626.65,58,105,185102.4,276696.67,29,53,2,3,0.1202,2,1,1,0,0.3485,0
ACC09023,43,79,13901.62,55,24,829515.22,398404.94,29,9,10,28,0.5124,33,7,3,8,0.8859,1
ACC09024,875,29,6215.19,12,17,91359.39,124160.89,4,6,1,0,0.0153,0,1,0,1,0.3696,0
ACC09025,114,474,13174.43,251,223,2926518.89,2830177.37,204,183,16,187,0.2883,28,10,6,5,0.8344,1
ACC09026,726,22,7981.59,11,11,92827.53,98972.33,4,6,4,1,0.0376,0,0,1,1,0.1079,0
ACC09027,2364,85,752.44,35,50,22690.02,27719.64,5,28,2,3,0.022,0,0,1,0,0.2615,0
ACC09028,1249,48,2866.91,18,30,64000.85,102645.62,2,19,2,2,0.0361,4,1,0,0,0.3714,0
ACC09029,675,94,3826.63,58,36,219637.87,144834.66,28,19,3,1,0.0384,1,1,4,1,0.3612,0
ACC09030,539,28,1780.42,11,17,18795.39,32676.75,2,12,4,2,0.049,0,0,0,1,0.4737,0
ACC09031,1348,44,3374.19,19,25,73906.04,93393.74,16,9,1,1,0.0379,2,3,1,0,0.479,0
ACC09032,34,316,20990.86,176,140,3438766.51,3619877.99,162,124,11,121,0.4042,23,4,1,4,0.9367,1
ACC09033,1678,28,3336.24,13,15,58019.39,60194.27,8,14,7,2,0.0791,3,0,1,0,0.181,0
ACC09034,724,98,2615.32,56,42,128275.45,91025.35,17,29,4,2,0.0188,0,0,3,1,0.1668,0
ACC09035,476,488,13649.11,283,205,4569505.58,2864728.06,222,166,14,174,0.3462,24,3,3,2,0.7818,1
ACC09036,116,448,27253.0,261,187,6643160.34,5808133.71,228,164,14,169,0.4613,24,4,8,2,0.5711,1
ACC09037,759,49,5494.14,28,21,197937.04,112870.4,10,15,2,1,0.0744,4,0,1,0,0.0755,0
ACC09038,479,295,1224.87,188,107,254955.16,97308.84,75,59,1,3,0.0662,4,1,0,2,0.2949,0
ACC09039,642,18,590.7,8,10,4678.9,5841.43,2,2,3,1,0.0969,0,0,1,0,0.3129,0
ACC09040,225,90,17402.81,68,22,1066024.72,406139.23,68,22,10,33,0.3234,21,4,3,2,0.8952,1
ACC09041,345,45,1647.67,16,29,20862.04,40969.1,3,19,2,3,0.0096,1,0,0,0,0.2029,0
ACC09042,423,40,14478.35,28,12,382269.77,194238.92,25,5,14,14,0.2101,22,5,2,5,0.7452,1
ACC09043,627,34,1262.35,15,19,14634.22,20779.67,2,9,1,4,0.0627,1,1,0,0,0.4234,0
ACC09044,1401,45,7599.62,28,17,284871.65,115416.73,19,7,5,0,0.1423,1,1,2,1,0.2397,0
ACC09045,714,91,1142.48,51,40,52520.05,38475.33,23,38,4,3,0.0292,1,0,3,0,0.117,0
ACC09046,724,94,2383.8,38,56,122237.66,142082.89,7,36,2,2,0.0556,3,0,2,4,0.279,0
ACC09047,511,66,7352.98,39,27,220869.74,170849.27,20,17,2,1,0.0786,1,1,0,1,0.432,0
ACC09048,56,404,20818.78,208,196,3739384.4,3961725.46,185,189,13,154,0.5504,28,7,3,3,0.9061,1
ACC09049,421,55,3026.03,33,22,82048.27,66696.28,22,4,1,2,0.0563,2,0,0,0,0.2373,0
ACC09050,2384,15,1991.21,6,9,15241.21,15994.86,2,4,3,1,0.0483,0,0,2,1,0.3538,0
ACC09051,284,695,16959.98,429,266,8500852.95,4476163.31,342,212,12,261,0.7991,23,6,8,5,0.6159,1
ACC09052,1237,28,4019.63,14,14,67356.18,53678.65,6,9,2,2,0.0836,0,0,2,0,0.3525,0
ACC09053,1132,65,3874.79,24,41,105194.19,175241.04,13,23,2,2,0.0555,0,1,2,0,0.3099,0
ACC09054,559,25,2223.27,11,14,30240.97,40247.24,4,13,4,1,0.0657,0,0,1,0,0.6058,0
ACC09055,3448,87,2717.99,33,54,102236.34,131598.35,8,28,4,2,0.0864,0,0,0,0,0.4773,0
ACC09056,257,112,14038.11,85,27,1423457.01,369806.21,76,27,15,49,0.2681,21,6,5,3,0.8862,1
ACC09057,402,55,3683.48,29,26,131326.25,89589.09,11,5,1,3,0.0246,0,1,1,0,0.1328,0
ACC09058,237,44,685.93,23,21,13851.55,15596.72,19,20,3,3,0.0495,0,1,2,3,0.2084,0
ACC09059,1014,51,2523.17,27,24,51469.37,72936.26,12,11,1,3,0.1358,1,0,0,0,0.4551,0
ACC09060,994,111,3022.67,61,50,212113.34,109794.21,33,22,1,0,0.0244,2,0,2,0,0.2445,0
ACC09061,59,104,12024.27,68,36,737704.76,391601.03,68,36,10,32,0.2207,25,7,5,3,0.7695,1
ACC09062,478,64,1056.92,30,34,41720.6,27238.7,11,20,3,0,0.0037,0,3,0,0,0.1653,0
ACC09063,294,217,33051.77,170,47,6120653.75,1322187.67,136,19,11,80,0.2736,27,4,4,2,0.8267,1
ACC09064,1445,16,1115.96,9,7,13357.48,6162.52,9,2,1,3,0.0391,1,0,0,1,0.4698,0
ACC09065,1063,32,1047.83,19,13,18882.71,11143.83,9,8,1,1,0.0808,0,0,0,1,0.3366,0
ACC09066,2263,81,9867.16,45,36,544278.44,346222.06,22,11,2,0,0.0031,0,0,0,1,0.141,0
ACC09067,397,145,8205.78,87,58,636902.77,532804.66,71,58,15,44,0.546,22,5,6,5,0.9062,1
ACC09068,540,142,5148.53,63,79,282771.53,311735.21,25,34,2,0,0.0518,0,0,1,0,0.2081,0
ACC09069,137,326,11923.47,194,132,2733088.0,1363641.66,146,112,5,123,0.3033,25,4,5,6,0.8148,1
ACC09070,1291,39,1226.13,22,17,35487.57,20097.38,9,9,3,2,0.0594,0,1,0,2,0.1997,0
ACC09071,614,65,1649.1,25,40,40810.54,49403.48,22,25,1,1,0.1252,0,2,1,0,0.1232,0
ACC09072,5000,142,3554.67,65,77,303100.12,340942.72,25,46,3,1,0.0256,2,0,0,1,0.1397,0
ACC09073,1467,150,6270.43,55,95,278177.39,773283.03,17,45,3,3,0.0596,3,0,1,1,0.204,0
ACC09074,410,214,15931.25,126,88,1838451.79,1219197.49,93,88,7,72,0.3778,33,8,3,7,0.928,1
ACC09075,1565,69,9076.66,26,43,283236.99,391804.49,9,26,1,2,0.0578,2,0,1,2,0.3039,0
ACC09076,198,128,17882.68,66,62,1091679.93,1177351.63,65,62,12,46,0.3641,26,7,9,6,0.6256,1
ACC09077,524,51,731.78,31,20,21087.22,18211.61,6,19,6,2,0.0997,1,1,0,2,0.3235,0
ACC09078,414,45,1909.24,25,20,62695.65,34389.35,3,20,0,2,0.0227,2,1,2,1,0.3008,0
ACC09079,578,47,8423.24,30,17,269267.76,180228.97,21,14,6,2,0.0241,0,0,0,1,0.1334,0
ACC09080,1396,49,3465.05,30,19,88851.27,67725.05,15,14,2,1,0.0208,3,0,1,1,0.4127,0
ACC09081,1798,56,3730.0,24,32,118475.18,102678.43,15,21,0,2,0.0494,0,2,0,0,0.2606,0
ACC09082,1882,24,4226.42,14,10,44848.15,40143.34,3,3,1,5,0.0097,2,1,1,1,0.3125,0
ACC09083,1760,50,8278.25,32,18,312883.88,122095.77,18,9,1,1,0.0287,3,0,1,0,0.3834,0
ACC09084,683,43,1740.7,17,26,23381.25,54192.88,10,12,1,3,0.0638,1,0,0,0,0.2007,0
ACC09085,98,414,18312.13,326,88,6410723.63,2006910.15,262,86,7,166,0.4586,23,5,2,6,0.9321,1
ACC09086,271,92,4371.03,57,35,328288.69,108292.56,23,21,5,2,0.0257,2,1,2,0,0.3446,0
ACC09087,781,45,2290.21,26,19,77629.14,33660.52,17,8,2,1,0.0341,2,0,4,0,0.3817,0
ACC09088,326,243,12111.74,192,51,2084556.93,683863.58,178,19,13,86,0.444,26,8,7,3,0.9766,1
ACC09089,466,49,2953.01,27,22,98539.5,69888.7,25,12,0,2,0.0306,3,0,2,0,0.2595,0
ACC09090,1524,53,9354.12,28,25,256102.17,213407.52,14,23,2,2,0.0248,1,1,2,0,0.4542,0
ACC09091,80,309,18291.82,220,89,4141355.56,1931897.1,186,89,10,114,0.5646,33,8,6,3,0.663,1
ACC09092,613,66,2800.57,33,33,98331.26,81186.88,16,20,4,3,0.0382,0,1,1,0,0.1718,0
ACC09093,1878,22,2313.05,8,14,18752.46,30633.31,8,13,3,3,0.0706,2,1,1,0,0.5072,0
ACC09094,125,389,28740.39,249,140,7315982.01,4693296.53,218,112,11,144,0.5473,23,9,3,2,0.8535,1
ACC09095,1175,66,2790.54,34,32,118492.13,87097.18,19,9,2,0,0.0332,0,0,1,0,0.1928,0
ACC09096,1167,73,3252.19,36,37,152220.33,145250.23,13,16,2,3,0.0201,1,0,3,1,0.2928,0
ACC09097,517,35,2725.12,18,17,38106.18,41942.05,2,5,2,4,0.0181,1,0,1,0,0.1335,0
ACC09098,525,97,8140.43,61,36,641659.62,378997.4,27,13,1,3,0.0563,1,0,2,0,0.0875,0
ACC09099,16,440,23178.91,230,210,6032230.39,4921909.89,209,197,13,157,0.2672,27,3,7,6,0.8073,1
ACC09100,1088,54,2620.31,23,31,79740.56,70070.15,6,23,1,4,0.0031,5,1,4,1,0.2174,0
ACC09101,704,85,3838.0,33,52,95089.8,173453.84,12,23,1,0,0.1158,2,1,1,0,0.2731,0
ACC09102,2158,69,799.54,31,38,27460.49,32291.02,14,15,2,0,0.0256,3,1,0,1,0.5436,0
ACC09103,2268,56,4424.09,19,37,68990.52,142231.95,2,23,3,1,0.0205,1,0,1,1,0.3227,0
ACC09104,534,51,3549.43,31,20,139237.14,83358.18,2,15,1,1,0.0765,2,0,1,1,0.1494,0
ACC09105,639,52,1893.78,25,27,46685.61,41163.25,12,14,3,1,0.0727,2,0,4,0,0.16,0
ACC09106,1136,23,6836.63,9,14,60318.85,69251.24,4,13,0,5,0.1437,0,2,1,0,0.2496,0
ACC09107,138,288,16831.02,218,70,4407198.75,1176018.2,170,70,7,115,0.3746,31,6,7,5,0.9849,1
ACC09108,147,362,19721.75,209,153,3505150.22,2572198.64,156,118,14,156,0.3277,14,6,2,9,0.7654,1
ACC09109,196,562,21700.55,409,153,9602036.49,3415628.3,342,133,11,239,0.1877,34,7,2,7,0.9688,1
ACC09110,90,401,22418.88,229,172,4591266.0,4247759.35,175,160,20,133,0.4456,24,8,8,3,0.879,1
ACC09111,1866,73,15048.52,35,38,441067.48,584952.83,24,27,1,2,0.0451,1,0,2,1,0.4094,0
ACC09112,203,225,4882.45,127,98,572698.71,433851.41,113,97,13,90,0.4158,22,4,7,2,0.8861,1
ACC09113,703,83,5559.72,40,43,247714.67,234332.71,10,28,0,1,0.0202,2,0,1,0,0.2217,0
ACC09114,1190,48,6854.95,26,22,199521.79,150506.68,16,9,1,2,0.0911,2,0,2,1,0.4921,0
ACC09115,941,58,695.68,33,25,21727.32,16362.21,8,2,1,2,0.0231,1,0,2,0,0.1114,0
ACC09116,1389,46,791.83,28,18,22470.28,18148.27,17,10,2,1,0.0491,2,0,5,0,0.1393,0
ACC09117,140,560,6114.03,445,115,3095186.07,763974.17,373,115,11,215,0.2311,27,4,5,1,0.7789,1
ACC09118,69,104,9573.63,70,34,664725.48,388977.06,50,34,17,45,0.4435,26,3,8,4,0.9301,1
ACC09119,1567,30,587.87,10,20,7143.61,10609.75,9,10,1,1,0.0747,1,1,2,0,0.4447,0
ACC09120,694,37,1829.07,20,17,28004.27,30626.29,9,13,1,3,0.0335,2,1,0,0,0.1063,0
ACC09121,1615,20,1293.91,8,12,10450.14,15154.05,5,2,0,2,0.0414,3,1,1,0,0.2924,0
ACC09122,825,27,2096.45,12,15,23275.19,39558.63,2,5,3,1,0.0519,1,0,1,0,0.0882,0
ACC09123,173,89,6724.36,51,38,286360.82,277576.51,20,8,2,4,0.0135,1,0,0,1,0.0708,0
ACC09124,796,41,4135.73,21,20,74334.12,104267.08,20,2,3,2,0.0233,2,0,0,1,0.2283,0
ACC09125,41,240,47864.25,175,65,9864952.96,3226938.44,166,65,15,101,0.3602,21,9,4,3,0.8484,1
ACC09126,173,210,71309.19,116,94,9627567.42,6173581.31,116,74,21,69,0.3278,33,7,4,3,0.9024,1
ACC09127,107,173,8770.15,90,83,859539.06,825174.92,54,52,13,68,0.2218,24,4,5,1,0.9625,1
ACC09128,554,27,986.04,11,16,13961.73,11326.18,2,8,1,2,0.041,1,1,1,0,0.3707,0
ACC09129,1373,33,2077.33,18,15,33373.52,33690.7,2,15,6,2,0.0934,0,0,1,0,0.3128,0
ACC09130,2261,110,2193.02,62,48,110542.72,130172.39,30,32,2,2,0.0174,3,0,1,0,0.5828,0
ACC09131,32,326,12068.12,223,103,3340186.79,1317699.6,195,100,13,131,0.2498,20,11,5,6,0.8201,1
ACC09132,572,25,2922.81,11,14,33422.84,30990.33,2,9,2,1,0.049,2,1,2,2,0.3498,0
ACC09133,518,67,1535.22,43,24,61892.04,30032.64,22,18,6,5,0.1651,1,2,1,1,0.4459,0
ACC09134,146,364,26649.28,231,133,5820062.75,3661512.57,164,115,12,133,0.447,26,5,4,5,0.8956,1
ACC09135,82,151,20496.87,109,42,1986310.07,853120.57,94,36,16,39,0.2803,22,3,9,7,0.5992,1
ACC09136,706,29,6176.23,17,12,138740.46,75643.46,14,12,1,3,0.0431,2,1,0,0,0.2379,0
ACC09137,1640,16,4235.54,8,8,33191.65,31667.59,2,2,1,2,0.0215,0,1,1,0,0.1328,0
ACC09138,869,61,4018.61,37,24,188917.29,85082.93,12,4,2,3,0.1073,2,0,0,0,0.1633,0
ACC09139,1328,34,7475.24,19,15,182898.38,105684.55,11,7,3,3,0.0137,1,1,1,2,0.2435,0
ACC09140,445,197,14352.77,124,73,1731639.98,1154797.27,111,53,13,81,0.5161,27,6,1,1,0.9073,1
ACC09141,429,35,1415.21,17,18,22550.78,21743.91,8,5,1,1,0.0115,1,1,2,2,0.1996,0
ACC09142,74,117,14858.76,76,41,1262887.63,519274.01,63,41,13,39,0.3059,19,7,6,2,0.4809,1
ACC09143,168,37,2874.88,15,22,34943.74,80850.52,2,12,1,3,0.0633,3,0,1,0,0.3052,0
ACC09144,1888,34,1254.22,20,14,21737.69,19643.94,5,8,0,4,0.0686,1,0,3,1,0.4036,0
ACC09145,92,119,10255.77,84,35,790083.67,413518.64,84,35,14,44,0.1849,33,7,8,1,0.6981,1
ACC09146,121,98,13188.84,56,42,753392.54,564469.88,43,42,16,36,0.1794,16,8,2,3,0.9376,1
ACC09147,337,353,10424.53,250,103,2771338.55,1297896.69,248,93,10,133,0.4035,25,10,3,4,0.9594,1
ACC09148,125,352,6958.54,257,95,1905277.86,705303.09,209,90,10,133,0.2293,27,10,3,2,0.6952,1
ACC09149,476,40,1990.88,20,20,51109.28,45627.84,15,2,2,2,0.0713,1,0,2,0,0.395,0
ACC09150,188,29,7896.24,13,16,78421.65,104988.53,6,9,2,2,0.0204,3,0,2,0,0.2603,0
ACC09151,287,93,1916.75,34,59,55905.6,98679.52,7,34,0,2,0.0553,1,1,0,1,0.1902,0
ACC09152,319,31,2091.11,17,14,43389.74,33451.41,11,7,4,4,0.1126,2,0,1,0,0.248,0
ACC09153,978,138,2131.47,81,57,151247.93,107723.41,32,33,1,2,0.0164,0,0,0,1,0.0739,0
ACC09154,687,30,1812.17,16,14,29256.72,29476.06,8,9,3,2,0.0469,5,0,1,1,0.2324,0
ACC09155,290,88,3238.79,48,40,132871.82,167096.47,27,21,0,1,0.0922,2,0,3,0,0.5158,0
ACC09156,302,46,633.57,18,28,12155.24,22723.39,4,21,3,0,0.026,1,1,0,3,0.2425,0
ACC09157,592,49,2228.36,18,31,31542.83,83092.15,11,17,1,6,0.0428,1,0,0,3,0.1492,0
ACC09158,1892,13,944.0,7,6,5264.14,7359.61,2,2,4,1,0.0219,2,0,1,1,0.3245,0
ACC09159,1933,31,4795.3,11,20,41712.33,85952.13,2,15,2,2,0.1255,1,0,1,0,0.3061,0
ACC09160,1313,63,3515.16,37,26,140389.64,82118.96,15,9,0,3,0.1086,1,1,0,0,0.1514,0
ACC09161,960,39,5090.84,18,21,102246.59,81457.97,2,14,1,1,0.012,1,1,0,1,0.1124,0
ACC09162,1550,16,2008.33,6,10,13555.54,24672.9,2,6,1,2,0.0237,4,0,2,0,0.3763,0
ACC09163,1392,137,1217.18,65,72,71835.8,79146.13,24,41,3,3,0.113,3,0,1,0,0.1502,0
ACC09164,1373,31,2008.13,18,13,38555.42,22454.18,14,12,3,1,0.0736,2,0,1,2,0.3184,0
ACC09165,696,23,792.88,11,12,6613.68,10451.74,4,11,1,1,0.0277,1,0,3,1,0.2698,0
ACC09166,165,226,17594.18,170,56,3450202.08,1098584.69,150,49,12,92,0.3392,22,1,4,2,0.8945,1
ACC09167,1718,96,1476.13,49,47,56109.43,71406.69,21,13,4,1,0.0147,1,0,0,0,0.1385,0
ACC09168,610,56,604.42,31,25,15321.68,17165.78,17,10,0,2,0.1051,2,0,0,1,0.494,0
ACC09169,455,30,1356.53,11,19,12370.34,23320.88,2,5,3,2,0.0594,0,0,2,0,0.2598,0
ACC09170,1992,17,1706.26,7,10,11042.45,18727.44,2,6,1,1,0.0311,1,0,0,1,0.3982,0
ACC09171,1194,96,2056.0,55,41,92539.82,89265.59,22,14,5,1,0.0551,1,0,1,0,0.3181,0
ACC09172,515,208,24992.35,125,83,3890100.42,1893336.1,89,83,13,88,0.3528,14,8,8,4,0.8,1
ACC09173,296,60,1299.75,29,31,34075.95,37814.82,7,20,1,0,0.0391,0,1,3,2,0.1056,0
ACC09174,378,92,3761.17,32,60,116774.25,229097.19,10,34,3,1,0.0447,1,1,1,2,0.2724,0
ACC09175,312,247,20131.01,129,118,2468188.06,2831764.4,109,118,13,93,0.304,23,4,5,3,0.9723,1
ACC09176,1780,53,1984.15,32,21,62126.44,39714.35,11,3,5,1,0.0423,1,0,0,1,0.2435,0
ACC09177,970,37,2399.77,20,17,41030.14,31614.26,13,4,5,3,0.1458,3,0,2,0,0.3607,0
ACC09178,839,31,2433.66,19,12,41486.74,25474.48,12,5,1,1,0.0569,1,2,2,1,0.2481,0
ACC09179,1009,62,3523.22,36,26,104953.9,87043.57,14,11,1,2,0.1068,2,1,1,3,0.1929,0
ACC09180,2603,107,2775.07,39,68,120303.35,232907.94,11,42,3,2,0.0261,2,0,0,1,0.1898,0
ACC09181,613,24,4644.17,10,14,42754.35,48573.66,2,9,4,2,0.1319,4,1,0,0,0.5028,0
ACC09182,661,36,3343.99,21,15,56561.79,61292.35,15,9,1,2,0.1261,1,0,0,0,0.3346,0
ACC09183,674,121,7086.59,63,58,484348.38,367077.03,28,33,1,1,0.0102,1,0,1,2,0.1197,0
ACC09184,1339,62,3274.57,37,25,93458.42,78413.49,7,21,3,1,0.0158,1,0,2,1,0.1684,0
ACC09185,439,33,4649.3,18,15,98507.34,64866.38,9,8,0,2,0.0164,1,0,0,0,0.2557,0
ACC09186,480,87,2318.81,33,54,70979.97,129877.38,18,24,0,2,0.0682,0,0,2,0,0.2527,0
ACC09187,711,40,8050.26,17,23,141876.71,208386.29,6,10,3,2,0.0308,0,0,0,0,0.3898,0
ACC09188,906,15,1266.94,7,8,8635.72,12515.98,2,8,6,4,0.0026,2,0,1,0,0.3413,0
ACC09189,1361,32,5873.0,15,17,101034.39,75736.09,8,2,1,1,0.0298,1,0,1,1,0.115,0
ACC09190,57,378,10571.18,246,132,2972982.35,1506229.35,210,115,8,168,0.2189,20,6,5,5,0.7195,1
ACC09191,664,28,2410.85,12,16,34908.86,47690.15,4,3,1,4,0.0122,2,0,0,3,0.329,0
ACC09192,710,104,2687.59,53,51,134072.01,169440.69,23,42,2,2,0.0176,1,0,3,2,0.4216,0
ACC09193,40,106,9072.69,80,26,783029.18,220225.43,57,26,12,36,0.4501,20,3,6,4,0.8137,1
ACC09194,673,39,1685.52,25,14,35349.75,26584.4,3,5,0,3,0.1398,2,0,1,2,0.2353,0
ACC09195,397,24,1677.82,12,12,15272.53,19013.56,4,9,1,1,0.0256,0,2,2,1,0.345,0
ACC09196,813,23,1626.24,13,10,24863.9,19059.77,2,3,3,4,0.086,0,0,0,0,0.1109,0
ACC09197,821,42,1656.49,15,27,22343.65,46523.24,5,11,2,1,0.0951,2,1,0,1,0.4255,0
ACC09198,96,432,11908.9,273,159,3109535.89,1952980.35,222,158,15,161,0.5249,30,8,1,5,0.8896,1
ACC09199,55,129,13772.24,82,47,1326704.26,573543.1,46,37,13,58,0.4474,28,7,7,3,0.8298,1
ACC09200,114,213,12805.66,157,56,2242749.61,801524.9,157,56,16,84,0.5292,25,8,4,9,0.9444,1
ACC09201,2487,73,2476.0,36,37,90729.8,74551.19,23,20,1,0,0.069,2,0,0,1,0.1848,0
ACC09202,671,42,6475.02,20,22,140698.96,184343.67,5,9,7,0,0.058,1,3,1,0,0.3615,0
ACC09203,998,49,2157.02,27,22,68912.31,41312.01,4,12,1,1,0.13,1,1,2,0,0.2291,0
ACC09204,166,95,27773.83,56,39,1453304.63,1074048.31,38,24,19,38,0.1735,21,8,3,4,0.9382,1
ACC09205,258,385,12095.91,232,153,3067522.6,1932581.81,177,149,14,126,0.3213,26,8,3,5,0.8584,1
ACC09206,850,25,3390.15,14,11,51732.05,33985.47,5,3,5,2,0.008,1,1,1,0,0.3907,0
ACC09207,1221,30,1476.17,17,13,30382.92,15040.56,10,5,3,3,0.0368,0,0,1,0,0.2217,0
ACC09208,67,149,9691.8,92,57,795278.26,476864.79,73,42,11,64,0.2157,31,6,6,4,0.9598,1
ACC09209,15,647,24491.16,420,227,9671825.79,5930608.55,372,196,9,259,0.1854,19,7,2,5,0.8206,1
ACC09210,753,39,688.59,18,21,13961.44,11654.84,17,9,1,1,0.0815,2,1,0,0,0.1853,0
ACC09211,892,79,5158.35,50,29,276794.38,142808.12,14,19,2,1,0.0307,1,0,0,0,0.2397,0
ACC09212,92,128,23807.53,68,60,1742973.59,1346649.04,44,50,15,61,0.3461,31,3,6,7,0.613,1
ACC09213,503,114,3966.59,68,46,319965.19,192691.13,28,34,2,0,0.0775,1,2,1,0,0.1851,0
ACC09214,3677,63,2608.17,31,32,84123.06,79058.33,16,20,1,4,0.0221,2,1,1,1,0.4912,0
ACC09215,75,208,8340.6,141,67,1442592.6,537450.26,96,60,12,73,0.177,25,10,5,5,0.9338,1
ACC09216,704,57,1574.23,31,26,44303.23,30047.74,20,10,1,2,0.1647,1,0,2,0,0.2457,0
ACC09217,140,421,15277.71,258,163,3642567.64,2738151.47,214,134,16,146,0.3214,28,4,4,1,0.9221,1
ACC09218,105,124,13796.27,94,30,1386968.8,363436.04,69,6,16,45,0.4922,30,4,6,4,0.807,1
ACC09219,56,254,19231.64,195,59,4613114.18,1005136.08,176,59,8,104,0.4282,24,6,2,1,0.8072,1
ACC09220,765,35,2320.32,21,14,42711.41,35073.26,4,7,1,3,0.0603,2,0,0,1,0.2529,0
ACC09221,206,107,16106.93,63,44,1187829.55,753996.05,63,27,11,44,0.6354,31,6,5,1,0.8557,1
ACC09222,3161,41,1719.14,15,26,28049.87,42479.41,2,10,2,0,0.0431,2,0,3,2,0.2735,0
ACC09223,2551,70,6456.02,26,44,135765.53,220860.98,11,37,2,2,0.0357,0,3,1,0,0.1028,0
ACC09224,690,31,2686.39,12,19,31531.13,46333.02,4,8,3,1,0.0872,1,0,2,1,0.2862,0
ACC09225,331,37,3787.5,22,15,102210.87,47550.91,5,7,2,0,0.0169,0,0,0,2,0.3263,0
ACC09226,332,295,38224.75,214,81,7449784.44,3406289.7,171,79,18,114,0.2005,31,5,12,5,0.9831,1
ACC09227,1791,16,5667.78,9,7,43303.98,30791.62,2,2,1,6,0.099,2,1,1,1,0.1352,0
ACC09228,312,39,1122.68,19,20,27271.46,17528.75,2,15,0,1,0.0548,0,0,5,0,0.2199,0
ACC09229,419,95,7116.72,44,51,388375.45,274349.59,21,25,1,1,0.0702,2,0,3,0,0.1907,0
ACC09230,180,664,7495.17,511,153,3891839.17,1402799.16,430,147,13,253,0.4026,24,7,10,3,0.9274,1
ACC09231,1059,148,6644.19,78,70,394816.58,347031.19,35,41,1,2,0.0161,3,0,2,2,0.0951,0
ACC09232,1734,45,5205.61,17,28,83378.98,160448.38,7,19,2,2,0.0392,3,0,2,3,0.277,0
ACC09233,805,88,1995.97,41,47,95302.52,118771.73,18,21,0,3,0.1045,0,1,1,0,0.395,0
ACC09234,307,94,3194.6,43,51,122916.58,171917.39,27,24,0,3,0.0472,2,2,1,0,0.2266,0
ACC09235,308,313,7108.95,171,142,1349379.7,982580.53,150,135,13,150,0.3814,31,3,7,5,0.7358,1
ACC09236,944,30,5285.59,17,13,83028.1,72335.43,5,2,3,0,0.0375,1,0,2,3,0.1516,0
ACC09237,172,172,24138.43,126,46,3066484.58,1116422.37,126,36,16,85,0.373,27,4,4,6,0.8118,1
ACC09238,176,178,5566.38,90,88,545451.79,555958.12,85,88,5,67,0.4198,23,9,4,3,0.7583,1
ACC09239,873,39,1865.52,16,23,38614.53,36646.56,15,2,1,2,0.0278,1,0,0,2,0.2864,0
ACC09240,713,40,1013.37,15,25,18703.06,20564.94,13,12,7,1,0.0253,1,1,4,0,0.072,0
ACC09241,171,737,12705.83,446,291,6992357.81,3470316.32,387,262,10,275,0.3229,22,3,4,2,0.9288,1
ACC09242,1759,30,2256.55,13,17,39383.7,28325.3,2,13,2,2,0.0203,2,0,2,3,0.3062,0
ACC09243,663,42,2421.53,15,27,41290.45,74405.42,10,13,0,4,0.0115,0,0,1,2,0.3991,0
ACC09244,608,12,2163.56,5,7,13547.88,19192.23,5,7,3,4,0.0511,0,1,1,0,0.22,0
ACC09245,2950,47,3284.31,25,22,103295.8,64317.79,3,9,0,0,0.0439,1,0,2,1,0.3085,0
ACC09246,933,40,1942.37,16,24,33274.08,38447.16,2,18,3,1,0.032,2,1,0,0,0.4918,0
ACC09247,303,29,1848.59,10,19,17694.59,40586.01,4,3,1,3,0.0391,1,0,2,1,0.1421,0
ACC09248,1736,75,1934.06,27,48,44857.78,87508.85,12,29,4,2,0.0234,1,0,0,0,0.2334,0
ACC09249,899,46,3139.62,24,22,93315.58,77560.77,11,10,2,3,0.0134,3,2,2,1,0.3575,0
ACC09250,1932,33,1662.31,12,21,17838.61,37617.68,10,13,3,3,0.0514,3,1,1,0,0.0915,0
ACC09251,486,18,2792.57,8,10,21308.31,21286.01,2,8,1,1,0.0673,1,0,0,1,0.2223,0
ACC09252,127,284,28127.4,162,122,4562212.0,3870735.42,137,122,9,109,0.2381,30,5,3,6,0.905,1
ACC09253,249,13,2922.4,6,7,22238.3,24524.82,4,4,2,2,0.139,0,1,1,2,0.4321,0
ACC09254,874,27,3119.78,16,11,52406.91,29868.89,2,11,0,2,0.0876,1,2,0,2,0.1648,0
ACC09255,516,38,1735.55,18,20,27446.97,35801.84,11,9,3,1,0.0938,0,1,1,1,0.4302,0
ACC09256,278,541,29039.9,359,182,10875034.79,5935317.65,297,154,15,204,0.534,24,2,2,1,0.943,1
ACC09257,1511,54,1387.03,21,33,29471.76,35786.24,9,17,3,6,0.0027,1,1,0,0,0.0873,0
ACC09258,1459,124,1848.89,69,55,128882.31,97801.74,23,28,1,1,0.061,1,0,1,2,0.2105,0
ACC09259,1094,53,5271.85,19,34,134723.38,189449.16,5,16,5,1,0.0211,0,3,1,1,0.0259,0
ACC09260,602,19,1213.59,9,10,14285.72,13336.33,4,10,1,3,0.0515,3,3,0,1,0.0511,0
ACC09261,737,39,4852.41,15,24,83379.34,111886.72,3,17,2,1,0.0583,3,0,1,0,0.1803,0
ACC09262,265,415,14027.21,228,187,3424034.72,3274609.55,179,171,21,160,0.1199,27,5,8,5,0.7371,1
ACC09263,446,82,10792.68,39,43,534256.87,583341.09,18,24,1,2,0.1526,1,1,0,0,0.4525,0
ACC09264,455,415,12473.69,214,201,3174540.98,2583012.22,178,178,14,152,0.2981,22,10,2,1,0.9165,1
ACC09265,1226,31,3340.25,19,12,78699.98,44819.23,11,10,0,3,0.0327,0,0,2,0,0.3469,0
ACC09266,25,255,20008.2,182,73,3827336.55,1684927.67,148,71,15,92,0.5062,20,12,7,3,0.9462,1
ACC09267,993,47,2489.14,22,25,72597.39,68714.37,16,15,2,0,0.0324,0,0,0,1,0.1715,0
ACC09268,601,30,2438.49,13,17,38569.73,39158.23,2,4,1,1,0.0108,1,2,2,1,0.4328,0
ACC09269,109,89,10423.82,57,32,564522.2,335606.41,57,9,14,38,0.4239,28,11,1,7,0.8172,1
ACC09270,445,57,1270.15,20,37,30037.12,37838.39,12,16,2,3,0.1245,3,0,1,0,0.2461,0
ACC09271,105,250,20548.96,138,112,3528899.12,2411830.11,116,103,18,85,0.5561,31,5,5,4,0.8037,1
ACC09272,18,522,8724.98,354,168,3060114.85,1422358.05,290,153,14,209,0.5143,18,7,11,5,0.6391,1
ACC09273,1621,36,2747.65,13,23,32400.48,57760.12,7,15,3,1,0.1371,2,0,1,0,0.22,0
ACC09274,232,27,2339.17,13,14,36246.37,31648.47,13,4,1,4,0.0589,1,0,5,0,0.1316,0
ACC09275,1094,56,2401.84,20,36,63181.85,111967.41,15,17,0,1,0.0075,0,0,0,0,0.1113,0
ACC09276,1080,87,3116.01,34,53,86003.63,131393.19,20,24,2,5,0.0192,1,0,1,1,0.2811,0
ACC09277,75,111,7478.92,71,40,477281.93,349922.5,71,40,10,53,0.2203,18,12,5,3,0.9533,1
ACC09278,79,253,14973.74,133,120,2196765.28,1604412.76,128,119,11,79,0.3709,21,4,3,3,0.8022,1
ACC09279,368,41,1375.28,18,23,26018.9,37592.44,4,13,1,1,0.0267,4,0,0,2,0.2894,0
ACC09280,514,24,3049.92,14,10,33844.78,26353.04,2,4,1,1,0.0657,1,1,1,2,0.1863,0
ACC09281,1317,65,3332.07,41,24,164409.52,89262.22,14,15,5,3,0.0489,0,0,0,0,0.158,0
ACC09282,29,354,25777.9,178,176,5450082.93,5203176.48,155,175,15,134,0.4735,31,5,5,9,0.9397,1
ACC09283,949,68,1413.77,34,34,64082.81,55524.53,17,24,2,4,0.0666,0,1,2,1,0.1627,0
ACC09284,1143,40,3575.11,25,15,74123.57,40930.27,18,2,1,3,0.0824,1,0,1,0,0.2925,0
ACC09285,469,51,1795.66,27,24,54075.59,43735.89,7,6,4,1,0.1679,0,0,0,0,0.2443,0
ACC09286,777,131,4943.73,65,66,380302.82,420329.25,36,36,3,5,0.0774,1,0,1,0,0.2197,0
ACC09287,317,29,3464.72,17,12,56110.52,39394.36,12,5,0,2,0.0415,1,1,6,3,0.2216,0
ACC09288,678,52,1169.1,19,33,25246.72,44169.63,5,9,2,3,0.0565,1,1,1,1,0.1641,0
ACC09289,21,231,12697.87,181,50,2498095.68,656338.04,152,48,16,72,0.3938,25,12,6,2,0.9621,1
ACC09290,2041,15,3615.39,7,8,24680.44,34529.13,3,6,4,1,0.0557,3,1,1,0,0.1307,0
ACC09291,542,17,1391.94,9,8,9418.98,14403.1,2,2,3,3,0.04,2,1,1,0,0.1791,0
ACC09292,619,40,1948.24,21,19,32867.02,26802.55,3,5,0,1,0.0692,0,0,0,0,0.2627,0
ACC09293,32,179,17865.34,94,85,1636028.68,1398571.03,53,76,16,76,0.3669,20,2,3,1,0.704,1
ACC09294,297,459,7199.63,282,177,2117515.3,1367362.67,238,146,13,184,0.4858,24,7,6,5,0.8523,1
ACC09295,136,55,6026.99,20,35,150075.71,167569.54,10,22,3,2,0.0335,1,0,1,0,0.2488,0
ACC09296,66,81,25958.49,55,26,1572973.45,726320.47,33,17,18,32,0.48,23,6,5,8,0.7166,1
ACC09297,64,244,14822.95,165,79,2836095.6,1024921.56,157,79,9,91,0.3218,24,5,2,3,0.8454,1
ACC09298,621,42,2149.9,21,21,42404.18,51725.8,2,6,5,6,0.0388,3,1,0,0,0.2651,0
ACC09299,2762,39,3880.12,16,23,50976.99,74257.8,10,11,0,2,0.0142,0,0,2,1,0.2771,0
ACC09300,658,44,1199.2,17,27,25184.15,25596.53,2,12,1,0,0.1106,3,2,2,0,0.26,0
ACC09301,1496,22,7011.27,9,13,68792.4,96485.35,8,9,0,1,0.0591,1,0,1,0,0.2758,0
ACC09302,1105,37,6567.95,23,14,195718.55,109095.23,9,5,3,2,0.0471,0,1,2,2,0.52,0
ACC09303,472,93,6810.77,58,35,415078.1,219016.33,24,35,16,37,0.3368,24,5,6,6,0.7741,1
ACC09304,197,59,1662.87,29,30,36794.3,51818.3,14,11,1,2,0.0606,1,2,2,0,0.3358,0
ACC09305,639,29,3160.8,13,16,54335.23,35420.91,7,6,1,3,0.0944,0,0,0,3,0.1778,0
ACC09306,795,38,7483.4,23,15,174836.86,103838.21,10,4,1,1,0.0498,3,0,4,2,0.0733,0
ACC09307,161,480,8209.46,259,221,2496943.6,2047966.62,204,195,13,198,0.3887,33,6,3,6,0.5998,1
ACC09308,752,26,1006.34,10,16,9733.49,12470.67,2,8,1,1,0.0217,0,0,2,0,0.2751,0
ACC09309,1817,49,2661.65,23,26,79021.96,64591.35,3,10,1,3,0.0522,1,1,3,2,0.2489,0
ACC09310,1740,35,7690.69,15,20,109052.78,127804.53,2,5,3,1,0.0111,3,0,3,0,0.1269,0
ACC09311,1250,26,1721.86,11,15,24291.0,25876.7,5,9,4,0,0.0448,1,0,2,0,0.1091,0
ACC09312,243,188,14105.04,114,74,1748614.78,1096279.49,114,72,20,61,0.577,20,11,5,4,0.8659,1
ACC09313,716,59,975.42,35,24,45925.02,23390.98,7,10,2,2,0.0425,0,1,1,1,0.2725,0
ACC09314,815,64,1238.53,35,29,42711.83,31839.41,17,20,1,4,0.0853,1,2,1,0,0.1967,0
ACC09315,2727,30,1266.46,13,17,21117.28,18772.77,13,17,2,2,0.025,2,1,4,0,0.4002,0
ACC09316,589,66,1202.1,27,39,25785.07,58844.0,6,27,3,2,0.0475,0,0,2,0,0.3009,0
ACC09317,80,318,3866.58,202,116,915598.42,479677.47,175,96,14,119,0.4962,25,7,10,4,0.7988,1
ACC09318,53,774,14622.03,433,341,6543279.51,4757941.91,372,289,18,311,0.2205,23,3,5,5,0.8714,1
ACC09319,831,112,1897.28,45,67,67058.72,130921.17,13,39,0,5,0.0872,1,1,4,1,0.2695,0
ACC09320,540,36,814.24,21,15,13461.12,11563.94,2,5,2,2,0.0465,1,1,2,0,0.1415,0
ACC09321,1060,34,4147.45,20,14,94193.96,71637.26,5,7,0,3,0.1131,0,1,2,2,0.1212,0
ACC09322,106,194,11185.4,103,91,1322165.11,1091230.83,103,91,22,72,0.4371,24,5,3,3,0.833,1
ACC09323,1791,33,4790.04,14,19,87191.32,98459.34,6,16,4,0,0.0567,2,2,2,0,0.1719,0
ACC09324,823,43,4572.8,15,28,81353.24,143391.92,6,23,1,2,0.0968,3,1,3,0,0.1959,0
ACC09325,128,340,14657.53,199,141,3071234.06,2234865.61,167,124,15,129,0.1887,30,3,5,2,0.9725,1
ACC09326,1499,40,1738.16,21,19,45861.79,27587.98,2,2,2,2,0.1255,1,0,1,0,0.3017,0
ACC09327,344,177,4476.03,120,57,470550.65,304011.12,109,50,14,65,0.6138,31,3,6,8,0.9728,1
ACC09328,223,107,10659.43,74,33,716912.26,383071.89,74,5,27,38,0.5027,24,8,3,1,0.7013,1
ACC09329,893,80,10396.77,32,48,319378.5,446883.59,16,33,1,1,0.0284,1,1,1,1,0.3058,0
ACC09330,555,30,4186.75,14,16,54625.59,61504.34,6,4,5,1,0.1586,1,0,4,2,0.3068,0
ACC09331,587,25,1213.29,13,12,14967.71,16346.37,2,7,2,4,0.031,0,0,0,1,0.3316,0
ACC09332,427,82,1174.31,38,44,58264.52,54266.72,17,19,2,1,0.0246,0,1,2,0,0.1154,0
ACC09333,793,40,8748.19,20,20,192584.55,153241.88,10,15,1,4,0.0512,0,3,2,0,0.3354,0
ACC09334,572,43,2472.0,23,20,69137.81,43739.91,13,12,0,3,0.0252,3,0,1,2,0.188,0
ACC09335,545,17,3007.76,10,7,40443.5,22974.59,4,2,0,4,0.0277,1,0,2,1,0.2153,0
ACC09336,1748,18,454.42,8,10,4787.91,5773.56,2,3,1,1,0.0531,1,0,0,0,0.1441,0
ACC09337,634,46,1382.51,27,19,34739.06,23674.52,10,12,3,4,0.0327,3,0,3,0,0.4971,0
ACC09338,67,389,18645.6,229,160,4000848.53,3417973.64,188,144,8,139,0.3353,23,7,7,6,0.817,1
ACC09339,327,51,950.77,24,27,24686.68,19535.65,7,13,2,2,0.0428,2,0,1,0,0.1614,0
ACC09340,172,425,41391.65,251,174,11273545.6,8270019.13,203,156,15,155,0.2842,24,5,2,5,0.9089,1
ACC09341,839,48,3228.51,25,23,88825.66,79066.57,15,11,0,2,0.1013,1,0,1,0,0.1259,0
ACC09342,785,111,2465.5,56,55,182824.05,145785.88,24,16,5,4,0.0462,0,0,1,0,0.5535,0
ACC09343,542,48,3208.86,17,31,52892.7,113260.91,3,20,2,2,0.0338,0,0,1,2,0.1048,0
ACC09344,219,52,789.69,30,22,23820.24,18159.76,8,16,3,2,0.0984,2,1,2,0,0.2724,0
ACC09345,102,754,8155.64,554,200,4334283.12,2022263.22,444,191,12,286,0.3326,18,9,7,3,0.8813,1
ACC09346,292,68,4672.9,31,37,128925.77,133466.16,13,18,3,5,0.161,3,1,0,1,0.3272,0
ACC09347,29,172,8792.38,106,66,980131.61,707223.59,95,66,14,62,0.6773,25,6,9,5,0.9335,1
ACC09348,31,167,12654.97,95,72,1247673.93,927497.27,80,72,16,54,0.6394,28,7,2,2,0.9351,1
ACC09349,99,549,5293.67,409,140,2064684.1,880849.26,328,130,12,208,0.3811,23,5,6,3,0.8755,1
ACC09350,534,102,8594.34,49,53,357760.15,544392.88,27,24,3,5,0.0446,0,0,0,0,0.1863,0
ACC09351,1058,51,3013.11,24,27,66887.83,61183.21,17,10,1,5,0.0719,2,2,1,0,0.1844,0
ACC09352,2315,22,725.97,8,14,6470.9,11083.03,2,5,2,2,0.066,1,1,1,2,0.3381,0
ACC09353,448,24,2221.58,8,16,16533.76,38684.99,8,3,2,5,0.0268,1,0,2,0,0.2321,0
ACC09354,981,58,6000.59,37,21,214920.15,133217.47,12,4,0,5,0.0558,1,1,1,0,0.2282,0
ACC09355,2666,45,3317.61,18,27,58924.09,110539.0,5,20,3,1,0.1186,2,1,1,2,0.5828,0
ACC09356,902,19,1381.02,10,9,14932.01,13386.32,8,3,0,1,0.0365,2,1,1,0,0.2252,0
ACC09357,112,262,41667.87,154,108,6839879.8,4523161.11,141,81,13,101,0.3384,29,10,1,8,0.8771,1
ACC09358,2104,47,1364.36,24,23,37591.68,39591.29,11,16,2,1,0.049,3,0,2,0,0.3759,0
ACC09359,505,31,3074.08,17,14,39794.86,49691.65,3,9,0,1,0.0706,1,0,0,2,0.1988,0
ACC09360,116,703,11692.2,461,242,5764653.06,3124504.7,387,187,13,273,0.2326,19,6,2,3,0.8154,1
ACC09361,848,50,1992.79,29,21,71746.76,31670.82,2,18,1,2,0.0535,1,4,2,1,0.2113,0
ACC09362,171,162,18868.7,116,46,2723143.58,754890.56,83,46,12,50,0.2739,19,3,3,3,0.8692,1
ACC09363,741,61,3552.51,23,38,62471.05,101096.52,16,21,3,0,0.0345,2,1,6,2,0.2584,0
ACC09364,722,51,5402.87,29,22,119578.97,121407.14,6,17,1,0,0.1176,1,1,1,3,0.2156,0
ACC09365,631,31,2107.91,13,18,27436.57,39791.68,3,14,3,1,0.0331,3,0,0,0,0.3823,0
ACC09366,454,111,1579.27,47,64,97839.59,108444.4,28,36,1,1,0.0438,1,0,2,1,0.1094,0
ACC09367,1508,29,2073.13,17,12,33929.93,26099.52,14,12,0,0,0.0844,2,0,2,1,0.3058,0
ACC09368,2771,22,1240.85,11,11,15302.05,11423.52,11,11,0,1,0.043,1,0,2,2,0.4727,0
ACC09369,353,51,1129.63,18,33,22045.68,29868.62,5,18,1,3,0.0273,2,1,3,2,0.1036,0
ACC09370,180,177,21353.28,93,84,1929340.44,2007147.78,84,67,10,77,0.3919,29,7,4,9,0.8552,1
ACC09371,725,48,1930.63,23,25,33691.98,45466.82,12,14,2,1,0.1563,2,1,2,3,0.3512,0
ACC09372,1210,37,6452.34,23,14,157343.18,106999.67,13,11,4,1,0.0208,0,1,0,1,0.4817,0
ACC09373,62,531,20739.51,381,150,7189295.47,2719730.24,302,130,15,173,0.5837,15,10,4,3,0.5567,1
ACC09374,165,196,11774.01,120,76,1321480.57,899920.59,77,65,14,66,0.4915,24,8,6,7,0.8346,1
ACC09375,1839,63,1052.27,26,37,34570.7,50357.25,14,24,2,4,0.073,1,0,0,1,0.1775,0
ACC09376,1388,21,3837.06,8,13,38244.77,43404.34,2,2,2,2,0.0287,1,0,0,0,0.1608,0
ACC09377,325,105,1718.03,58,47,128229.49,72890.23,27,19,5,0,0.0674,0,1,2,0,0.3141,0
ACC09378,221,167,19813.44,110,57,2513283.91,1312737.01,110,51,11,64,0.34,17,2,4,4,0.6898,1
ACC09379,3635,63,3236.75,38,25,122095.87,75201.17,17,13,1,4,0.0739,2,0,0,2,0.1795,0
ACC09380,1294,49,2522.6,18,31,48735.06,97727.23,12,22,0,1,0.0434,2,0,1,3,0.2288,0
ACC09381,75,329,26002.28,183,146,4490183.28,4428069.66,143,138,19,128,0.4606,16,5,4,7,0.9576,1
ACC09382,507,55,1121.64,33,22,31019.55,18965.83,6,12,1,0,0.0469,4,0,0,1,0.2219,0
ACC09383,465,11,2548.64,5,6,9829.32,15882.03,2,4,2,1,0.0374,1,0,3,2,0.6661,0
ACC09384,1199,64,3334.03,35,29,130794.05,73331.93,12,16,4,3,0.0293,2,0,2,0,0.1484,0
ACC09385,797,20,4392.65,8,12,30174.61,59611.95,4,2,2,2,0.0576,1,0,1,0,0.2266,0
ACC09386,106,117,12444.77,85,32,1249774.66,453680.19,77,32,7,51,0.4651,17,2,4,2,0.791,1
ACC09387,446,56,2603.8,30,26,75320.62,74892.96,13,9,4,5,0.0433,1,0,1,0,0.2358,0
ACC09388,57,621,11419.93,389,232,5307884.7,3239918.53,334,213,19,244,0.2992,26,6,4,1,0.958,1
ACC09389,269,96,7931.67,67,29,628350.86,268047.37,47,24,20,33,0.3588,21,5,4,5,0.8844,1
ACC09390,155,628,33405.6,320,308,11372732.88,10001106.22,304,286,14,264,0.3439,16,7,2,2,0.69,1
ACC09391,146,343,20222.24,257,86,5569499.73,1529261.91,212,85,10,146,0.3586,28,4,6,5,0.8577,1
ACC09392,1267,40,2746.6,24,16,87169.55,31035.39,3,7,2,1,0.037,1,0,1,1,0.1844,0
ACC09393,655,15,1060.75,6,9,7135.52,11539.14,6,7,2,2,0.0375,1,1,4,0,0.3227,0
ACC09394,1045,69,2513.58,35,34,85106.65,86924.44,16,13,1,2,0.1167,0,0,1,0,0.1374,0
ACC09395,3161,43,1204.31,17,26,25326.39,35685.5,8,13,1,2,0.0369,2,0,1,0,0.3279,0
ACC09396,556,42,3559.29,26,16,71333.65,47963.25,2,6,3,2,0.0501,0,1,0,1,0.3112,0
ACC09397,1829,52,10773.8,24,28,238083.27,331456.77,11,9,2,1,0.096,0,0,3,2,0.1029,0
ACC09398,1497,16,1004.7,6,10,4616.97,11300.52,2,10,0,0,0.093,1,0,2,1,0.2598,0
ACC09399,637,37,1902.38,14,23,24114.33,38478.53,3,20,1,1,0.0147,3,0,1,0,0.2189,0
ACC09400,1594,87,3163.41,34,53,122275.2,126347.09,14,25,0,1,0.0109,0,2,3,2,0.1884,0
ACC09401,845,169,4251.43,97,72,347452.99,258071.28,48,31,3,0,0.0217,1,0,1,1,0.4427,0
ACC09402,49,276,10196.1,154,122,1829494.06,1306919.1,145,81,23,98,0.348,21,11,3,3,0.6599,1
ACC09403,1062,23,1327.22,11,12,14171.35,12583.99,11,2,2,3,0.0394,2,0,0,1,0.2262,0
ACC09404,67,367,20468.01,216,151,5284174.5,3698240.51,180,142,18,154,0.1892,23,8,6,6,0.8913,1
ACC09405,806,37,2610.98,18,19,48929.19,37764.07,9,2,2,0,0.0786,2,0,0,1,0.3716,0
ACC09406,112,167,15345.89,94,73,1481248.17,1096153.85,81,67,14,82,0.5032,28,1,5,3,0.8906,1
ACC09407,307,80,2170.53,47,33,93145.84,64125.85,22,16,1,1,0.0308,1,1,1,1,0.2438,0
ACC09408,599,24,1052.64,9,15,12000.13,15208.65,2,2,0,1,0.0868,2,0,1,0,0.2269,0
ACC09409,412,87,9754.12,47,40,517033.15,367190.45,14,21,1,5,0.0337,1,0,2,0,0.3438,0
ACC09410,748,95,2634.15,45,50,151806.4,133010.31,23,32,1,3,0.0376,1,1,1,1,0.6511,0
ACC09411,90,413,12823.53,237,176,3265415.06,2342929.0,176,157,21,159,0.2096,30,3,5,3,0.8675,1
ACC09412,659,46,2126.15,18,28,47814.64,68026.91,9,9,0,3,0.0303,2,0,2,0,0.0815,0
ACC09413,1220,117,3553.61,73,44,302839.62,161244.67,42,28,4,0,0.0836,1,1,1,0,0.1706,0
ACC09414,618,82,3621.61,35,47,141299.93,210586.01,19,29,2,2,0.0396,2,0,1,1,0.3879,0
ACC09415,2017,26,6818.89,14,12,79823.0,73379.09,14,2,0,2,0.0424,1,1,1,1,0.4302,0
ACC09416,1219,124,2512.9,63,61,123850.65,149070.61,26,33,6,1,0.1944,1,0,0,0,0.4058,0
ACC09417,380,18,1423.15,6,12,8598.05,17467.49,6,12,4,5,0.059,0,0,3,0,0.1217,0
ACC09418,47,136,19478.81,80,56,1544942.78,1176463.38,80,33,16,53,0.3716,29,8,5,4,0.874,1
ACC09419,1294,18,1141.77,7,11,6950.02,9120.16,7,8,0,2,0.0151,0,2,1,1,0.2106,0
ACC09420,372,92,3320.73,49,43,181938.06,153646.33,26,16,3,4,0.1466,2,0,0,0,0.1978,0
ACC09421,1286,88,6960.96,31,57,261437.74,482223.32,13,35,0,4,0.0406,0,1,0,4,0.1043,0
ACC09422,533,36,3357.22,22,14,57438.95,41133.68,6,2,1,2,0.0686,0,0,2,0,0.2704,0
ACC09423,177,345,12545.08,264,81,3245353.05,1070453.15,234,75,11,118,0.3991,25,8,0,3,0.9527,1
ACC09424,1436,43,3520.32,27,16,94881.67,62291.11,7,6,4,1,0.0019,2,0,1,0,0.1711,0
ACC09425,662,22,759.13,10,12,10032.45,7072.74,2,7,2,3,0.0584,0,0,1,1,0.3147,0
ACC09426,368,63,7741.99,29,34,238955.53,303676.16,20,21,0,0,0.0333,0,1,3,0,0.0946,0
ACC09427,252,525,11575.47,297,228,3486465.61,2316216.06,237,209,21,192,0.2253,27,6,6,4,0.7257,1
ACC09428,481,64,3991.84,35,29,174036.24,113109.81,17,18,0,1,0.0424,1,0,4,0,0.1631,0
ACC09429,452,61,993.17,32,29,31759.42,31319.12,20,17,0,1,0.0205,0,0,1,1,0.1324,0
ACC09430,2203,98,6856.22,37,61,255843.46,313279.06,25,43,3,1,0.0573,0,0,1,0,0.1044,0
ACC09431,2714,52,2244.94,31,21,83976.9,48383.57,11,15,1,1,0.0409,0,0,0,0,0.2163,0
ACC09432,301,59,9666.59,36,23,364017.64,268724.86,31,19,3,1,0.0176,0,0,1,0,0.3698,0
ACC09433,225,41,13757.6,15,26,200932.15,418405.57,11,11,2,2,0.0123,1,0,0,0,0.1477,0
ACC09434,490,171,18716.97,136,35,2989677.17,664613.13,123,35,16,64,0.3627,23,2,6,2,0.7177,1
ACC09435,51,288,31801.25,181,107,6835011.3,3457902.96,177,88,13,113,0.4745,26,5,4,1,0.7759,1
ACC09436,162,187,10711.69,119,68,1233016.68,754924.26,94,60,12,58,0.3714,21,8,4,2,0.8553,1
ACC09437,126,195,7515.95,116,79,940225.24,667107.9,116,71,14,80,0.2071,16,6,5,4,0.8698,1
ACC09438,1760,21,3335.98,9,12,29675.62,33840.56,3,2,3,2,0.0473,0,0,0,0,0.0904,0
ACC09439,475,500,12344.43,307,193,3718725.36,2131145.15,251,177,10,205,0.2966,26,7,1,7,0.8256,1
ACC09440,989,27,1330.23,13,14,21496.5,14318.23,2,14,3,1,0.0532,2,2,2,3,0.2401,0
ACC09441,486,36,1581.85,18,18,37273.34,27513.35,11,9,0,0,0.0585,2,0,3,1,0.2566,0
ACC09442,1235,55,3425.22,33,22,88774.89,68536.56,13,16,2,1,0.0521,1,0,2,1,0.3375,0
ACC09443,281,203,12170.83,158,45,1821478.83,644091.47,132,30,10,104,0.445,21,5,4,8,0.8891,1
ACC09444,628,33,4853.84,14,19,91565.07,70017.19,2,13,1,5,0.0404,0,1,1,1,0.1284,0
ACC09445,1753,52,3084.4,30,22,101452.49,87230.73,15,5,2,1,0.0117,1,1,0,1,0.2978,0
ACC09446,94,216,15050.78,163,53,2249601.24,758608.45,124,47,14,70,0.4085,15,4,5,6,0.8707,1
ACC09447,1536,37,2020.84,20,17,53483.74,26031.57,11,12,3,1,0.1473,2,1,3,1,0.3312,0
ACC09448,845,121,2546.53,50,71,123498.36,171133.58,28,41,2,1,0.009,1,1,2,2,0.3973,0
ACC09449,1245,119,3003.52,77,42,280373.16,152150.24,43,28,5,1,0.0199,2,1,0,0,0.3269,0
ACC09450,142,538,9264.53,341,197,3488488.16,2111572.3,306,174,17,204,0.2277,18,9,2,2,0.6812,1
ACC09451,783,123,1280.07,68,55,89946.1,76793.88,29,37,3,3,0.0199,1,0,0,1,0.0959,0
ACC09452,407,95,1885.82,51,44,86132.36,70151.21,26,20,0,1,0.0267,4,0,0,2,0.5285,0
ACC09453,103,223,20048.49,135,88,2707370.46,1514467.68,129,80,14,96,0.4839,21,3,5,7,0.8242,1
ACC09454,3675,53,1324.18,22,31,28631.99,48734.57,15,18,1,1,0.1008,3,0,1,1,0.0661,0
ACC09455,1764,61,3470.84,37,24,102274.27,64024.56,12,17,2,1,0.085,0,0,0,1,0.2655,0
ACC09456,519,82,3017.97,40,42,105028.86,151222.64,16,18,5,2,0.0458,1,2,1,2,0.4266,0
ACC09457,81,98,57408.22,51,47,2809039.99,3138985.82,36,47,16,30,0.295,18,7,2,3,0.8146,1
ACC09458,35,145,17059.16,89,56,1374060.26,1009741.37,81,50,6,43,0.236,23,9,8,7,0.9325,1
ACC09459,493,122,1373.61,65,57,106626.59,87650.05,33,26,2,1,0.0747,2,2,0,1,0.4777,0
ACC09460,80,361,6664.39,247,114,1861221.16,687858.15,216,100,18,118,0.3937,26,6,4,7,0.9072,1
ACC09461,292,134,9250.54,89,45,755799.26,411001.16,89,24,18,46,0.3786,25,7,4,2,0.8187,1
ACC09462,502,39,1918.06,16,23,34045.35,34406.55,11,17,0,0,0.0752,0,1,2,0,0.2016,0
ACC09463,232,229,11246.77,120,109,1422224.85,1499205.57,120,106,19,89,0.3573,26,7,3,4,0.8749,1
ACC09464,86,348,15640.63,174,174,3059975.15,2326808.75,136,156,15,131,0.6105,23,7,9,2,0.7484,1
ACC09465,514,81,1975.67,31,50,62618.95,121182.74,14,30,2,0,0.0696,4,1,1,1,0.3236,0
ACC09466,1466,22,4640.34,12,10,46055.27,47634.88,9,2,1,2,0.0419,1,0,0,0,0.3811,0
ACC09467,670,94,3041.23,42,52,165731.02,118420.05,9,21,0,0,0.0336,3,1,1,1,0.3935,0
ACC09468,72,204,27235.47,156,48,3891020.39,1274481.68,131,39,18,79,0.2385,13,2,5,5,0.8137,1
ACC09469,130,361,18858.15,180,181,3477233.59,3686927.17,164,158,11,116,0.5446,32,10,5,5,0.9276,1
ACC09470,54,161,13156.18,91,70,1204736.19,1030281.06,69,44,13,68,0.2968,33,9,5,3,0.9701,1
ACC09471,281,29,1199.11,12,17,17954.17,22854.97,11,9,6,2,0.089,1,0,0,0,0.3749,0
ACC09472,1602,30,1523.0,19,11,29798.26,14127.05,16,10,2,0,0.0615,1,0,0,1,0.2515,0
ACC09473,1271,65,1848.79,34,31,71319.59,40307.15,16,17,3,2,0.0939,1,0,0,0,0.1285,0
ACC09474,657,28,1499.98,15,13,24219.64,17135.55,5,12,2,2,0.044,1,2,1,0,0.2529,0
ACC09475,133,91,10307.15,70,21,658073.29,247338.9,60,5,15,36,0.3323,29,7,3,3,0.8536,1
ACC09476,2520,47,1903.66,18,29,46001.97,47949.98,5,19,0,1,0.0926,2,0,1,2,0.194,0
ACC09477,204,665,9575.57,372,293,3906508.12,2699039.42,299,277,6,267,0.6638,22,8,6,2,0.8418,1
ACC09478,1256,89,3797.08,40,49,198077.85,231052.51,18,30,1,2,0.0136,3,1,0,0,0.2856,0
ACC09479,309,243,10423.35,168,75,2121451.71,841703.89,150,75,17,107,0.4133,29,7,3,4,0.908,1
ACC09480,155,248,23047.55,135,113,2699825.82,2933198.16,120,107,14,74,0.3111,21,6,6,3,0.9217,1
ACC09481,33,212,14131.86,150,62,2262759.36,780426.08,150,62,18,97,0.3158,25,10,1,6,0.8991,1
ACC09482,510,29,2069.06,16,13,37977.71,30398.88,2,2,2,0,0.0823,0,0,2,0,0.0838,0
ACC09483,2172,29,2806.67,14,15,29646.56,45582.57,3,8,1,3,0.096,3,0,0,3,0.0303,0
ACC09484,1413,38,2672.07,19,19,40557.13,46168.71,15,11,0,2,0.0546,1,1,0,2,0.3253,0
ACC09485,50,1076,13081.75,840,236,12533552.44,2677171.89,698,184,15,415,0.2508,27,7,5,2,0.883,1
ACC09486,353,44,4562.04,17,27,76087.13,146347.22,7,16,4,2,0.0254,2,2,1,0,0.3257,0
ACC09487,87,408,7781.1,243,165,1794941.03,1365092.74,211,157,15,152,0.4345,17,11,4,3,0.8821,1
ACC09488,147,356,37756.94,273,83,11361293.77,3030955.21,237,68,15,124,0.2562,29,6,8,2,0.8366,1
ACC09489,1451,42,2514.36,19,23,36131.83,66147.32,5,13,0,1,0.0639,1,1,3,1,0.0509,0
ACC09490,1247,16,1715.31,6,10,13346.45,14870.7,2,4,0,3,0.0426,0,2,2,1,0.3068,0
ACC09491,663,17,1067.69,8,9,10114.74,12051.57,2,9,1,1,0.0693,2,0,2,1,0.3946,0
ACC09492,712,83,1586.68,34,49,61133.59,86662.12,9,30,2,3,0.0261,0,1,0,1,0.2499,0
ACC09493,1222,49,10024.34,22,27,294906.46,303538.81,11,12,3,2,0.0557,2,1,2,0,0.2817,0
ACC09494,728,114,3029.87,46,68,154540.62,238102.89,24,37,2,3,0.0786,2,2,3,2,0.1537,0
ACC09495,658,19,2991.83,9,10,21211.74,38116.76,4,7,2,2,0.0615,1,0,0,0,0.3516,0
ACC09496,978,28,2642.32,12,16,36657.91,39768.45,2,3,1,3,0.0415,1,0,1,1,0.0653,0
ACC09497,1633,38,11620.7,19,19,180623.85,235384.44,4,10,2,6,0.0961,2,0,3,0,0.1576,0
ACC09498,209,39,1412.41,23,16,37618.33,16899.74,5,11,1,1,0.0363,3,0,1,0,0.2317,0
ACC09499,693,58,4500.05,37,21,170340.62,73408.13,18,10,3,4,0.0123,0,1,0,2,0.13,0
ACC09500,122,686,12641.88,496,190,6376586.68,2663931.84,422,142,26,264,0.3507,26,4,9,1,0.8919,1
ACC09501,679,55,2524.92,27,28,77986.55,60114.03,12,15,1,4,0.0327,0,1,2,1,0.2536,0
ACC09502,441,454,11122.41,319,135,3846004.55,1478569.89,266,111,10,158,0.2246,24,12,3,5,0.9089,1
ACC09503,77,68,5014.1,48,20,208041.4,101575.43,35,16,8,26,0.1867,28,7,6,3,0.9246,1
ACC09504,756,29,6747.84,14,15,115326.8,112538.53,14,2,1,3,0.0748,2,1,1,1,0.3678,0
ACC09505,1096,92,662.71,51,41,41902.33,25086.78,22,15,1,2,0.0642,0,0,0,1,0.3302,0
ACC09506,489,155,3207.69,55,100,210904.52,356468.1,27,57,3,3,0.0553,3,2,1,0,0.2859,0
ACC09507,901,118,1213.34,52,66,63794.66,87042.72,22,32,1,2,0.0089,3,0,3,1,0.2513,0
ACC09508,1724,53,1861.35,22,31,45505.6,61851.27,4,16,2,3,0.0871,1,0,1,1,0.2398,0
ACC09509,913,32,3393.6,16,16,47486.46,70559.92,2,14,0,3,0.0693,3,0,3,0,0.2318,0
ACC09510,528,13,1347.89,4,9,4561.5,11084.81,2,5,1,1,0.0249,4,0,0,0,0.3845,0
ACC09511,3106,16,6604.48,6,10,49054.71,65894.67,2,10,2,2,0.0402,0,0,1,1,0.3659,0
ACC09512,816,44,1323.57,18,26,27262.67,29900.23,3,16,4,0,0.0654,4,0,0,0,0.1621,0
ACC09513,101,262,20737.76,146,116,3196114.9,2299290.36,117,116,13,91,0.2914,33,2,3,6,0.5865,1
ACC09514,593,22,3767.6,10,12,44506.5,42525.12,3,5,2,0,0.0196,2,0,0,0,0.3715,0
ACC09515,75,46,1722.93,20,26,37864.68,52818.84,9,18,3,5,0.0457,2,0,2,0,0.3463,0
ACC09516,727,90,4466.67,43,47,240574.87,237212.57,16,28,3,1,0.0892,4,0,0,0,0.2177,0
ACC09517,826,61,7212.69,29,32,170218.17,237982.71,17,21,1,4,0.046,1,0,0,1,0.3132,0
ACC09518,165,222,2837.54,170,52,518286.29,150794.32,136,52,14,80,0.3435,29,7,1,4,0.9487,1
ACC09519,310,360,11801.22,257,103,2922535.62,1277399.93,221,103,16,136,0.6077,29,9,3,3,0.7984,1
ACC09520,170,416,18377.29,330,86,6639383.34,1875727.94,275,69,20,147,0.4261,26,9,7,3,0.8788,1
ACC09521,114,523,14568.65,285,238,4146273.46,3917936.48,215,208,18,213,0.2919,23,8,7,3,0.8186,1
ACC09522,145,408,6296.95,228,180,1706292.41,1414421.57,197,159,7,154,0.2002,14,7,5,4,0.9096,1
ACC09523,63,101,8599.21,59,42,582663.82,339970.4,59,27,15,37,0.4987,25,5,7,3,0.6728,1
ACC09524,1263,38,3318.45,16,22,46392.25,75343.3,6,12,2,2,0.0785,1,1,0,0,0.3252,0
ACC09525,172,143,11889.33,113,30,1677966.04,383248.67,113,20,15,54,0.3996,26,6,4,1,0.9201,1
ACC09526,130,152,10777.19,79,73,746167.11,798092.14,65,69,12,47,0.2366,30,7,5,1,0.883,1
ACC09527,475,26,2502.46,10,16,30878.2,43228.26,2,13,1,2,0.0143,1,0,3,0,0.3095,0
ACC09528,744,52,2362.1,27,25,62320.91,54795.99,15,13,0,1,0.0116,0,1,2,2,0.1552,0
ACC09529,619,48,2047.8,28,20,61839.28,31625.52,5,10,2,5,0.0477,2,1,1,0,0.1948,0
ACC09530,1135,31,2010.44,15,16,31750.88,36152.73,6,8,2,2,0.0347,1,0,2,0,0.4535,0
ACC09531,1323,68,2964.81,37,31,144703.88,113059.18,14,22,2,1,0.0367,2,1,1,2,0.1839,0
ACC09532,1943,31,9019.89,11,20,114079.91,186500.94,10,18,2,5,0.1703,1,0,2,0,0.3091,0
ACC09533,2630,52,1974.63,27,25,42781.34,42252.99,13,7,1,1,0.1371,1,1,0,0,0.158,0
ACC09534,201,234,13347.77,158,76,1884786.62,1018738.24,124,73,17,105,0.3921,19,6,5,5,0.8877,1
ACC09535,1363,13,1676.92,6,7,9947.09,9961.89,2,7,0,0,0.0726,2,0,0,0,0.527,0
ACC09536,208,46,3970.96,24,22,99493.19,86089.39,12,6,3,1,0.0242,2,1,3,2,0.1253,0
ACC09537,73,101,10669.4,65,36,788356.91,473408.29,42,36,17,25,0.5307,32,8,6,5,0.7883,1
ACC09538,1069,12,3802.46,7,5,20023.26,24653.46,5,2,5,1,0.1,0,1,1,0,0.103,0
ACC09539,106,119,5717.84,70,49,474054.68,330562.75,70,49,16,35,0.2975,24,6,7,4,0.9851,1
ACC09540,769,44,3907.34,24,20,90803.3,63916.18,4,6,0,4,0.0921,3,1,2,0,0.4286,0
ACC09541,69,339,24912.2,186,153,4377169.61,4635818.04,156,139,22,124,0.2796,37,2,4,8,0.5394,1
ACC09542,1355,22,2265.91,12,10,31299.78,29204.0,4,10,3,6,0.1108,1,2,1,0,0.1952,0
ACC09543,1222,33,3034.44,13,20,52303.43,53193.15,13,11,2,1,0.0623,3,0,1,2,0.4603,0
ACC09544,1180,37,5091.96,16,21,66567.86,135821.21,2,18,1,3,0.0393,2,1,1,0,0.3109,0
ACC09545,611,57,2089.24,26,31,58916.81,83558.07,15,4,3,1,0.0594,1,0,2,2,0.2897,0
ACC09546,3274,40,3791.39,14,26,65613.61,116593.52,8,18,0,2,0.0387,1,2,1,3,0.0444,0
ACC09547,3643,119,1351.58,70,49,75970.68,83299.73,38,34,0,5,0.0693,0,0,0,1,0.6066,0
ACC09548,43,579,10731.21,328,251,3773353.64,2376666.23,280,204,14,229,0.2332,19,5,3,3,0.8765,1
ACC09549,1834,38,1210.6,14,24,15862.37,37514.35,11,16,4,2,0.0462,1,0,1,0,0.3191,0
ACC09550,147,407,19617.01,241,166,4502935.12,3917076.32,201,149,11,169,0.3403,27,11,3,4,0.8371,1
ACC09551,569,34,6760.95,20,14,150630.0,111536.04,6,14,1,2,0.1387,0,1,0,0,0.3395,0
ACC09552,605,36,3633.59,19,17,87877.17,49452.3,10,13,0,2,0.0718,4,0,2,0,0.307,0
ACC09553,59,170,15114.77,100,70,1707159.77,957666.95,100,53,18,76,0.2179,19,7,7,6,0.8798,1
ACC09554,1342,30,3284.29,19,11,55890.2,25785.42,9,2,2,2,0.0602,1,1,1,1,0.3299,0
ACC09555,130,259,18439.39,135,124,2447053.46,1968011.13,116,100,22,127,0.3587,25,8,6,6,0.9276,1
ACC09556,125,286,9207.05,160,126,1632771.1,1371763.99,135,114,13,128,0.269,28,3,6,4,0.9199,1
ACC09557,591,47,4897.71,25,22,149783.8,117001.4,21,7,8,1,0.0578,2,1,2,3,0.2433,0
ACC09558,2487,42,987.07,23,19,20312.55,20810.31,2,11,3,3,0.0297,2,1,0,2,0.2267,0
ACC09559,1115,134,7655.7,79,55,750830.69,312938.92,35,34,1,0,0.0084,0,1,4,1,0.1565,0
ACC09560,557,44,2529.42,15,29,47715.78,74681.02,11,21,1,2,0.019,3,0,1,1,0.3704,0
ACC09561,580,49,1424.44,23,26,40669.92,41892.85,14,18,4,4,0.0102,0,0,1,2,0.123,0
ACC09562,1446,39,2050.56,20,19,33033.71,37811.26,16,9,1,2,0.1324,2,1,0,0,0.327,0
ACC09563,451,51,2772.1,20,31,61224.85,64341.39,15,13,1,3,0.0436,0,0,0,1,0.3338,0
ACC09564,407,61,3619.56,22,39,78563.12,107729.13,13,29,1,1,0.0591,1,0,2,0,0.4093,0
ACC09565,980,46,2528.57,17,29,38931.7,94739.33,10,14,1,1,0.0963,3,0,1,0,0.1102,0
ACC09566,453,36,2639.9,17,19,57875.39,41038.98,11,8,1,1,0.0346,4,0,2,2,0.4108,0
ACC09567,345,45,1756.47,21,24,27746.23,41301.66,2,7,4,2,0.0301,2,2,1,0,0.286,0
ACC09568,75,145,5907.16,83,62,578192.62,384735.95,61,48,16,55,0.2663,20,6,6,3,0.8359,1
ACC09569,1713,38,934.92,19,19,15698.88,22353.32,5,15,3,2,0.0428,2,0,2,2,0.1716,0
ACC09570,130,187,15209.21,123,64,2136084.9,1103767.86,104,34,16,64,0.194,25,5,2,2,0.9878,1
ACC09571,1524,34,2070.52,17,17,38810.5,37178.72,14,4,2,1,0.0581,3,1,2,0,0.0796,0
ACC09572,224,386,7374.53,266,120,2285744.89,989677.25,236,95,13,158,0.3429,27,7,6,3,0.7811,1
ACC09573,728,28,2258.04,17,11,31897.8,22393.45,6,11,3,2,0.0501,1,1,3,1,0.3192,0
ACC09574,229,79,5626.95,37,42,188114.53,266599.09,4,23,2,3,0.0481,0,0,1,1,0.3423,0
ACC09575,466,28,9594.83,13,15,108595.31,120163.06,11,8,5,6,0.0329,1,0,3,0,0.2161,0
ACC09576,541,36,2529.13,16,20,50566.94,62278.7,13,14,1,1,0.0809,1,1,4,1,0.1008,0
ACC09577,415,88,2479.03,44,44,95288.68,97118.1,19,13,2,4,0.0206,1,0,1,2,0.1854,0
ACC09578,2022,96,5809.1,39,57,226445.75,382738.28,20,32,2,2,0.0273,1,0,0,1,0.1386,0
ACC09579,315,57,2133.6,24,33,54895.64,69698.11,13,21,3,1,0.0255,1,0,0,2,0.4134,0
ACC09580,1707,51,8791.26,22,29,258634.66,294936.49,2,19,1,1,0.0492,1,0,1,2,0.2907,0
ACC09581,98,115,21490.65,71,44,1777128.69,922324.87,71,44,10,53,0.4943,30,7,5,3,0.9591,1
ACC09582,106,292,20104.62,153,139,3776649.15,3226118.06,134,113,14,130,0.5648,20,6,5,5,0.7779,1
ACC09583,1294,37,9654.38,19,18,185995.91,223502.15,13,2,1,2,0.0542,2,0,0,0,0.2234,0
ACC09584,1158,39,6110.75,17,22,94522.41,149673.98,5,8,2,2,0.0352,2,0,2,0,0.2866,0
ACC09585,77,396,6990.9,223,173,1498291.29,1141488.27,186,146,20,167,0.4007,29,7,8,5,0.6677,1
ACC09586,51,274,11321.02,162,112,2148674.08,1460338.6,110,93,14,113,0.307,19,4,12,6,0.9279,1
ACC09587,731,118,6074.96,66,52,424727.72,231019.4,28,25,2,1,0.0135,3,0,1,0,0.2748,0
ACC09588,947,45,10438.32,26,19,224985.95,234918.67,8,13,2,2,0.0393,1,0,0,0,0.3587,0
ACC09589,340,44,2239.18,20,24,45907.25,37710.65,4,17,0,2,0.0563,0,1,0,1,0.1855,0
ACC09590,121,951,13109.73,537,414,8672177.06,6359525.87,495,365,7,376,0.2286,26,5,3,6,0.753,1
ACC09591,513,149,1934.29,87,62,209155.95,127753.74,41,25,2,2,0.0674,4,1,0,0,0.2217,0
ACC09592,792,61,2535.43,28,33,72329.98,65890.38,14,24,1,3,0.0385,2,0,2,1,0.0513,0
ACC09593,1609,15,1884.25,8,7,19680.25,12045.21,2,2,0,0,0.104,1,0,1,2,0.0692,0
ACC09594,836,53,6724.82,29,24,153092.85,118166.64,4,12,0,0,0.0558,1,0,0,1,0.5532,0
ACC09595,1053,15,4213.2,5,10,21233.57,50329.57,2,2,1,2,0.0535,2,0,1,3,0.6164,0
ACC09596,2604,104,1612.68,67,37,85991.13,73357.52,29,20,4,2,0.0853,0,0,1,2,0.3256,0
ACC09597,311,50,5867.23,24,26,130732.78,159482.18,17,18,1,0,0.0238,2,0,1,2,0.6455,0
ACC09598,2506,42,4551.34,18,24,66333.39,94739.88,3,8,1,1,0.0121,2,1,2,0,0.0939,0
ACC09599,2438,55,1181.6,25,30,27567.95,34117.78,7,15,1,5,0.0931,3,0,0,0,0.1185,0
ACC09600,463,69,4088.81,41,28,138320.04,142136.84,15,21,0,1,0.005,3,1,2,2,0.2546,0
ACC09601,544,34,1952.27,21,13,38516.59,20273.97,10,11,6,1,0.1435,2,1,0,1,0.0577,0
ACC09602,466,91,1291.3,54,37,85902.31,53226.05,13,10,4,1,0.0682,1,1,4,2,0.2229,0
ACC09603,42,101,17139.05,66,35,1322678.7,731599.25,39,34,19,38,0.4629,29,4,9,5,0.8761,1
ACC09604,180,133,14371.64,95,38,1624218.22,530403.85,79,35,17,58,0.3137,23,9,5,6,0.906,1
ACC09605,122,133,31981.82,77,56,2813332.48,1626697.99,49,51,12,40,0.3339,26,1,5,2,0.9647,1
ACC09606,160,380,13575.04,221,159,2582358.62,2298391.31,175,138,16,135,0.3501,26,3,10,3,0.9498,1
ACC09607,2179,101,3636.5,35,66,115707.98,203697.76,13,33,2,3,0.0636,1,1,0,1,0.3857,0
ACC09608,311,186,6713.92,114,72,723270.2,436628.94,80,69,14,67,0.3627,21,3,3,3,0.9679,1
ACC09609,777,75,2651.45,40,35,95062.12,78095.45,16,15,1,2,0.0645,0,0,0,0,0.3842,0
ACC09610,180,720,7259.48,418,302,2811053.79,2498054.75,367,265,12,286,0.4367,22,4,9,4,0.642,1
ACC09611,1565,67,1140.01,34,33,38239.09,33165.87,25,15,3,3,0.1119,0,1,2,2,0.0572,0
ACC09612,21,216,19202.92,170,46,3625759.15,901846.27,157,34,17,75,0.3844,19,4,7,4,0.6603,1
ACC09613,2005,21,870.66,10,11,9258.71,7266.16,10,4,1,5,0.0079,1,0,0,0,0.5655,0
ACC09614,112,235,13078.11,152,83,1858249.3,1053541.16,109,76,14,98,0.3612,24,5,5,2,0.7448,1
ACC09615,1002,33,4867.18,12,21,43950.08,132093.01,5,6,5,4,0.0386,0,0,3,0,0.131,0
ACC09616,141,310,12619.9,232,78,3500288.37,852975.11,199,65,13,106,0.2614,20,2,9,2,0.6746,1
ACC09617,1116,24,9535.13,15,9,142434.15,72743.22,7,2,2,2,0.0038,1,0,1,0,0.1682,0
ACC09618,1640,28,6251.88,17,11,82378.34,82449.07,2,7,4,2,0.0682,1,1,0,0,0.1064,0
ACC09619,339,211,27602.41,128,83,3613820.01,2245303.0,111,77,15,68,0.3557,24,3,3,6,0.8215,1
ACC09620,346,99,13931.1,51,48,763219.51,687567.8,28,28,10,32,0.4008,25,4,6,2,0.9144,1
ACC09621,556,20,2594.19,10,10,33336.09,24059.22,2,10,2,2,0.0836,2,0,1,0,0.486,0
ACC09622,149,509,27460.37,316,193,10688213.68,6091987.31,275,190,12,209,0.4582,21,3,5,2,0.8711,1
ACC09623,789,43,3310.23,23,20,91314.56,82195.0,11,11,0,3,0.0422,1,0,3,0,0.1795,0
ACC09624,418,47,3837.38,19,28,66582.37,83366.57,13,15,2,2,0.1462,1,0,3,1,0.3016,0
ACC09625,327,177,10116.94,94,83,1082229.14,1012052.11,81,83,15,80,0.5815,28,3,5,3,0.909,1
ACC09626,308,164,4146.08,107,57,436116.87,236181.62,79,57,18,50,0.4269,30,7,6,4,0.9451,1
ACC09627,682,34,3180.72,11,23,45451.06,58073.26,2,11,1,2,0.0177,2,0,1,1,0.4058,0
ACC09628,593,18,1904.91,10,8,23867.06,13689.45,3,2,3,2,0.0381,0,1,1,0,0.2493,0
ACC09629,1601,24,2904.91,10,14,38553.98,31364.2,7,7,1,4,0.0245,0,1,0,0,0.079,0
ACC09630,987,38,1402.62,19,19,26028.57,22928.53,4,19,1,2,0.0789,0,1,4,1,0.2077,0
ACC09631,4585,80,8090.04,45,35,480791.31,229206.19,18,22,2,1,0.0397,4,1,0,0,0.1339,0
ACC09632,1086,25,2197.73,15,10,36330.59,27812.76,2,5,0,4,0.1083,2,0,3,1,0.3834,0
ACC09633,85,199,6495.89,135,64,1072049.06,502115.28,103,58,13,64,0.3933,33,10,7,5,0.8307,1
ACC09634,283,41,3962.27,16,25,71075.26,74364.75,5,12,3,3,0.0297,0,0,4,2,0.3532,0
ACC09635,1141,34,1444.14,21,13,36326.06,16824.09,2,3,4,3,0.1662,2,0,0,2,0.1515,0
ACC09636,369,41,1816.61,15,26,29946.89,48071.04,6,19,2,2,0.0134,0,1,2,1,0.3955,0
ACC09637,684,47,2320.63,25,22,49281.06,50830.27,13,13,2,2,0.0731,1,0,1,1,0.0954,0
ACC09638,998,62,3252.28,37,25,149512.0,61547.51,9,24,1,2,0.0628,1,2,0,1,0.2527,0
ACC09639,1133,30,1724.24,15,15,21604.7,23095.6,2,15,3,2,0.024,2,0,1,1,0.0474,0
ACC09640,2557,23,1817.79,12,11,27743.37,23652.41,5,8,5,2,0.0541,2,0,2,1,0.2078,0
ACC09641,377,80,1498.16,45,35,81207.94,48869.28,27,19,3,4,0.0301,0,0,0,0,0.2055,0
ACC09642,1009,35,806.22,18,17,18852.71,14752.88,16,6,2,3,0.1184,3,2,1,0,0.1514,0
ACC09643,549,77,2072.16,42,35,101265.11,63658.86,18,23,3,1,0.0153,1,0,1,0,0.1577,0
ACC09644,46,78,12637.13,57,21,641014.91,254653.2,44,21,11,32,0.3551,23,6,3,1,0.9519,1
ACC09645,47,233,11852.0,128,105,1606796.56,1071406.05,94,94,18,100,0.3332,28,2,4,4,0.8033,1
ACC09646,1513,26,1105.81,9,17,12907.33,14345.95,6,10,0,1,0.0642,1,0,0,0,0.2373,0
ACC09647,1395,48,5473.61,20,28,123975.38,138557.96,5,15,3,0,0.0399,0,0,0,0,0.2858,0
ACC09648,93,130,10693.75,74,56,900914.99,552366.51,51,56,11,57,0.4881,29,8,1,2,0.9148,1
ACC09649,66,251,4825.63,137,114,805043.86,567456.54,125,92,13,109,0.4016,31,6,4,6,0.8949,1
ACC09650,628,35,1691.27,13,22,17635.39,29511.9,8,22,3,3,0.0236,2,0,1,2,0.0725,0
ACC09651,25,370,9688.85,274,96,2787154.59,1081095.95,239,96,10,148,0.4887,29,8,5,5,0.9157,1
ACC09652,1119,35,2604.13,16,19,50393.9,54816.27,11,15,1,1,0.0226,2,0,3,2,0.134,0
ACC09653,146,627,33636.76,441,186,15358421.96,7294264.29,349,174,14,241,0.5476,27,6,6,6,0.8778,1
ACC09654,84,272,12855.3,164,108,2063698.88,1434229.14,134,102,16,95,0.4169,28,7,7,3,0.8129,1
ACC09655,116,259,11525.01,171,88,1823650.39,1224149.69,151,86,9,101,0.3743,15,7,4,3,0.9348,1
ACC09656,20,300,13221.55,222,78,2695801.97,998977.63,200,63,13,114,0.2822,23,5,2,4,0.8191,1
ACC09657,442,33,2044.18,18,15,30923.29,39575.4,6,9,2,1,0.0088,2,0,1,0,0.1031,0
ACC09658,2026,68,1915.77,24,44,42571.29,65829.13,7,18,1,1,0.0572,1,0,2,1,0.1356,0
ACC09659,208,353,8043.13,233,120,2275607.85,1030737.66,201,105,12,126,0.487,16,4,5,1,0.8618,1
ACC09660,284,109,1716.7,45,64,93183.8,131392.0,23,36,2,3,0.005,0,1,0,0,0.3308,0
ACC09661,1194,46,1913.24,20,26,40016.29,44989.74,5,15,1,1,0.1654,3,2,2,1,0.2209,0
ACC09662,106,311,13363.78,235,76,2915777.47,1047600.72,183,76,10,99,0.3123,25,4,10,1,0.8565,1
ACC09663,31,337,26442.16,264,73,7551934.25,1968857.04,231,73,8,130,0.348,19,7,6,3,0.735,1
ACC09664,116,854,19491.05,606,248,12922622.78,6019285.67,505,240,17,333,0.6225,28,5,6,5,0.9686,1
ACC09665,311,405,12200.47,211,194,3016013.27,2860836.41,175,194,20,163,0.2247,20,7,5,5,0.905,1
ACC09666,622,30,1792.29,18,12,39872.02,23956.78,6,2,2,2,0.0449,3,0,0,0,0.2644,0
ACC09667,223,32,3295.53,14,18,41128.07,45069.06,14,11,4,1,0.0345,2,1,0,3,0.2078,0
ACC09668,844,19,2660.72,10,9,23049.75,23529.44,2,7,1,2,0.057,2,0,0,1,0.107,0
ACC09669,455,57,3424.28,32,25,85357.36,71719.36,16,16,5,2,0.0259,2,0,2,1,0.4861,0
ACC09670,437,23,2583.57,12,11,27967.4,36483.6,3,2,1,1,0.0266,0,0,1,1,0.6057,0
ACC09671,623,45,1541.21,16,29,28555.2,50184.71,2,22,1,4,0.0874,2,1,1,0,0.1972,0
ACC09672,584,83,4097.73,42,41,214440.77,203808.02,8,28,0,2,0.0291,2,1,2,0,0.1738,0
ACC09673,167,399,13319.86,295,104,4400281.06,1328756.0,263,89,9,149,0.5626,26,6,2,2,0.975,1
ACC09674,89,178,50469.01,94,84,5243670.1,4300963.4,75,53,15,56,0.1062,21,8,5,8,0.8914,1
ACC09675,1594,92,2099.25,55,37,96693.61,86750.84,24,19,0,2,0.0753,0,2,1,0,0.4401,0
ACC09676,1507,52,1580.55,20,32,25975.35,55723.98,15,18,3,4,0.0901,2,0,1,0,0.5962,0
ACC09677,725,33,2987.7,18,15,56458.42,53960.96,8,12,1,2,0.0462,1,0,0,1,0.0901,0
ACC09678,1785,57,769.25,22,35,12828.03,21568.19,12,24,1,1,0.078,2,0,0,0,0.2307,0
ACC09679,675,84,2286.09,39,45,117817.02,83826.84,20,25,1,1,0.0102,2,0,1,0,0.2904,0
ACC09680,1026,34,1382.22,17,17,28708.57,25238.58,2,13,4,4,0.0339,2,0,0,1,0.0842,0
ACC09681,141,147,7291.59,113,34,836193.53,303023.14,94,34,17,51,0.5645,27,9,2,4,0.8768,1
ACC09682,53,418,24280.39,320,98,8068441.86,2424303.0,290,95,16,166,0.3381,29,6,6,3,0.96,1
ACC09683,215,51,9375.27,18,33,200986.55,245471.55,4,18,0,2,0.0198,0,0,4,1,0.1471,0
ACC09684,686,54,9394.11,23,31,265660.17,233886.92,9,15,3,2,0.0493,1,1,0,0,0.3008,0
ACC09685,176,145,27750.09,97,48,3134568.16,1368748.15,79,46,14,58,0.2473,26,7,3,2,0.9553,1
ACC09686,1280,156,3765.77,59,97,263249.17,343982.5,22,61,2,1,0.0718,4,0,3,1,0.2001,0
ACC09687,346,191,6116.32,152,39,1001271.7,277164.87,109,39,22,60,0.3956,29,4,7,8,0.5791,1
ACC09688,659,67,2039.37,26,41,45006.29,75020.91,4,22,3,3,0.1122,1,0,0,1,0.2365,0
ACC09689,157,387,33428.61,221,166,6467380.36,5793675.87,165,156,15,146,0.3494,31,4,3,3,0.9172,1
ACC09690,1337,30,2605.29,17,13,38373.16,31322.01,7,5,0,2,0.0717,1,1,1,0,0.188,0
ACC09691,245,348,36572.47,274,74,10194989.95,2940159.18,250,64,8,135,0.3389,32,5,3,6,0.9064,1
ACC09692,49,204,7077.74,119,85,819289.7,680733.4,113,85,7,65,0.555,26,6,4,2,0.8798,1
ACC09693,1123,36,1502.52,22,14,34536.2,15124.61,4,13,2,2,0.1407,1,1,3,2,0.1705,0
ACC09694,120,276,22316.24,154,122,3993493.01,2342445.53,141,122,15,103,0.3157,21,7,10,5,0.6735,1
ACC09695,1797,53,2872.79,20,33,46932.75,97233.73,2,15,1,2,0.0127,0,2,1,2,0.4588,0
ACC09696,604,43,4710.11,17,26,104916.64,126143.97,8,13,3,2,0.0681,1,1,1,1,0.2388,0
ACC09697,1168,16,1392.6,7,9,8927.25,11696.98,2,2,3,1,0.0083,3,0,1,2,0.2974,0
ACC09698,1381,22,2246.64,7,15,17312.89,33409.47,2,2,1,4,0.0479,4,0,0,0,0.5311,0
ACC09699,2290,67,917.54,41,26,47131.18,24332.58,19,25,2,3,0.0459,1,1,2,1,0.156,0
ACC09700,50,243,14361.52,123,120,1610832.91,2132802.24,119,111,17,93,0.5001,26,1,8,4,0.8541,1
ACC09701,1537,20,2481.86,10,10,22396.16,30995.45,2,2,4,1,0.0611,2,2,0,1,0.3043,0
ACC09702,639,72,2318.75,25,47,44613.96,123730.13,15,27,3,4,0.0069,0,1,2,0,0.2731,0
ACC09703,1121,20,1737.45,9,11,11878.47,20177.62,9,3,2,3,0.0063,2,4,0,2,0.3127,0
ACC09704,947,41,3491.92,25,16,93661.74,56093.08,12,8,0,2,0.0412,1,1,1,1,0.254,0
ACC09705,3028,57,3237.86,26,31,86500.41,108065.37,9,23,3,0,0.0437,2,1,1,1,0.2167,0
ACC09706,110,195,15396.78,145,50,2495302.98,939766.2,130,42,14,74,0.2784,24,7,6,6,0.9652,1
ACC09707,263,284,12582.71,142,142,2054102.82,2082740.37,142,126,9,126,0.3704,18,5,2,3,0.7465,1
ACC09708,29,229,10533.2,127,102,1140110.45,1084729.03,92,102,20,91,0.2887,21,5,8,4,0.8703,1
ACC09709,780,51,1118.85,24,27,26968.85,22282.03,14,14,1,3,0.0291,1,1,1,1,0.2684,0
ACC09710,1804,54,715.26,33,21,29121.32,13792.76,11,6,2,5,0.0447,1,0,1,1,0.0719,0
ACC09711,512,892,50452.18,653,239,32444947.05,11265181.9,566,213,8,357,0.6077,23,6,1,6,0.9106,1
ACC09712,545,21,1630.7,12,9,21858.59,18889.08,8,9,2,2,0.0184,2,1,2,2,0.078,0
ACC09713,366,82,4495.48,31,51,153286.46,271947.74,18,17,2,2,0.0176,2,0,0,1,0.1667,0
ACC09714,144,519,6739.67,305,214,2466835.72,1565743.48,270,176,15,201,0.232,20,6,2,4,0.8969,1
ACC09715,1225,42,1483.89,26,16,30588.3,25983.85,6,6,1,3,0.0086,3,0,0,2,0.4734,0
ACC09716,872,58,2112.4,26,32,52921.11,56859.5,16,14,3,4,0.0909,4,2,2,0,0.1053,0
ACC09717,500,55,6281.46,30,25,239710.66,193669.38,5,11,4,1,0.0342,2,2,2,0,0.4498,0
ACC09718,915,44,4924.97,20,24,123495.54,102340.37,8,19,0,4,0.0483,2,0,3,0,0.2797,0
ACC09719,399,130,3808.42,54,76,160551.81,255647.29,24,43,1,0,0.0242,0,2,1,0,0.2765,0
ACC09720,509,97,1834.27,38,59,72835.76,119204.5,24,28,1,5,0.0231,1,0,1,0,0.4558,0
ACC09721,613,29,1176.93,17,12,18543.14,11277.12,7,11,1,1,0.0414,2,2,0,1,0.5159,0
ACC09722,1843,57,3226.06,28,29,86258.03,100978.01,8,17,1,1,0.0699,0,1,2,0,0.3476,0
ACC09723,2330,23,2752.79,11,12,36197.27,32983.3,5,6,0,0,0.0177,3,1,1,1,0.2721,0
ACC09724,1086,45,2016.33,27,18,43987.38,46116.05,14,8,3,1,0.0274,3,0,2,0,0.2516,0
ACC09725,174,446,33488.89,311,135,11731499.55,5039718.35,263,116,11,181,0.6542,29,6,7,4,0.9234,1
ACC09726,760,29,7016.94,14,15,76698.47,74233.7,6,13,1,2,0.0409,3,0,1,0,0.0862,0
ACC09727,376,208,9196.42,106,102,1025697.48,1109015.51,84,90,13,76,0.6882,19,6,10,5,0.9526,1
ACC09728,362,63,879.7,32,31,33564.91,34187.28,17,13,1,2,0.0565,0,0,2,0,0.1541,0
ACC09729,572,23,2581.37,12,11,25356.32,25539.41,3,2,2,2,0.0417,1,0,1,0,0.5044,0
ACC09730,68,687,10362.95,420,267,4578989.45,3157786.64,345,236,12,273,0.4009,23,6,2,6,0.8489,1
ACC09731,763,38,3877.18,13,25,59854.95,75856.58,6,18,1,0,0.0493,0,0,1,0,0.2342,0
ACC09732,273,503,19115.51,296,207,6386598.09,4928627.77,261,186,16,205,0.4612,23,7,2,2,0.9348,1
ACC09733,1003,17,1071.99,6,11,6760.96,8379.38,2,8,3,1,0.0633,2,1,0,2,0.2602,0
ACC09734,2465,54,2168.07,25,29,50452.15,50753.6,21,11,4,2,0.04,0,0,2,0,0.0356,0
ACC09735,579,26,3622.46,9,17,34788.89,77145.96,2,7,3,0,0.1151,0,0,0,0,0.1809,0
ACC09736,720,51,2089.91,32,19,57793.65,37588.49,11,10,5,1,0.0647,3,1,1,0,0.2014,0
ACC09737,301,549,23917.32,401,148,11439358.55,4174591.37,333,136,9,211,0.7585,23,3,2,4,0.8787,1
ACC09738,350,14,4269.37,7,7,24723.2,21103.96,5,2,2,2,0.0984,1,1,0,0,0.3133,0
ACC09739,405,33,1554.61,20,13,39841.47,21811.71,8,7,3,2,0.0602,2,0,2,1,0.3538,0
ACC09740,1514,34,976.77,20,14,22314.22,11557.24,12,11,2,3,0.0156,1,1,1,1,0.221,0
ACC09741,1117,34,3892.68,17,17,75861.0,65121.34,6,12,1,6,0.1223,0,1,1,2,0.1683,0
ACC09742,1671,52,2028.87,32,20,66310.49,38353.13,20,14,1,2,0.0785,3,0,1,0,0.1247,0
ACC09743,175,86,18000.37,66,20,1226074.17,391990.99,66,20,12,27,0.4694,27,4,9,8,0.7843,1
ACC09744,905,41,1766.43,24,17,55909.39,37262.66,17,4,4,3,0.0227,1,0,2,1,0.1422,0
ACC09745,924,24,2827.23,13,11,45237.79,24650.06,4,2,0,5,0.0327,0,0,0,2,0.224,0
ACC09746,141,183,10034.77,123,60,1461351.73,605659.06,103,33,16,73,0.5155,20,4,11,4,0.9573,1
ACC09747,92,301,10350.54,192,109,1736281.66,1238872.25,144,103,13,118,0.3997,29,9,1,2,0.9575,1
ACC09748,645,64,1849.78,32,32,45137.27,68884.47,11,14,4,3,0.0515,3,0,0,1,0.1149,0
ACC09749,677,58,2536.43,29,29,70573.38,68429.39,11,18,0,0,0.0271,2,0,0,2,0.4118,0
ACC09750,119,164,5941.02,110,54,579893.93,383365.89,97,51,13,62,0.528,23,8,8,4,0.7364,1
ACC09751,1439,20,2341.31,7,13,15418.41,29219.61,3,7,1,3,0.0531,0,0,2,0,0.2661,0
ACC09752,551,101,6073.79,42,59,250222.85,461428.81,15,35,1,1,0.02,1,0,0,1,0.2529,0
ACC09753,782,34,847.27,17,17,16055.92,17733.46,2,10,3,1,0.0048,1,0,0,0,0.2401,0
ACC09754,172,251,20269.02,200,51,4068181.96,1054410.55,180,51,13,105,0.2105,29,4,5,2,0.7967,1
ACC09755,569,74,4804.6,34,40,163019.97,183952.24,8,27,5,0,0.1107,2,0,1,1,0.2834,0
ACC09756,877,28,1336.47,13,15,16860.88,23132.37,2,11,3,2,0.013,3,0,0,0,0.559,0
ACC09757,83,132,14751.82,91,41,1476654.74,665500.21,85,39,15,46,0.5208,24,5,1,6,0.9126,1
ACC09758,1342,59,3186.52,25,34,105466.59,85089.04,18,27,1,1,0.0378,4,1,1,0,0.2811,0
ACC09759,661,64,2048.14,38,26,60117.84,41169.8,13,19,3,2,0.0371,1,0,0,0,0.1007,0
ACC09760,328,69,1841.5,41,28,87879.26,53733.82,17,15,2,3,0.1016,1,0,0,0,0.5984,0
ACC09761,1847,43,1139.7,23,20,27686.75,28677.72,7,11,0,2,0.0239,2,0,0,0,0.2146,0
ACC09762,420,32,6257.35,20,12,144399.73,82280.96,6,8,2,1,0.0446,1,0,0,2,0.4727,0
ACC09763,347,31,2784.0,14,17,39664.59,34067.16,2,10,2,4,0.024,4,1,1,1,0.2451,0
ACC09764,764,28,3147.13,9,19,36492.67,67323.32,9,10,0,5,0.0699,2,1,1,0,0.2985,0
ACC09765,274,334,5072.91,170,164,796973.18,1021320.18,148,133,14,120,0.2388,31,6,1,4,0.9062,1
ACC09766,31,157,20955.37,123,34,2396951.96,651364.78,97,34,10,61,0.5658,23,5,4,7,0.9372,1
ACC09767,1170,18,845.76,7,11,6319.0,7126.13,2,3,3,2,0.0447,3,0,1,2,0.2553,0
ACC09768,1479,26,4210.12,10,16,41398.42,63853.85,10,2,1,3,0.0655,3,0,1,0,0.3764,0
ACC09769,914,65,2607.86,37,28,95490.38,65185.61,19,27,6,2,0.0471,1,0,4,2,0.3508,0
ACC09770,51,225,46774.45,133,92,6154249.85,4898613.21,125,64,11,86,0.4647,15,8,7,3,0.7578,1
ACC09771,601,32,1983.65,18,14,47861.75,22295.32,8,7,2,2,0.032,3,0,0,2,0.2779,0
ACC09772,513,31,3784.63,11,20,44203.68,55670.88,3,15,3,1,0.0918,1,1,0,0,0.4131,0
ACC09773,103,109,42296.63,58,51,2294023.55,1983859.3,50,40,15,39,0.4868,12,4,4,3,0.5849,1
ACC09774,67,192,4336.95,97,95,439920.69,407877.34,61,82,11,63,0.3038,33,4,7,4,0.9057,1
ACC09775,974,40,1215.88,14,26,17899.67,29421.66,11,15,3,1,0.0402,2,0,2,0,0.2095,0
ACC09776,461,49,1641.11,31,18,45523.99,36765.21,11,2,1,1,0.0944,2,2,1,0,0.196,0
ACC09777,70,177,14914.0,94,83,1202896.57,1121568.04,62,77,9,70,0.3149,19,3,5,1,0.8376,1
ACC09778,1454,21,4200.43,11,10,53717.85,33100.96,6,7,3,2,0.1979,0,0,0,0,0.2599,0
ACC09779,880,94,2972.89,38,56,143048.81,171514.71,20,24,3,2,0.058,0,1,1,0,0.1174,0
ACC09780,1423,22,4363.56,13,9,47988.55,30011.13,4,2,2,2,0.0341,0,0,0,1,0.2088,0
ACC09781,409,83,1359.35,33,50,44783.51,64740.22,14,26,2,1,0.0904,0,1,2,1,0.3492,0
ACC09782,507,36,3674.19,15,21,53716.92,72020.1,15,10,2,3,0.0143,0,0,1,0,0.0991,0
ACC09783,605,40,1510.86,25,15,40305.96,22023.15,7,8,5,0,0.0687,4,0,2,0,0.263,0
ACC09784,268,55,2270.26,34,21,67671.04,61342.1,12,17,2,2,0.091,1,0,0,0,0.3663,0
ACC09785,828,74,6832.67,45,29,357555.46,228440.38,24,11,4,1,0.0504,0,0,1,0,0.2277,0
ACC09786,550,39,1787.33,13,26,28152.64,38282.21,13,14,2,1,0.0885,0,1,4,2,0.3945,0
ACC09787,719,18,694.84,7,11,5350.39,8898.67,3,6,1,4,0.0465,1,0,0,1,0.178,0
ACC09788,428,62,3678.73,33,29,105325.03,130444.5,9,24,2,0,0.0323,1,1,5,1,0.3144,0
ACC09789,1151,99,3487.47,51,48,212070.88,164624.17,26,30,2,1,0.0096,4,0,1,1,0.1091,0
ACC09790,586,52,3858.43,27,25,140624.9,93444.01,6,8,1,1,0.0281,3,1,1,2,0.1668,0
ACC09791,2428,33,5609.48,17,16,94968.35,66496.17,2,10,2,4,0.0191,0,1,3,2,0.1971,0
ACC09792,567,41,1446.88,25,16,28604.62,21290.96,11,16,3,0,0.0089,0,0,0,1,0.152,0
ACC09793,640,55,2234.07,25,30,56327.21,59138.61,18,19,2,4,0.1798,2,1,1,0,0.1268,0
ACC09794,1826,38,6641.03,23,15,185031.64,88609.94,3,15,1,4,0.0407,1,1,0,0,0.4382,0
ACC09795,1350,27,4729.47,14,13,87488.64,64270.66,9,7,0,0,0.0463,1,2,0,1,0.2159,0
ACC09796,1363,41,2246.33,20,21,48641.64,48793.79,3,18,0,4,0.0312,1,0,4,0,0.252,0
ACC09797,551,24,735.56,11,13,6423.48,11042.52,5,10,3,0,0.0974,2,0,0,1,0.1733,0
ACC09798,35,662,3710.72,461,201,2125441.23,815949.15,399,193,18,254,0.3058,25,5,2,3,0.7066,1
ACC09799,2094,85,3263.48,45,40,183340.41,111373.39,14,17,0,0,0.0384,1,1,1,2,0.0941,0
ACC09800,483,35,2666.43,14,21,31278.53,71851.1,2,6,0,3,0.2234,1,1,1,0,0.2072,0
ACC09801,3858,28,3629.51,16,12,49706.43,43145.33,5,5,4,2,0.0524,0,0,4,2,0.302,0
ACC09802,2757,23,2014.62,13,10,33477.44,24786.9,2,2,1,3,0.0102,3,0,1,0,0.1411,0
ACC09803,1152,20,5398.78,10,10,43779.17,40575.12,7,4,0,1,0.0921,3,2,0,0,0.3564,0
ACC09804,1676,55,2846.96,26,29,95379.53,82354.37,12,19,3,4,0.0504,0,0,0,1,0.0876,0
ACC09805,490,35,3809.9,15,20,73684.62,60540.11,7,14,2,1,0.0735,2,0,2,0,0.3613,0
ACC09806,769,48,2263.51,21,27,42361.69,56761.4,16,3,4,0,0.0697,2,0,0,0,0.2954,0
ACC09807,539,692,9252.84,461,231,4680633.26,2433782.03,383,192,10,241,0.25,25,5,6,3,0.9262,1
ACC09808,1021,91,3103.74,54,37,134310.06,142374.42,24,22,2,1,0.0229,0,1,1,1,0.2248,0
ACC09809,98,674,5472.67,518,156,3483432.92,785274.13,413,138,24,259,0.2879,26,8,4,1,0.9879,1
ACC09810,30,619,15542.39,404,215,5806716.12,3726149.33,355,209,11,193,0.3116,21,4,3,3,0.7586,1
ACC09811,511,40,2637.03,21,19,66992.74,62159.72,10,12,0,2,0.0142,2,0,1,0,0.3691,0
ACC09812,169,345,23134.88,213,132,5373335.11,3084849.57,185,120,16,134,0.3356,24,11,8,4,0.7708,1
ACC09813,80,256,11164.71,179,77,1965876.13,1066734.33,154,71,12,92,0.2594,24,10,5,2,0.8274,1
ACC09814,1533,34,1577.87,13,21,24838.02,40824.88,2,15,3,0,0.0285,1,1,1,1,0.194,0
ACC09815,65,435,16565.7,313,122,4685968.23,2524431.42,281,114,11,165,0.4114,22,8,6,3,0.7793,1
ACC09816,1660,67,2883.14,26,41,60064.08,128878.07,6,20,1,1,0.0568,3,2,1,2,0.6841,0
ACC09817,1749,78,1811.26,45,33,81699.9,47620.39,25,17,2,3,0.0374,4,0,1,1,0.6951,0
ACC09818,1824,113,2106.2,54,59,105428.33,159137.78,28,25,2,0,0.0189,5,0,3,0,0.1457,0
ACC09819,198,33,2821.8,15,18,56920.39,46350.94,6,18,2,0,0.1227,0,0,0,0,0.1974,0
ACC09820,2964,47,3524.84,17,30,52894.0,77743.81,10,16,2,2,0.1228,1,1,2,0,0.1516,0
ACC09821,1942,15,2295.23,9,6,22743.85,13116.07,2,2,3,1,0.0463,4,0,1,0,0.3186,0
ACC09822,811,75,2187.17,33,42,84921.58,114619.13,7,28,3,2,0.0677,2,0,2,2,0.2306,0
ACC09823,1360,40,4012.75,19,21,100933.23,75253.97,10,14,1,1,0.0369,0,0,1,1,0.316,0
ACC09824,1286,42,1557.49,17,25,34305.72,33749.4,2,19,1,3,0.0235,0,1,1,0,0.631,0
ACC09825,78,562,9327.99,319,243,3039533.9,2085552.04,261,219,13,239,0.456,21,8,5,6,0.8766,1
ACC09826,145,102,26030.54,69,33,1905082.0,751697.35,56,15,20,48,0.5671,21,6,2,4,0.8657,1
ACC09827,3056,43,1915.67,20,23,39001.66,52794.67,3,5,5,0,0.0736,2,0,3,0,0.1598,0
ACC09828,63,527,11066.62,380,147,5210022.64,1606943.47,321,147,11,216,0.2151,29,7,4,3,0.8611,1
ACC09829,1598,21,3480.8,8,13,25893.9,34942.26,2,13,3,1,0.0727,1,0,1,1,0.2664,0
ACC09830,1778,64,9705.5,29,35,288737.47,250365.76,14,14,0,4,0.1157,2,1,0,1,0.2337,0
ACC09831,153,117,16396.26,62,55,962104.66,1099546.17,61,47,15,38,0.5807,24,9,4,3,0.8431,1
ACC09832,204,298,7153.47,186,112,1213508.18,841907.95,173,96,14,124,0.4168,22,3,8,5,0.8881,1
ACC09833,838,27,2579.84,13,14,37786.92,42114.43,4,5,4,4,0.0648,0,0,1,2,0.1886,0
ACC09834,65,200,9555.17,147,53,1720196.81,592029.39,100,53,11,83,0.5183,24,6,3,5,0.9473,1
ACC09835,2624,14,3097.24,4,10,15950.82,32185.44,2,5,1,0,0.012,3,0,0,2,0.5509,0
ACC09836,436,57,1341.54,22,35,31520.16,41357.84,12,24,1,1,0.0459,1,2,1,1,0.2289,0
ACC09837,190,249,16316.72,195,54,2806776.97,923820.04,166,54,14,92,0.2603,28,5,6,4,0.817,1
ACC09838,84,196,9289.69,149,47,1210526.26,540929.02,103,47,24,85,0.1889,16,6,7,3,0.9508,1
ACC09839,600,57,1520.71,36,21,47652.97,35984.11,19,16,0,1,0.0172,0,0,1,2,0.347,0
ACC09840,1747,40,2934.93,19,21,68612.14,59279.21,13,14,0,3,0.0071,1,0,1,2,0.1383,0
ACC09841,1381,45,2873.51,18,27,44072.23,80512.66,3,21,1,0,0.0412,2,0,0,2,0.2265,0
ACC09842,1237,50,3156.31,23,27,66975.04,106453.34,10,17,2,1,0.1082,1,0,3,1,0.214,0
ACC09843,63,247,14464.31,184,63,2596072.66,1109954.66,165,63,16,87,0.2782,27,8,4,2,0.8199,1
ACC09844,39,115,4577.25,66,49,374804.21,224484.89,65,35,17,37,0.2854,28,4,6,1,0.7457,1
ACC09845,657,33,7391.56,16,17,93274.92,127722.81,2,8,3,2,0.0317,1,0,4,1,0.2367,0
ACC09846,222,424,47202.42,327,97,15731279.61,4882465.4,284,76,10,160,0.2757,24,3,2,3,0.9192,1
ACC09847,616,77,2923.17,40,37,139692.58,124613.62,15,8,3,0,0.0409,1,0,0,0,0.1472,0
ACC09848,1162,159,3208.85,62,97,240185.21,225489.37,28,48,2,0,0.0558,1,0,3,1,0.1247,0
ACC09849,817,60,2494.77,35,25,104706.04,69001.87,19,8,1,3,0.0444,0,1,1,0,0.1488,0
ACC09850,179,123,34910.66,71,52,2924444.78,1900319.77,61,28,17,49,0.3928,27,7,6,4,0.6713,1
ACC09851,89,199,13992.28,114,85,1551983.77,1212096.72,83,60,12,67,0.4163,34,8,5,5,0.7927,1
ACC09852,361,33,5208.61,16,17,101306.38,63824.83,9,6,0,0,0.1028,2,1,0,1,0.4231,0
ACC09853,924,52,3625.29,26,26,80946.46,107483.7,11,7,2,1,0.0246,1,0,2,1,0.2705,0
ACC09854,177,221,9565.3,167,54,1911540.38,539695.03,130,43,19,88,0.2862,31,5,7,1,0.531,1
ACC09855,155,530,4513.91,405,125,2156016.12,519248.69,352,125,17,206,0.4666,23,6,5,9,0.7246,1
ACC09856,88,173,11578.26,97,76,1283408.82,1081061.62,71,57,13,78,0.4346,25,4,5,3,0.8828,1
ACC09857,366,34,2759.01,14,20,31325.15,49380.67,4,9,1,3,0.0648,1,0,1,1,0.1413,0
ACC09858,1694,66,3523.93,26,40,105923.97,133671.9,9,22,0,1,0.0483,2,1,0,1,0.0272,0
ACC09859,1675,73,874.35,44,29,30365.58,22376.53,20,16,3,3,0.0075,1,2,3,1,0.4297,0
ACC09860,100,533,17423.8,395,138,7629124.78,2884636.67,345,115,7,204,0.6463,29,8,7,5,0.8018,1
ACC09861,78,208,37847.33,122,86,5057146.89,3188281.62,111,78,17,92,0.544,26,6,8,6,0.9735,1
ACC09862,736,47,985.37,20,27,16914.07,22558.81,2,12,3,3,0.0182,0,1,1,1,0.3864,0
ACC09863,55,391,30009.16,274,117,7866410.94,3542552.42,251,107,12,151,0.6686,29,5,6,4,0.9318,1
ACC09864,698,12,877.81,6,6,4637.52,6244.05,6,4,0,2,0.0255,1,0,3,1,0.4579,0
ACC09865,756,73,1534.52,35,38,52946.44,53340.95,22,20,0,1,0.0749,1,0,0,2,0.2513,0
ACC09866,1700,114,2038.33,58,56,98388.8,132084.17,26,29,3,1,0.0053,1,0,0,2,0.353,0
ACC09867,279,348,18072.69,218,130,4142419.23,2687149.92,196,124,13,121,0.3895,19,4,7,4,0.5869,1
ACC09868,1257,69,4063.08,28,41,145090.43,182252.78,18,20,3,1,0.0616,0,0,1,2,0.3642,0
ACC09869,49,186,11664.83,95,91,1012452.03,924564.49,95,91,15,77,0.2094,24,9,3,3,0.5494,1
ACC09870,480,37,649.84,19,18,16381.14,14604.32,8,2,1,0,0.0898,1,0,0,1,0.2032,0
ACC09871,182,49,7550.8,28,21,216385.35,144448.83,11,3,2,2,0.0917,1,0,1,0,0.1306,0
ACC09872,778,60,2059.52,22,38,47698.11,72358.37,13,24,2,1,0.0788,4,0,2,1,0.5525,0
ACC09873,725,70,2599.33,36,34,120086.0,100475.05,15,20,1,4,0.0505,4,0,4,0,0.4912,0
ACC09874,105,330,36235.91,260,70,9023828.52,2650995.89,225,70,8,104,0.438,25,7,5,5,0.7558,1
ACC09875,717,27,3027.88,9,18,33869.16,64700.83,9,5,1,3,0.1377,1,1,0,0,0.3543,0
ACC09876,370,285,8180.77,221,64,2153747.0,487749.86,202,59,16,109,0.1967,32,7,7,9,0.8232,1
ACC09877,677,24,3413.09,13,11,39060.11,26342.41,9,9,2,2,0.0118,1,0,0,1,0.289,0
ACC09878,1763,14,1425.36,5,9,7429.6,14135.43,2,3,2,0,0.0673,2,0,2,1,0.5064,0
ACC09879,437,93,1211.57,35,58,34770.19,67451.7,10,27,2,3,0.0571,0,0,0,0,0.0793,0
ACC09880,65,262,16837.6,135,127,2350842.18,1900647.87,127,104,9,122,0.313,25,3,5,8,0.7332,1
ACC09881,711,64,2836.3,37,27,83687.78,59124.29,22,11,1,1,0.0619,1,0,1,2,0.4262,0
ACC09882,36,96,17960.3,68,28,1289246.73,515417.19,60,20,14,35,0.1319,28,13,5,5,0.9388,1
ACC09883,528,39,4842.08,19,20,91083.06,123841.34,13,16,3,3,0.0331,1,0,0,0,0.0631,0
ACC09884,1019,28,3829.72,10,18,47427.49,62447.64,2,12,5,2,0.017,0,1,1,0,0.302,0
ACC09885,1276,39,1019.75,17,22,15098.75,28157.53,4,12,3,0,0.0664,0,0,0,1,0.2283,0
ACC09886,277,24,3144.01,8,16,21526.15,58722.76,2,6,2,0,0.0359,0,0,3,0,0.0578,0
ACC09887,591,105,2447.19,44,61,91739.62,136812.04,25,30,4,2,0.0501,0,0,0,1,0.3762,0
ACC09888,42,418,15453.28,262,156,4689101.11,2433994.58,230,153,14,140,0.3163,28,7,3,2,0.8203,1
ACC09889,498,656,10087.59,480,176,4460313.61,2009617.7,390,158,11,277,0.1582,28,7,12,8,0.8916,1
ACC09890,310,145,29514.95,113,32,3114498.36,922190.83,87,32,9,49,0.6541,22,5,6,3,0.8876,1
ACC09891,125,324,25442.53,198,126,4499249.26,3068611.21,163,103,16,110,0.445,28,5,6,5,0.7339,1
ACC09892,427,58,3319.63,21,37,73903.54,98735.47,21,14,3,1,0.063,3,0,0,1,0.2672,0
ACC09893,286,90,1077.25,32,58,36722.81,76166.62,20,28,5,1,0.0997,1,1,1,0,0.0753,0
ACC09894,4020,33,2909.5,19,14,48421.01,49522.54,7,10,6,2,0.0198,0,2,3,0,0.2256,0
ACC09895,88,208,28353.69,116,92,3359861.55,2316011.5,116,83,12,66,0.2848,21,6,1,4,0.9122,1
ACC09896,240,560,12042.7,411,149,6012087.05,2158028.96,348,149,12,174,0.4264,23,7,9,2,0.6138,1
ACC09897,97,88,15115.61,45,43,846060.58,776449.92,43,13,21,36,0.585,24,7,3,1,0.8002,1
ACC09898,1341,23,4250.81,14,9,54421.16,29932.7,6,7,2,1,0.0549,1,1,1,2,0.3515,0
ACC09899,96,44,11219.9,34,10,378493.91,118199.89,34,5,16,16,0.3666,32,8,4,3,0.733,1
ACC09900,1234,83,1716.24,45,38,61352.23,71321.07,19,21,3,3,0.0346,0,0,1,2,0.4397,0
ACC09901,93,167,6845.25,121,46,1015544.07,268337.31,73,40,15,69,0.4188,29,3,7,2,0.7723,1
ACC09902,321,250,18407.74,133,117,2892511.68,1915934.91,124,117,11,102,0.6704,19,6,3,5,0.9298,1
ACC09903,2572,45,1848.22,22,23,41581.14,39400.39,17,10,2,3,0.024,4,0,1,0,0.2389,0
ACC09904,587,29,3308.74,11,18,34066.88,43299.3,4,5,0,1,0.1097,0,2,2,0,0.2413,0
ACC09905,1485,58,2397.71,31,27,88799.43,64108.19,11,12,1,3,0.0217,0,0,1,0,0.3272,0
ACC09906,32,262,12507.2,179,83,2727446.09,1272699.4,162,64,16,107,0.2264,23,5,6,2,0.8432,1
ACC09907,68,449,17453.46,295,154,5607288.48,2391850.6,280,148,10,202,0.5621,27,2,7,5,0.8883,1
ACC09908,1761,55,701.28,27,28,23841.6,17037.01,11,12,1,1,0.0464,1,0,2,1,0.4317,0
ACC09909,1101,72,1065.12,40,32,47875.29,43124.03,15,19,8,1,0.0878,3,0,0,1,0.1897,0
ACC09910,68,202,11948.78,130,72,1322800.01,973838.96,90,71,11,69,0.5902,23,5,4,3,0.9699,1
ACC09911,318,45,2623.57,28,17,62437.5,55710.31,5,17,1,0,0.0378,3,0,1,0,0.1023,0
ACC09912,26,358,6495.88,211,147,1652031.35,914852.57,171,142,18,130,0.4237,13,6,3,6,0.7941,1
ACC09913,58,282,6138.43,224,58,1306515.81,306716.19,165,53,12,116,0.3486,30,6,4,4,0.7049,1
ACC09914,129,180,10954.39,125,55,1308884.13,660486.29,117,55,16,64,0.73,25,7,5,1,0.6826,1
ACC09915,265,260,5753.1,152,108,976108.7,660693.06,131,76,7,100,0.2881,36,5,5,4,0.9519,1
ACC09916,740,72,5576.76,40,32,179265.66,162170.25,27,12,1,1,0.0404,3,1,4,1,0.1364,0
ACC09917,41,192,6826.31,148,44,1220531.12,314669.52,119,37,13,78,0.5471,31,9,5,3,0.692,1
ACC09918,738,40,5159.13,25,15,136795.04,99289.14,17,2,2,2,0.0134,3,2,0,1,0.1699,0
ACC09919,2558,54,992.84,18,36,15816.49,33383.9,7,21,0,1,0.047,0,1,1,4,0.3108,0
ACC09920,937,27,879.39,16,11,12971.49,10725.02,7,2,1,3,0.031,1,0,0,0,0.2022,0
ACC09921,331,24,2057.61,15,9,29450.25,21158.8,9,2,0,5,0.0278,1,0,2,0,0.2348,0
ACC09922,1772,57,2915.56,31,26,117950.26,91503.05,21,25,1,2,0.149,2,2,2,0,0.179,0
ACC09923,81,692,7081.22,425,267,3116781.71,1895413.87,365,241,5,259,0.3967,34,7,8,5,0.6235,1
ACC09924,939,156,4601.58,88,68,377991.42,256954.71,44,39,1,1,0.0021,0,1,1,0,0.2331,0
ACC09925,1960,29,2770.22,17,12,40403.5,30251.59,2,8,2,0,0.0463,1,2,2,3,0.3085,0
ACC09926,766,38,3971.86,17,21,58864.22,82378.61,4,15,0,2,0.0226,3,0,1,0,0.2278,0
ACC09927,985,47,3116.06,29,18,71366.01,56799.88,9,18,2,2,0.0286,3,0,1,1,0.1792,0
ACC09928,575,30,3425.32,18,12,78102.21,29007.34,2,11,2,1,0.0456,0,1,0,0,0.2238,0
ACC09929,1535,17,2199.53,7,10,14035.31,15567.44,2,2,1,2,0.055,2,5,1,1,0.1966,0
ACC09930,113,138,23889.97,99,39,2333939.97,861252.04,88,36,10,54,0.1403,29,2,12,4,0.8053,1
ACC09931,170,162,5904.93,81,81,578701.91,413764.49,68,66,16,44,0.5302,26,9,8,3,0.9745,1
ACC09932,157,114,6558.25,73,41,422634.45,242571.64,73,41,17,41,0.1941,28,6,6,2,0.906,1
ACC09933,130,219,11784.66,149,70,1832276.45,929168.77,142,62,22,66,0.5711,27,7,3,4,0.7307,1
ACC09934,51,183,9530.46,96,87,820434.63,924166.85,80,67,18,61,0.5602,27,6,5,9,0.766,1
ACC09935,99,131,25696.22,78,53,1907038.91,1597374.81,78,46,18,62,0.271,26,6,6,7,0.9101,1
ACC09936,289,77,742.4,45,32,25367.18,29562.79,15,18,3,1,0.05,1,0,0,1,0.1997,0
ACC09937,694,83,2282.65,51,32,128904.43,68768.54,18,20,1,3,0.0119,1,0,2,2,0.5241,0
ACC09938,884,48,1501.47,29,19,46759.33,31339.89,6,10,2,4,0.0389,1,0,2,0,0.2205,0
ACC09939,91,159,10767.76,115,44,1268298.08,424032.53,95,19,22,57,0.3366,27,8,5,3,0.8209,1
ACC09940,680,115,1728.4,69,46,109729.13,98829.48,28,11,0,1,0.0795,3,0,1,0,0.3001,0
ACC09941,762,30,2146.47,16,14,26357.89,37127.19,4,4,4,3,0.0202,0,0,1,0,0.1215,0
ACC09942,154,440,26546.06,289,151,9336269.11,4472439.08,236,133,19,165,0.232,34,4,4,1,0.7801,1
ACC09943,1495,49,2626.68,24,25,73848.03,82041.78,7,17,1,0,0.0336,1,2,0,0,0.4203,0
ACC09944,50,182,13108.68,123,59,1548829.84,951252.08,102,59,10,64,0.2609,18,8,2,3,0.6918,1
ACC09945,977,65,4613.93,30,35,109104.5,179789.06,17,17,1,1,0.0236,2,0,2,3,0.2184,0
ACC09946,1369,53,2197.14,19,34,46400.71,73302.78,7,18,1,4,0.1059,5,0,1,1,0.2383,0
ACC09947,1265,64,1605.04,36,28,69197.07,51966.19,18,22,4,4,0.0816,0,0,3,3,0.3067,0
ACC09948,149,670,14853.65,505,165,8217755.45,2322204.72,423,154,22,259,0.5678,24,5,8,4,0.9231,1
ACC09949,282,204,9494.39,125,79,1117377.92,663018.81,111,79,10,69,0.579,25,1,2,3,0.9356,1
ACC09950,46,268,14921.65,157,111,2286665.3,1940339.28,112,101,7,102,0.3389,19,7,2,5,0.9423,1
ACC09951,1320,35,2619.34,21,14,72959.11,28035.5,9,6,2,1,0.0228,2,2,1,1,0.3303,0
ACC09952,826,33,2598.06,18,15,50023.76,40796.78,3,13,3,5,0.0076,3,1,2,1,0.4475,0
ACC09953,3894,45,3445.08,16,29,42794.45,90637.09,3,16,0,1,0.0586,0,2,1,1,0.0994,0
ACC09954,3179,104,535.28,64,40,37438.14,24203.16,32,35,4,1,0.0439,0,0,0,2,0.453,0
ACC09955,621,36,2234.09,16,20,41537.75,35246.67,10,15,1,4,0.0269,3,0,1,2,0.2287,0
ACC09956,883,63,7648.86,30,33,258726.57,214898.32,15,16,1,4,0.0244,2,0,2,0,0.2659,0
ACC09957,1271,39,1470.53,18,21,33700.89,23537.46,2,20,3,2,0.0127,0,1,2,1,0.3522,0
ACC09958,227,57,1639.62,24,33,45279.67,46480.86,6,16,1,0,0.0247,5,1,1,2,0.0927,0
ACC09959,742,36,1354.31,19,17,29247.92,24396.51,4,13,3,1,0.0356,0,0,4,1,0.3637,0
ACC09960,349,51,3161.38,24,27,86252.13,76551.39,8,14,0,1,0.1097,4,0,1,2,0.0971,0
ACC09961,32,273,8272.62,138,135,1392856.19,991384.8,135,118,14,113,0.5896,26,6,4,5,0.8999,1
ACC09962,449,59,2901.87,33,26,112906.92,91241.66,24,13,2,3,0.0659,2,0,1,2,0.3682,0
ACC09963,902,27,3402.14,15,12,53224.03,30275.69,8,10,0,4,0.0595,0,0,2,0,0.2976,0
ACC09964,1108,53,2632.39,29,24,70365.39,47690.58,6,6,2,6,0.0185,4,0,1,0,0.2884,0
ACC09965,525,46,890.95,23,23,18328.59,26030.32,19,16,2,4,0.0651,1,0,2,1,0.3073,0
ACC09966,362,14,1458.63,6,8,7110.45,9416.73,2,8,1,0,0.0499,0,1,0,0,0.0814,0
ACC09967,77,231,13210.67,146,85,2408905.72,1067152.17,125,82,17,95,0.4,25,9,3,4,0.807,1
ACC09968,1221,22,701.46,13,9,12198.11,6033.37,5,5,3,1,0.0439,2,1,0,1,0.1251,0
ACC09969,1195,75,10494.09,42,33,578110.38,336336.91,16,21,0,1,0.0349,2,1,0,0,0.1552,0
ACC09970,901,44,5868.56,18,26,107668.16,194111.6,11,20,4,5,0.0515,0,0,2,0,0.06,0
ACC09971,1387,179,2038.59,84,95,132257.58,224580.16,45,52,3,2,0.0586,1,0,1,1,0.1812,0
ACC09972,1058,31,4434.69,13,18,65683.86,72361.19,7,6,3,1,0.0258,4,1,0,0,0.1736,0
ACC09973,189,280,13400.93,201,79,2825349.99,1003769.27,173,64,13,113,0.377,24,3,1,3,0.6612,1
ACC09974,3274,48,1494.26,17,31,32539.79,53733.08,2,15,1,1,0.0174,2,1,0,0,0.3824,0
ACC09975,2021,46,5741.87,22,24,105394.98,136814.85,14,13,2,2,0.0335,0,2,1,4,0.2033,0
ACC09976,936,87,3927.59,35,52,136971.52,221157.02,7,24,2,2,0.015,0,0,0,2,0.1375,0
ACC09977,472,100,3668.88,39,61,107667.31,250939.08,17,31,3,3,0.0417,2,0,0,0,0.317,0
ACC09978,730,42,2862.5,16,26,52849.0,64321.54,5,14,2,0,0.1298,1,0,1,0,0.1569,0
ACC09979,1762,26,3548.84,16,10,54299.56,26839.4,16,2,1,2,0.095,2,1,2,0,0.3294,0
ACC09980,182,351,7062.1,280,71,2331489.16,587291.85,224,49,16,144,0.4447,24,9,3,1,0.648,1
ACC09981,684,33,691.3,17,16,9994.45,9853.68,14,4,1,3,0.0113,3,2,4,2,0.1762,0
ACC09982,858,30,6647.03,14,16,75774.29,112232.31,8,8,1,1,0.0327,0,0,0,2,0.224,0
ACC09983,1936,14,3722.86,8,6,29047.12,21944.2,3,2,2,2,0.0401,0,2,0,0,0.3081,0
ACC09984,59,249,12798.08,133,116,1822529.43,1687385.21,104,96,14,91,0.43,23,7,8,3,0.8075,1
ACC09985,564,32,868.18,12,20,8824.39,15729.08,2,6,1,1,0.0809,2,0,2,1,0.2365,0
ACC09986,424,53,4270.75,32,21,181282.03,64898.95,17,9,2,3,0.1078,1,0,1,1,0.4194,0
ACC09987,2945,57,2815.2,31,26,93269.12,66565.16,5,25,1,0,0.0475,1,0,2,1,0.329,0
ACC09988,635,30,3200.36,13,17,37015.51,54512.66,2,8,1,3,0.0457,0,0,0,0,0.0697,0
ACC09989,1322,25,4502.9,11,14,45868.56,49498.38,2,2,4,2,0.0979,1,1,1,1,0.2038,0
ACC09990,1543,55,3944.1,26,29,128671.15,80407.56,11,11,1,3,0.0645,2,0,0,2,0.285,0
ACC09991,1305,125,3474.3,46,79,121418.86,206971.52,23,47,0,1,0.0508,3,0,3,2,0.3704,0
ACC09992,63,190,14882.81,118,72,1902232.09,1191110.81,91,56,14,93,0.2053,22,6,3,5,0.9324,1
ACC09993,1051,41,1976.61,16,25,28211.93,45031.99,9,5,0,0,0.0645,1,0,1,3,0.2548,0
ACC09994,495,16,3148.57,8,8,27586.37,21281.79,4,8,2,1,0.0035,0,0,2,0,0.2519,0
ACC09995,822,29,1753.2,14,15,32756.5,21004.53,6,15,0,1,0.0402,1,0,0,1,0.346,0
ACC09996,534,59,2850.53,33,26,100987.53,65820.79,20,26,2,3,0.0224,0,0,0,1,0.3229,0
ACC09997,631,20,2746.36,11,9,24595.23,22705.06,5,2,1,1,0.0392,0,0,0,0,0.2682,0
ACC09998,542,42,1677.89,15,27,21243.32,46995.84,14,10,1,4,0.0405,1,0,0,1,0.407,0
ACC09999,642,55,5036.04,24,31,107195.17,181615.4,12,9,2,3,0.0767,1,1,1,0,0.4847,0
ACC10000,115,439,15173.66,314,125,5303590.38,2159280.79,276,112,16,173,0.3558,36,8,6,7,0.8839,1
